trade_id,entry_time,exit_time,direction,entry_price,sl,tp,exit_price,exit_reason,pnl_points,pnl_usd,pnl_r,balance,session,ob_zone_high,ob_zone_low,ob_confirmed_at,cum_pnl,peak,dd
1,2026-02-10 20:22:00+00:00,2026-02-10 22:39:00+00:00,long,25222.33,25144.33,25495.33,25144.33,sl,-80.0,-512.82,-1.026,99487.18,full_day,25222.33,25169.33,2026-02-10 17:10:00+00:00,-512.82,-512.82,0.0
2,2026-02-10 22:50:00+00:00,2026-02-11 02:56:00+00:00,short,25164.73,25209.73,25007.23,25209.73,sl,-47.0,-519.54,-1.044,98967.64,full_day,25184.73,25164.73,2026-02-10 22:40:00+00:00,-1032.3600000000001,-512.82,-519.5400000000001
3,2026-02-11 04:28:00+00:00,2026-02-11 07:47:00+00:00,long,25231.13,25198.45,25345.510000000002,25198.45,sl,-34.68,-525.12,-1.061,98442.51,full_day,25231.13,25223.45,2026-02-11 04:25:00+00:00,-1557.48,-512.82,-1044.6599999999999
4,2026-02-11 05:23:00+00:00,2026-02-11 08:23:00+00:00,long,25222.05,25192.28,25326.245000000003,25192.28,sl,-31.77,-528.08,-1.067,97914.43,full_day,25222.05,25217.28,2026-02-11 03:45:00+00:00,-2085.56,-512.82,-1572.7399999999998
5,2026-02-11 11:06:00+00:00,2026-02-11 15:30:00+00:00,short,25187.95,25225.55,25056.350000000006,25225.55,sl,-39.6,-515.61,-1.053,97398.82,full_day,25200.55,25187.95,2026-02-11 10:10:00+00:00,-2601.17,-512.82,-2088.35
6,2026-02-11 16:37:00+00:00,2026-02-11 16:57:00+00:00,long,25277.55,25221.35,25474.25,25221.35,sl,-58.2,-504.32,-1.036,96894.49,full_day,25277.55,25246.35,2026-02-11 16:00:00+00:00,-3105.4900000000002,-512.82,-2592.67
7,2026-02-11 17:14:00+00:00,2026-02-11 17:20:00+00:00,long,25077.35,25039.25,25210.699999999993,25039.25,sl,-40.1,-509.9,-1.052,96384.59,full_day,25077.35,25064.25,2026-02-11 12:30:00+00:00,-3615.3900000000003,-512.82,-3102.57
8,2026-02-11 20:55:00+00:00,2026-02-11 21:25:00+00:00,short,25218.73,25265.63,25054.579999999994,25265.63,sl,-48.9,-502.47,-1.043,95882.11,full_day,25240.63,25218.73,2026-02-11 20:15:00+00:00,-4117.860000000001,-512.82,-3605.0400000000004
9,2026-02-11 21:46:00+00:00,2026-02-12 01:30:00+00:00,long,25206.38,25149.53,25405.35500000001,25149.53,sl,-58.85,-496.28,-1.035,95385.84,full_day,25206.38,25174.53,2026-02-11 21:30:00+00:00,-4614.14,-512.82,-4101.320000000001
11,2026-02-12 14:29:00+00:00,2026-02-12 15:15:00+00:00,long,25284.75,25241.95,25434.549999999996,25241.95,sl,-44.8,-499.22,-1.047,94886.62,full_day,25284.75,25266.95,2026-02-12 14:25:00+00:00,-5113.360000000001,-512.82,-4600.540000000001
10,2026-02-12 11:00:00+00:00,2026-02-12 15:38:00+00:00,short,25268.85,25305.75,25139.699999999993,25305.75,sl,-38.9,-502.78,-1.054,94383.84,full_day,25280.75,25268.85,2026-02-12 10:40:00+00:00,-5616.14,-512.82,-5103.320000000001
12,2026-02-12 20:46:00+00:00,2026-02-13 08:36:00+00:00,short,24816.33,24884.13,24579.030000000006,24579.030000000006,tp,235.3,1637.8,3.471,96021.64,full_day,24859.13,24816.33,2026-02-12 20:00:00+00:00,-3978.34,-512.82,-3465.52
14,2026-02-13 08:58:00+00:00,2026-02-13 09:17:00+00:00,short,24644.95,24680.75,24519.65,24680.75,sl,-37.8,-506.93,-1.056,95514.71,full_day,24655.75,24644.95,2026-02-13 08:40:00+00:00,-4485.27,-512.82,-3972.4500000000003
15,2026-02-13 10:03:00+00:00,2026-02-13 10:17:00+00:00,long,24667.15,24620.45,24830.600000000006,24620.45,sl,-48.7,-498.03,-1.043,95016.68,full_day,24667.15,24645.45,2026-02-13 10:00:00+00:00,-4983.3,-512.82,-4470.4800000000005
16,2026-02-13 10:46:00+00:00,2026-02-13 11:24:00+00:00,short,24683.05,24721.65,24547.94999999999,24721.65,sl,-40.6,-499.7,-1.052,94516.98,full_day,24696.65,24683.05,2026-02-13 07:25:00+00:00,-5483.0,-512.82,-4970.18
13,2026-02-12 21:16:00+00:00,2026-02-13 13:30:00+00:00,short,24803.88,24874.23,24557.655000000006,24557.655000000006,tp,244.22,1638.3,3.472,96155.29,full_day,24849.23,24803.88,2026-02-12 21:15:00+00:00,-3844.7,-512.82,-3331.8799999999997
17,2026-02-13 13:16:00+00:00,2026-02-13 16:41:00+00:00,long,24602.65,24543.95,24808.100000000006,24543.95,sl,-60.7,-488.69,-1.034,95666.6,full_day,24602.65,24568.95,2026-02-13 09:00:00+00:00,-4333.389999999999,-512.82,-3820.5699999999993
18,2026-02-13 20:53:00+00:00,2026-02-13 21:58:00+00:00,long,24863.63,24810.73,25048.780000000006,24810.73,sl,-54.9,-496.42,-1.038,95170.18,full_day,24863.63,24835.73,2026-02-13 20:25:00+00:00,-4829.8099999999995,-512.82,-4316.99
19,2026-02-13 22:25:00+00:00,2026-02-13 22:36:00+00:00,long,24739.53,24663.73,25004.829999999994,24663.73,sl,-77.8,-488.41,-1.026,94681.78,full_day,24739.53,24688.73,2026-02-13 18:45:00+00:00,-5318.219999999999,-512.82,-4805.4
20,2026-02-16 01:53:00+00:00,2026-02-16 03:49:00+00:00,short,24730.56,24781.66,24551.710000000006,24781.66,sl,-53.1,-491.94,-1.039,94189.84,full_day,24756.66,24730.56,2026-02-16 01:40:00+00:00,-5810.159999999999,-512.82,-5297.339999999999
21,2026-02-16 06:59:00+00:00,2026-02-16 09:35:00+00:00,short,24756.53,24795.53,24620.03,24795.53,sl,-41.0,-495.1,-1.051,93694.74,full_day,24770.53,24756.53,2026-02-16 06:50:00+00:00,-6305.259999999999,-512.82,-5792.44
23,2026-02-16 10:04:00+00:00,2026-02-16 16:08:00+00:00,long,24789.15,24754.85,24909.20000000001,24754.85,sl,-36.3,-495.79,-1.058,93198.95,full_day,24789.15,24779.85,2026-02-16 09:40:00+00:00,-6801.049999999999,-512.82,-6288.23
22,2026-02-16 08:10:00+00:00,2026-02-16 16:17:00+00:00,long,24741.23,24701.15,24881.509999999995,24701.15,sl,-42.08,-494.45,-1.05,92704.5,full_day,24741.23,24726.15,2026-02-16 08:05:00+00:00,-7295.499999999999,-512.82,-6782.679999999999
24,2026-02-16 17:23:00+00:00,2026-02-16 17:34:00+00:00,long,24663.63,24617.13,24826.38,24617.13,sl,-48.5,-483.46,-1.043,92221.04,full_day,24663.63,24642.13,2026-02-16 17:05:00+00:00,-7778.959999999999,-512.82,-7266.139999999999
25,2026-02-17 01:11:00+00:00,2026-02-17 01:48:00+00:00,short,24700.88,24747.93,24536.205,24747.93,sl,-49.05,-480.71,-1.043,91740.33,full_day,24722.93,24700.88,2026-02-16 17:25:00+00:00,-8259.669999999998,-512.82,-7746.8499999999985
27,2026-02-17 06:58:00+00:00,2026-02-17 07:20:00+00:00,long,24555.45,24499.75,24750.4,24499.75,sl,-57.7,-475.17,-1.036,91265.16,full_day,24555.45,24524.75,2026-02-17 06:55:00+00:00,-8734.839999999998,-512.82,-8222.019999999999
26,2026-02-17 06:35:00+00:00,2026-02-17 07:35:00+00:00,long,24537.05,24494.75,24685.1,24494.75,sl,-44.3,-480.39,-1.047,90784.77,full_day,24537.05,24519.75,2026-02-17 06:10:00+00:00,-9215.229999999998,-512.82,-8702.409999999998
28,2026-02-17 08:16:00+00:00,2026-02-17 09:54:00+00:00,short,24546.85,24580.65,24428.54999999999,24580.65,sl,-35.8,-480.78,-1.059,90303.99,full_day,24555.65,24546.85,2026-02-17 07:20:00+00:00,-9696.009999999998,-512.82,-9183.189999999999
30,2026-02-17 09:57:00+00:00,2026-02-17 10:01:00+00:00,short,24587.85,24630.55,24438.399999999994,24630.55,sl,-44.7,-472.67,-1.047,89831.32,full_day,24605.55,24587.85,2026-02-17 05:15:00+00:00,-10168.679999999998,-512.82,-9655.859999999999
31,2026-02-17 10:56:00+00:00,2026-02-17 12:51:00+00:00,long,24560.55,24529.55,24669.05,24529.55,sl,-33.0,-478.13,-1.065,89353.19,full_day,24560.55,24554.55,2026-02-17 10:05:00+00:00,-10646.809999999998,-512.82,-10133.989999999998
29,2026-02-17 08:26:00+00:00,2026-02-17 15:05:00+00:00,long,24541.25,24486.65,24732.349999999995,24486.65,sl,-56.6,-470.55,-1.037,88882.63,full_day,24541.25,24511.65,2026-02-17 08:15:00+00:00,-11117.359999999997,-512.82,-10604.539999999997
32,2026-02-17 15:58:00+00:00,2026-02-17 16:31:00+00:00,short,24552.55,24621.75,24310.35,24621.75,sl,-71.2,-457.26,-1.029,88425.38,full_day,24596.75,24552.55,2026-02-17 14:30:00+00:00,-11574.619999999997,-512.82,-11061.799999999997
34,2026-02-17 19:30:00+00:00,2026-02-17 20:33:00+00:00,short,24660.23,24718.33,24456.87999999999,24718.33,sl,-60.1,-457.35,-1.034,87968.03,full_day,24693.33,24660.23,2026-02-17 19:15:00+00:00,-12031.969999999998,-512.82,-11519.149999999998
33,2026-02-17 18:16:00+00:00,2026-02-17 20:40:00+00:00,short,24689.63,24771.13,24404.38,24771.13,sl,-83.5,-452.98,-1.025,87515.05,full_day,24746.13,24689.63,2026-02-17 17:00:00+00:00,-12484.949999999997,-512.82,-11972.129999999997
35,2026-02-18 02:12:00+00:00,2026-02-18 05:51:00+00:00,short,24670.66,24717.26,24507.560000000005,24717.26,sl,-48.6,-456.36,-1.043,87058.7,full_day,24692.26,24670.66,2026-02-18 01:40:00+00:00,-12941.309999999998,-512.82,-12428.489999999998
36,2026-02-18 06:12:00+00:00,2026-02-18 06:42:00+00:00,short,24740.28,24770.53,24634.405,24770.53,sl,-32.25,-464.07,-1.066,86594.62,full_day,24745.53,24740.28,2026-02-17 22:35:00+00:00,-13405.379999999997,-512.82,-12892.559999999998
37,2026-02-18 09:25:00+00:00,2026-02-18 11:12:00+00:00,long,24737.55,24704.65,24852.69999999999,24852.69999999999,tp,113.15,1489.09,3.439,88083.71,full_day,24737.55,24729.65,2026-02-18 06:40:00+00:00,-11916.289999999997,-512.82,-11403.469999999998
38,2026-02-18 11:57:00+00:00,2026-02-18 14:31:00+00:00,long,24847.85,24814.35,24965.1,24814.35,sl,-35.5,-466.71,-1.06,87617.0,full_day,24847.85,24839.35,2026-02-18 11:40:00+00:00,-12382.999999999996,-512.82,-11870.179999999997
39,2026-02-18 12:05:00+00:00,2026-02-18 16:01:00+00:00,short,24865.15,24899.55,24744.750000000007,24744.750000000007,tp,118.4,1515.86,3.442,89132.86,full_day,24874.55,24865.15,2026-02-18 12:00:00+00:00,-10867.139999999996,-512.82,-10354.319999999996
40,2026-02-18 16:59:00+00:00,2026-02-18 17:03:00+00:00,short,24869.15,24917.25,24700.800000000007,24917.25,sl,-50.1,-464.2,-1.042,88668.66,full_day,24892.25,24869.15,2026-02-18 14:35:00+00:00,-11331.339999999997,-512.82,-10818.519999999997
42,2026-02-18 20:34:00+00:00,2026-02-18 20:52:00+00:00,long,24991.63,24930.63,25205.13,24930.63,sl,-63.0,-457.88,-1.033,88210.78,full_day,24991.63,24955.63,2026-02-18 17:55:00+00:00,-11789.219999999996,-512.82,-11276.399999999996
41,2026-02-18 19:06:00+00:00,2026-02-18 20:53:00+00:00,short,25038.38,25072.23,24919.905000000006,24919.905000000006,tp,116.47,1525.51,3.441,89736.29,full_day,25047.23,25038.38,2026-02-18 19:00:00+00:00,-10263.709999999995,-512.82,-9750.889999999996
44,2026-02-19 03:02:00+00:00,2026-02-19 07:48:00+00:00,short,24906.66,24934.66,24808.66,24934.66,sl,-30.0,-480.73,-1.071,89255.56,full_day,24909.66,24906.66,2026-02-19 02:15:00+00:00,-10744.439999999995,-512.82,-10231.619999999995
43,2026-02-18 23:41:00+00:00,2026-02-19 11:36:00+00:00,long,24877.76,24837.86,25017.40999999999,24837.86,sl,-41.9,-471.17,-1.05,88784.39,full_day,24877.76,24862.86,2026-02-18 23:40:00+00:00,-11215.609999999995,-512.82,-10702.789999999995
45,2026-02-19 16:54:00+00:00,2026-02-19 17:03:00+00:00,short,24816.05,24852.85,24687.25,24852.85,sl,-38.8,-468.05,-1.054,88316.34,full_day,24827.85,24816.05,2026-02-19 15:05:00+00:00,-11683.659999999994,-512.82,-11170.839999999995
46,2026-02-19 19:38:00+00:00,2026-02-19 19:48:00+00:00,long,24776.13,24722.03,24965.48000000001,24722.03,sl,-56.1,-457.91,-1.037,87858.43,full_day,24776.13,24747.03,2026-02-19 19:25:00+00:00,-12141.569999999994,-512.82,-11628.749999999995
47,2026-02-20 01:53:00+00:00,2026-02-20 03:12:00+00:00,short,24804.23,24862.08,24601.75499999999,24862.08,sl,-59.85,-454.48,-1.035,87403.95,full_day,24837.08,24804.23,2026-02-19 19:45:00+00:00,-12596.049999999994,-512.82,-12083.229999999994
48,2026-02-20 03:57:00+00:00,2026-02-20 08:14:00+00:00,short,24854.55,24890.55,24728.55,24890.55,sl,-38.0,-461.3,-1.056,86942.66,full_day,24865.55,24854.55,2026-02-20 03:45:00+00:00,-13057.349999999993,-512.82,-12544.529999999993
49,2026-02-20 08:07:00+00:00,2026-02-20 10:09:00+00:00,long,24881.05,24846.95,25000.399999999994,24846.95,sl,-36.1,-462.65,-1.059,86480.0,full_day,24881.05,24871.95,2026-02-20 08:00:00+00:00,-13519.999999999993,-512.82,-13007.179999999993
50,2026-02-20 09:07:00+00:00,2026-02-20 11:17:00+00:00,short,24886.03,24917.53,24775.78,24917.53,sl,-33.5,-462.31,-1.063,86017.69,full_day,24892.53,24886.03,2026-02-20 08:35:00+00:00,-13982.309999999992,-512.82,-13469.489999999993
51,2026-02-20 11:53:00+00:00,2026-02-20 12:57:00+00:00,long,24878.55,24847.75,24986.35,24847.75,sl,-32.8,-458.02,-1.065,85559.67,full_day,24878.55,24872.75,2026-02-20 11:20:00+00:00,-14440.329999999993,-512.82,-13927.509999999993
52,2026-02-20 12:03:00+00:00,2026-02-20 13:02:00+00:00,long,24868.05,24814.95,25053.899999999994,24814.95,sl,-55.1,-446.29,-1.038,85113.39,full_day,24868.05,24839.95,2026-02-20 10:55:00+00:00,-14886.619999999994,-512.82,-14373.799999999994
53,2026-02-20 16:39:00+00:00,2026-02-20 16:42:00+00:00,short,24769.85,24827.74,24567.234999999986,24827.74,sl,-59.89,-440.27,-1.035,84673.12,full_day,24802.74,24769.85,2026-02-20 15:50:00+00:00,-15326.889999999994,-512.82,-14814.069999999994
54,2026-02-20 18:49:00+00:00,2026-02-20 19:15:00+00:00,short,25057.83,25103.03,24899.630000000012,24899.630000000012,tp,156.2,1463.05,3.456,86136.16,full_day,25078.03,25057.83,2026-02-20 18:25:00+00:00,-13863.839999999995,-512.82,-13351.019999999995
55,2026-02-20 19:12:00+00:00,2026-02-20 19:15:00+00:00,long,24948.53,24890.33,25152.22999999999,24890.33,sl,-60.2,-437.91,-1.034,85698.25,full_day,24948.53,24915.33,2026-02-20 18:50:00+00:00,-14301.749999999995,-512.82,-13788.929999999995
56,2026-02-20 20:48:00+00:00,2026-02-23 02:26:00+00:00,short,25032.53,25091.08,24827.60499999999,24827.60499999999,tp,202.93,1485.08,3.466,87183.33,full_day,25066.08,25032.53,2026-02-20 19:10:00+00:00,-12816.669999999995,-512.82,-12303.849999999995
57,2026-02-20 22:17:00+00:00,2026-02-23 02:45:00+00:00,short,24992.13,25041.58,24819.055,24819.055,tp,171.08,1482.39,3.46,88665.72,full_day,25016.58,24992.13,2026-02-20 21:55:00+00:00,-11334.279999999995,-512.82,-10821.459999999995
59,2026-02-23 07:30:00+00:00,2026-02-23 08:35:00+00:00,short,24768.05,24801.15,24652.19999999999,24801.15,sl,-35.1,-470.12,-1.06,88195.6,full_day,24776.15,24768.05,2026-02-23 07:20:00+00:00,-11804.399999999996,-512.82,-11291.579999999996
60,2026-02-23 08:56:00+00:00,2026-02-23 09:10:00+00:00,short,24805.15,24840.55,24681.250000000007,24840.55,sl,-37.4,-465.89,-1.056,87729.71,full_day,24815.55,24805.15,2026-02-23 04:05:00+00:00,-12270.289999999995,-512.82,-11757.469999999996
61,2026-02-23 10:13:00+00:00,2026-02-23 11:00:00+00:00,short,24849.75,24879.05,24747.200000000004,24879.05,sl,-31.3,-468.59,-1.068,87261.12,full_day,24854.05,24849.75,2026-02-23 10:10:00+00:00,-12738.879999999996,-512.82,-12226.059999999996
58,2026-02-23 04:37:00+00:00,2026-02-23 16:30:00+00:00,long,24782.65,24732.45,24958.350000000006,24958.350000000006,tp,173.7,1533.99,3.46,88795.11,full_day,24782.65,24757.45,2026-02-23 04:35:00+00:00,-11204.889999999996,-512.82,-10692.069999999996
62,2026-02-23 12:11:00+00:00,2026-02-23 16:30:00+00:00,short,24936.45,24970.55,24817.100000000006,24970.55,sl,-36.1,-461.9,-1.059,88333.21,full_day,24945.55,24936.45,2026-02-23 12:05:00+00:00,-11666.789999999995,-512.82,-11153.969999999996
63,2026-02-23 17:10:00+00:00,2026-02-23 17:42:00+00:00,long,24800.45,24771.45,24901.95,24771.45,sl,-31.0,-472.13,-1.069,87861.09,full_day,24800.45,24796.45,2026-02-23 09:05:00+00:00,-12138.919999999995,-512.82,-11626.099999999995
65,2026-02-23 21:42:00+00:00,2026-02-24 01:06:00+00:00,long,24644.33,24611.18,24760.355000000007,24760.355000000007,tp,114.03,1511.06,3.44,89372.15,full_day,24644.33,24636.18,2026-02-23 20:10:00+00:00,-10627.859999999995,-512.82,-10115.039999999995
64,2026-02-23 20:50:00+00:00,2026-02-24 04:18:00+00:00,short,24728.18,24787.43,24520.805,24787.43,sl,-61.25,-454.13,-1.034,88918.02,full_day,24762.43,24728.18,2026-02-23 20:45:00+00:00,-11081.989999999994,-512.82,-10569.169999999995
67,2026-02-24 06:07:00+00:00,2026-02-24 07:34:00+00:00,long,24823.83,24795.53,24922.880000000012,24795.53,sl,-30.3,-476.01,-1.071,88442.01,full_day,24823.83,24820.53,2026-02-24 06:05:00+00:00,-11557.999999999995,-512.82,-11045.179999999995
66,2026-02-24 05:17:00+00:00,2026-02-24 07:49:00+00:00,long,24821.95,24783.45,24956.7,24783.45,sl,-40.5,-467.69,-1.052,87974.32,full_day,24821.95,24808.45,2026-02-24 05:05:00+00:00,-12025.689999999995,-512.82,-11512.869999999995
68,2026-02-24 09:01:00+00:00,2026-02-24 10:01:00+00:00,long,24793.65,24749.95,24946.600000000006,24749.95,sl,-45.7,-460.0,-1.046,87514.32,full_day,24793.65,24774.95,2026-02-24 08:45:00+00:00,-12485.689999999995,-512.82,-11972.869999999995
69,2026-02-24 09:50:00+00:00,2026-02-24 10:01:00+00:00,long,24790.65,24755.05,24915.250000000007,24755.05,sl,-37.6,-464.58,-1.056,87049.74,full_day,24790.65,24780.05,2026-02-24 09:15:00+00:00,-12950.269999999995,-512.82,-12437.449999999995
70,2026-02-24 10:02:00+00:00,2026-02-24 10:18:00+00:00,long,24752.75,24723.45,24855.299999999996,24723.45,sl,-31.3,-464.96,-1.068,86584.78,full_day,24752.75,24748.45,2026-02-24 03:35:00+00:00,-13415.229999999994,-512.82,-12902.409999999994
71,2026-02-24 11:17:00+00:00,2026-02-24 14:03:00+00:00,short,24784.55,24818.05,24667.3,24818.05,sl,-35.5,-458.77,-1.06,86126.01,full_day,24793.05,24784.55,2026-02-24 10:15:00+00:00,-13873.999999999995,-512.82,-13361.179999999995
72,2026-02-24 12:45:00+00:00,2026-02-24 14:03:00+00:00,short,24789.65,24820.25,24682.550000000007,24820.25,sl,-32.6,-461.22,-1.065,85664.79,full_day,24795.25,24789.65,2026-02-24 12:40:00+00:00,-14335.219999999994,-512.82,-13822.399999999994
73,2026-02-24 14:37:00+00:00,2026-02-24 16:31:00+00:00,long,24772.55,24728.75,24925.85,24728.75,sl,-45.8,-447.88,-1.046,85216.91,full_day,24772.55,24753.75,2026-02-24 11:55:00+00:00,-14783.099999999993,-512.82,-14270.279999999993
74,2026-02-24 15:44:00+00:00,2026-02-24 16:46:00+00:00,short,24817.75,24872.05,24627.700000000004,24872.05,sl,-56.3,-444.1,-1.037,84772.81,full_day,24847.05,24817.75,2026-02-24 14:30:00+00:00,-15227.199999999993,-512.82,-14714.379999999994
76,2026-02-24 21:54:00+00:00,2026-02-24 22:50:00+00:00,short,24974.23,25006.98,24859.605,25006.98,sl,-34.75,-449.75,-1.061,84323.06,full_day,24981.98,24974.23,2026-02-24 21:25:00+00:00,-15676.949999999993,-512.82,-15164.129999999994
75,2026-02-24 20:38:00+00:00,2026-02-25 03:17:00+00:00,short,24990.73,25047.53,24791.93,25047.53,sl,-58.8,-438.79,-1.035,83884.27,full_day,25022.53,24990.73,2026-02-24 20:25:00+00:00,-16115.739999999994,-512.82,-15602.919999999995
77,2026-02-25 01:06:00+00:00,2026-02-25 03:47:00+00:00,long,24947.73,24915.98,25058.855,25058.855,tp,109.12,1449.1,3.437,85333.36,full_day,24947.73,24940.98,2026-02-24 21:45:00+00:00,-14666.639999999994,-512.82,-14153.819999999994
79,2026-02-25 07:10:00+00:00,2026-02-25 13:34:00+00:00,short,25011.45,25047.25,24886.15,25047.25,sl,-37.8,-450.5,-1.056,84882.86,full_day,25022.25,25011.45,2026-02-25 06:15:00+00:00,-15117.139999999994,-512.82,-14604.319999999994
78,2026-02-25 05:34:00+00:00,2026-02-25 16:30:00+00:00,long,24989.15,24947.15,25136.15,25136.15,tp,145.0,1473.02,3.452,86355.88,full_day,24989.15,24972.15,2026-02-25 02:50:00+00:00,-13644.119999999994,-512.82,-13131.299999999994
80,2026-02-25 17:33:00+00:00,2026-02-25 21:18:00+00:00,short,25283.43,25324.43,25139.93,25324.43,sl,-43.0,-452.84,-1.049,85903.04,full_day,25299.43,25283.43,2026-02-25 17:20:00+00:00,-14096.959999999994,-512.82,-13584.139999999994
81,2026-02-26 01:07:00+00:00,2026-02-26 01:34:00+00:00,long,25340.16,25305.26,25462.310000000005,25305.26,sl,-36.9,-454.13,-1.057,85448.91,full_day,25340.16,25330.26,2026-02-25 23:40:00+00:00,-14551.089999999993,-512.82,-14038.269999999993
83,2026-02-26 07:21:00+00:00,2026-02-26 08:14:00+00:00,short,25251.68,25282.18,25144.93,25282.18,sl,-32.5,-455.26,-1.066,84993.65,full_day,25257.18,25251.68,2026-02-26 07:15:00+00:00,-15006.349999999993,-512.82,-14493.529999999993
84,2026-02-26 09:26:00+00:00,2026-02-26 16:30:00+00:00,long,25286.45,25248.85,25418.05000000001,25248.85,sl,-39.6,-447.57,-1.053,84546.07,full_day,25286.45,25273.85,2026-02-26 09:15:00+00:00,-15453.919999999993,-512.82,-14941.099999999993
82,2026-02-26 04:14:00+00:00,2026-02-26 16:36:00+00:00,long,25244.15,25199.75,25399.550000000007,25199.75,sl,-46.4,-446.49,-1.045,84099.58,full_day,25244.15,25224.75,2026-02-26 03:50:00+00:00,-15900.409999999993,-512.82,-15387.589999999993
85,2026-02-26 19:26:00+00:00,2026-02-26 20:45:00+00:00,short,24916.58,24976.08,24708.33,24976.08,sl,-61.5,-434.63,-1.034,83664.95,full_day,24951.08,24916.58,2026-02-26 19:25:00+00:00,-16335.039999999992,-512.82,-15822.219999999992
87,2026-02-27 02:12:00+00:00,2026-02-27 07:14:00+00:00,short,24966.76,25004.26,24835.51,25004.26,sl,-39.5,-440.64,-1.053,83224.32,full_day,24979.26,24966.76,2026-02-27 01:50:00+00:00,-16775.679999999993,-512.82,-16262.859999999993
88,2026-02-27 08:14:00+00:00,2026-02-27 12:12:00+00:00,long,24976.25,24936.15,25116.599999999995,24936.15,sl,-42.1,-436.88,-1.05,82787.44,full_day,24976.25,24961.15,2026-02-27 06:00:00+00:00,-17212.559999999994,-512.82,-16699.739999999994
86,2026-02-27 01:12:00+00:00,2026-02-27 13:42:00+00:00,long,24953.38,24906.53,25117.35500000001,24906.53,sl,-48.85,-436.18,-1.043,82351.26,full_day,24953.38,24931.53,2026-02-26 21:15:00+00:00,-17648.739999999994,-512.82,-17135.919999999995
89,2026-02-27 13:01:00+00:00,2026-02-27 13:42:00+00:00,long,24963.65,24899.55,25188.000000000007,24899.55,sl,-66.1,-426.85,-1.031,81924.4,full_day,24963.65,24924.55,2026-02-27 12:35:00+00:00,-18075.589999999993,-512.82,-17562.769999999993
90,2026-02-27 14:39:00+00:00,2026-02-27 15:18:00+00:00,long,24913.05,24854.55,25117.8,24854.55,sl,-60.5,-423.63,-1.034,81500.78,full_day,24913.05,24879.55,2026-02-27 14:25:00+00:00,-18499.219999999994,-512.82,-17986.399999999994
91,2026-02-27 16:49:00+00:00,2026-02-27 17:06:00+00:00,short,24878.55,24920.35,24732.25,24920.35,sl,-43.8,-427.0,-1.048,81073.78,full_day,24895.35,24878.55,2026-02-27 15:25:00+00:00,-18926.219999999994,-512.82,-18413.399999999994
93,2026-02-27 21:30:00+00:00,2026-02-27 22:15:00+00:00,short,24859.28,24929.83,24612.35499999999,24929.83,sl,-72.55,-416.86,-1.028,80656.92,full_day,24904.83,24859.28,2026-02-27 21:25:00+00:00,-19343.079999999994,-512.82,-18830.259999999995
92,2026-02-27 21:05:00+00:00,2026-02-27 22:17:00+00:00,short,24894.03,24936.78,24744.405,24936.78,sl,-44.75,-424.33,-1.047,80232.58,full_day,24911.78,24894.03,2026-02-27 20:20:00+00:00,-19767.409999999996,-512.82,-19254.589999999997
94,2026-02-27 23:28:00+00:00,2026-03-02 01:05:00+00:00,long,24918.28,24855.33,25138.60499999999,24855.33,sl,-64.95,-413.91,-1.032,79818.67,full_day,24918.28,24880.33,2026-02-27 23:00:00+00:00,-20181.319999999996,-512.82,-19668.499999999996
95,2026-03-02 01:31:00+00:00,2026-03-02 03:07:00+00:00,short,24707.56,24783.06,24443.31,24783.06,sl,-77.5,-409.67,-1.026,79409.01,full_day,24758.06,24707.56,2026-03-02 01:30:00+00:00,-20590.989999999994,-512.82,-20078.169999999995
96,2026-03-02 07:26:00+00:00,2026-03-02 07:57:00+00:00,long,24692.15,24649.75,24840.550000000007,24649.75,sl,-44.4,-415.77,-1.047,78993.24,full_day,24692.15,24674.75,2026-03-02 02:55:00+00:00,-21006.759999999995,-512.82,-20493.939999999995
97,2026-03-02 10:42:00+00:00,2026-03-02 11:07:00+00:00,short,24528.55,24565.75,24398.35,24565.75,sl,-39.2,-416.2,-1.054,78577.03,full_day,24540.75,24528.55,2026-03-02 10:05:00+00:00,-21422.959999999995,-512.82,-20910.139999999996
98,2026-03-02 12:03:00+00:00,2026-03-02 13:45:00+00:00,short,24629.65,24664.55,24507.500000000007,24664.55,sl,-36.9,-415.4,-1.057,78161.63,full_day,24639.55,24629.65,2026-03-02 08:55:00+00:00,-21838.359999999997,-512.82,-21325.539999999997
99,2026-03-02 15:18:00+00:00,2026-03-02 15:58:00+00:00,long,24615.35,24557.75,24816.949999999993,24557.75,sl,-59.6,-404.38,-1.035,77757.26,full_day,24615.35,24582.75,2026-03-02 15:15:00+00:00,-22242.739999999998,-512.82,-21729.92
100,2026-03-02 15:33:00+00:00,2026-03-02 16:31:00+00:00,short,24642.15,24714.65,24388.4,24714.65,sl,-74.5,-401.59,-1.028,77355.67,full_day,24689.65,24642.15,2026-03-02 14:10:00+00:00,-22644.329999999998,-512.82,-22131.51
102,2026-03-02 20:11:00+00:00,2026-03-02 20:38:00+00:00,long,25005.28,24964.53,25147.905,24964.53,sl,-42.75,-405.76,-1.049,76949.91,full_day,25005.28,24989.53,2026-03-02 19:55:00+00:00,-23050.089999999997,-512.82,-22537.269999999997
103,2026-03-02 23:46:00+00:00,2026-03-03 01:20:00+00:00,long,24958.16,24920.46,25090.11,24920.46,sl,-39.7,-405.16,-1.053,76544.75,full_day,24958.16,24945.46,2026-03-02 23:40:00+00:00,-23455.249999999996,-512.82,-22942.429999999997
104,2026-03-03 03:02:00+00:00,2026-03-03 04:17:00+00:00,long,24884.13,24788.23,25219.780000000006,24788.23,sl,-97.9,-390.71,-1.021,76154.04,full_day,24884.13,24813.23,2026-03-02 18:50:00+00:00,-23845.959999999995,-512.82,-23333.139999999996
101,2026-03-02 17:23:00+00:00,2026-03-03 07:37:00+00:00,long,24852.13,24747.03,25219.98000000001,24747.03,sl,-107.1,-394.14,-1.019,75759.9,full_day,24852.13,24772.03,2026-03-02 17:15:00+00:00,-24240.099999999995,-512.82,-23727.279999999995
105,2026-03-03 05:28:00+00:00,2026-03-03 07:37:00+00:00,long,24785.65,24746.55,24922.500000000007,24746.55,sl,-41.1,-400.25,-1.051,75359.65,full_day,24785.65,24771.55,2026-03-03 04:45:00+00:00,-24640.349999999995,-512.82,-24127.529999999995
106,2026-03-03 13:47:00+00:00,2026-03-03 14:11:00+00:00,short,24464.85,24529.05,24240.149999999994,24529.05,sl,-66.2,-388.54,-1.031,74971.12,full_day,24504.05,24464.85,2026-03-03 12:00:00+00:00,-25028.889999999996,-512.82,-24516.069999999996
108,2026-03-03 16:31:00+00:00,2026-03-03 16:37:00+00:00,short,24560.35,24599.55,24423.149999999994,24599.55,sl,-41.2,-393.98,-1.051,74577.14,full_day,24574.55,24560.35,2026-03-03 10:55:00+00:00,-25422.869999999995,-512.82,-24910.049999999996
107,2026-03-03 15:31:00+00:00,2026-03-03 17:18:00+00:00,long,24470.05,24409.25,24682.85,24409.25,sl,-62.8,-387.19,-1.033,74189.95,full_day,24470.05,24434.25,2026-03-03 14:20:00+00:00,-25810.059999999994,-512.82,-25297.239999999994
110,2026-03-04 01:52:00+00:00,2026-03-04 02:09:00+00:00,long,24693.46,24641.86,24874.059999999994,24641.86,sl,-53.6,-385.33,-1.039,73804.62,full_day,24693.46,24666.86,2026-03-04 01:50:00+00:00,-26195.389999999996,-512.82,-25682.569999999996
109,2026-03-03 19:35:00+00:00,2026-03-04 05:33:00+00:00,long,24582.13,24501.53,24864.23000000001,24501.53,sl,-82.6,-380.15,-1.025,73424.47,full_day,24582.13,24526.53,2026-03-03 18:55:00+00:00,-26575.539999999997,-512.82,-26062.719999999998
112,2026-03-04 07:01:00+00:00,2026-03-04 09:51:00+00:00,short,24569.45,24633.45,24345.45,24633.45,sl,-66.0,-378.59,-1.031,73045.87,full_day,24608.45,24569.45,2026-03-04 06:30:00+00:00,-26954.129999999997,-512.82,-26441.309999999998
111,2026-03-04 02:48:00+00:00,2026-03-04 12:09:00+00:00,short,24703.25,24783.65,24421.849999999995,24783.65,sl,-82.4,-378.2,-1.025,72667.67,full_day,24758.65,24703.25,2026-03-04 02:40:00+00:00,-27332.329999999998,-512.82,-26819.51
113,2026-03-04 15:07:00+00:00,2026-03-04 15:10:00+00:00,short,24824.15,24881.05,24625.000000000007,24881.05,sl,-58.9,-376.11,-1.035,72291.56,full_day,24856.05,24824.15,2026-03-04 13:40:00+00:00,-27708.44,-512.82,-27195.62
114,2026-03-04 15:56:00+00:00,2026-03-04 16:30:00+00:00,long,24848.25,24802.95,25006.799999999996,24802.95,sl,-47.3,-377.42,-1.044,71914.15,full_day,24848.25,24827.95,2026-03-04 15:45:00+00:00,-28085.859999999997,-512.82,-27573.039999999997
115,2026-03-04 16:21:00+00:00,2026-03-04 16:30:00+00:00,short,24868.75,24907.15,24734.349999999995,24907.15,sl,-40.4,-380.28,-1.052,71533.86,full_day,24882.15,24868.75,2026-03-04 16:10:00+00:00,-28466.139999999996,-512.82,-27953.319999999996
116,2026-03-04 18:11:00+00:00,2026-03-04 18:43:00+00:00,short,25056.13,25129.23,24800.280000000006,25129.23,sl,-75.1,-367.46,-1.027,71166.41,full_day,25104.23,25056.13,2026-03-04 17:50:00+00:00,-28833.599999999995,-512.82,-28320.779999999995
117,2026-03-04 19:27:00+00:00,2026-03-04 20:32:00+00:00,short,25111.13,25157.63,24948.38,25157.63,sl,-48.5,-371.14,-1.043,70795.27,full_day,25132.63,25111.13,2026-03-04 19:25:00+00:00,-29204.739999999994,-512.82,-28691.919999999995
119,2026-03-04 22:14:00+00:00,2026-03-04 22:50:00+00:00,long,25116.68,25080.18,25244.43,25080.18,sl,-38.5,-373.37,-1.055,70421.9,full_day,25116.68,25105.18,2026-03-04 20:45:00+00:00,-29578.109999999993,-512.82,-29065.289999999994
120,2026-03-05 01:47:00+00:00,2026-03-05 02:15:00+00:00,short,25153.13,25184.13,25044.63,25184.13,sl,-33.0,-374.83,-1.065,70047.07,full_day,25159.13,25153.13,2026-03-04 22:25:00+00:00,-29952.939999999995,-512.82,-29440.119999999995
118,2026-03-04 21:40:00+00:00,2026-03-05 02:17:00+00:00,short,25168.63,25205.93,25038.08,25205.93,sl,-39.3,-372.96,-1.054,69674.11,full_day,25180.93,25168.63,2026-03-04 21:35:00+00:00,-30325.899999999994,-512.82,-29813.079999999994
121,2026-03-05 04:46:00+00:00,2026-03-05 05:29:00+00:00,long,25062.55,25001.65,25275.69999999999,25001.65,sl,-62.9,-359.81,-1.033,69314.3,full_day,25062.55,25026.65,2026-03-05 04:15:00+00:00,-30685.709999999995,-512.82,-30172.889999999996
123,2026-03-05 07:55:00+00:00,2026-03-05 08:06:00+00:00,long,25012.65,24971.65,25156.15,24971.65,sl,-43.0,-363.48,-1.049,68950.83,full_day,25012.65,24996.65,2026-03-05 06:25:00+00:00,-31049.189999999995,-512.82,-30536.369999999995
122,2026-03-05 06:29:00+00:00,2026-03-05 11:05:00+00:00,short,25051.15,25089.95,24915.350000000006,25089.95,sl,-40.8,-364.44,-1.052,68586.39,full_day,25064.95,25051.15,2026-03-05 05:30:00+00:00,-31413.629999999994,-512.82,-30900.809999999994
124,2026-03-05 10:06:00+00:00,2026-03-05 11:10:00+00:00,long,24975.25,24926.65,25145.349999999995,25145.349999999995,tp,168.1,1192.45,3.459,69778.84,full_day,24975.25,24951.65,2026-03-05 08:55:00+00:00,-30221.179999999993,-512.82,-29708.359999999993
125,2026-03-05 12:45:00+00:00,2026-03-05 14:50:00+00:00,long,25079.05,25028.65,25255.44999999999,25028.65,sl,-52.4,-362.74,-1.04,69416.1,full_day,25079.05,25053.65,2026-03-05 12:25:00+00:00,-30583.919999999995,-512.82,-30071.099999999995
126,2026-03-05 13:09:00+00:00,2026-03-05 15:36:00+00:00,short,25092.05,25127.55,24967.8,24967.8,tp,122.25,1201.47,3.444,70617.58,full_day,25102.55,25092.05,2026-03-05 12:50:00+00:00,-29382.449999999993,-512.82,-28869.629999999994
127,2026-03-05 15:35:00+00:00,2026-03-05 16:17:00+00:00,long,24992.45,24935.95,25190.2,24935.95,sl,-58.5,-359.37,-1.035,70258.21,full_day,24992.45,24960.95,2026-03-05 10:50:00+00:00,-29741.819999999992,-512.82,-29228.999999999993
128,2026-03-05 16:49:00+00:00,2026-03-05 16:58:00+00:00,short,25080.45,25146.05,24850.850000000006,25146.05,sl,-67.6,-362.0,-1.03,69896.21,full_day,25121.05,25080.45,2026-03-05 14:45:00+00:00,-30103.819999999992,-512.82,-29590.999999999993
129,2026-03-05 19:11:00+00:00,2026-03-05 19:19:00+00:00,long,24985.53,24931.73,25173.829999999994,24931.73,sl,-55.8,-362.47,-1.037,69533.74,full_day,24985.53,24956.73,2026-03-05 19:05:00+00:00,-30466.289999999994,-512.82,-29953.469999999994
130,2026-03-05 20:08:00+00:00,2026-03-05 22:21:00+00:00,short,24834.73,24913.03,24560.68,24913.03,sl,-80.3,-356.55,-1.026,69177.19,full_day,24888.03,24834.73,2026-03-05 20:00:00+00:00,-30822.839999999993,-512.82,-30310.019999999993
131,2026-03-05 21:26:00+00:00,2026-03-06 02:07:00+00:00,long,24791.93,24716.73,25055.130000000005,25055.130000000005,tp,261.2,1207.59,3.473,70384.78,full_day,24791.93,24741.73,2026-03-05 21:15:00+00:00,-29615.249999999993,-512.82,-29102.429999999993
133,2026-03-06 10:04:00+00:00,2026-03-06 10:25:00+00:00,long,25070.85,25034.65,25197.54999999999,25034.65,sl,-38.2,-371.37,-1.055,70013.41,full_day,25070.85,25059.65,2026-03-06 09:35:00+00:00,-29986.61999999999,-512.82,-29473.799999999992
132,2026-03-06 03:26:00+00:00,2026-03-06 11:09:00+00:00,long,25026.26,24994.06,25138.95999999999,24994.06,sl,-34.2,-373.78,-1.062,69639.63,full_day,25026.26,25019.06,2026-03-06 02:10:00+00:00,-30360.39999999999,-512.82,-29847.57999999999
134,2026-03-06 10:57:00+00:00,2026-03-06 11:10:00+00:00,long,25050.95,24979.85,25299.80000000001,24979.85,sl,-73.1,-359.91,-1.028,69279.72,full_day,25050.95,25004.85,2026-03-06 10:50:00+00:00,-30720.30999999999,-512.82,-30207.48999999999
135,2026-03-06 13:04:00+00:00,2026-03-06 13:55:00+00:00,long,24895.85,24825.85,25140.85,24825.85,sl,-72.0,-356.3,-1.029,68923.42,full_day,24895.85,24850.85,2026-03-06 12:10:00+00:00,-31076.60999999999,-512.82,-30563.78999999999
136,2026-03-06 15:13:00+00:00,2026-03-06 15:47:00+00:00,short,24823.65,24869.95,24661.600000000006,24661.600000000006,tp,160.05,1191.27,3.457,70114.69,full_day,24844.95,24823.65,2026-03-06 14:35:00+00:00,-29885.33999999999,-512.82,-29372.51999999999
137,2026-03-06 16:38:00+00:00,2026-03-06 17:31:00+00:00,long,24615.55,24556.05,24823.8,24823.8,tp,206.25,1215.22,3.466,71329.92,full_day,24615.55,24581.05,2026-03-06 16:30:00+00:00,-28670.119999999988,-512.82,-28157.29999999999
138,2026-03-06 17:32:00+00:00,2026-03-06 18:48:00+00:00,short,24819.05,24870.18,24640.094999999994,24870.18,sl,-53.13,-370.6,-1.039,70959.32,full_day,24845.18,24819.05,2026-03-06 15:50:00+00:00,-29040.719999999987,-512.82,-28527.899999999987
139,2026-03-06 17:54:00+00:00,2026-03-06 22:11:00+00:00,long,24758.63,24703.93,24950.08,24703.93,sl,-56.7,-369.69,-1.037,70589.63,full_day,24758.63,24728.93,2026-03-06 17:40:00+00:00,-29410.409999999985,-512.82,-28897.589999999986
141,2026-03-09 05:37:00+00:00,2026-03-09 07:07:00+00:00,short,24046.85,24108.65,23830.54999999999,24108.65,sl,-63.8,-364.37,-1.032,70225.26,full_day,24083.65,24046.85,2026-03-09 04:55:00+00:00,-29774.779999999984,-512.82,-29261.959999999985
140,2026-03-09 04:34:00+00:00,2026-03-09 08:06:00+00:00,short,24082.15,24121.55,23944.250000000007,24121.55,sl,-41.4,-370.86,-1.051,69854.39,full_day,24096.55,24082.15,2026-03-09 04:20:00+00:00,-30145.639999999985,-512.82,-29632.819999999985
142,2026-03-09 12:56:00+00:00,2026-03-09 16:31:00+00:00,short,24385.55,24495.85,23999.5,24495.85,sl,-112.3,-355.61,-1.018,69498.79,full_day,24470.85,24385.55,2026-03-09 12:55:00+00:00,-30501.249999999985,-512.82,-29988.429999999986
143,2026-03-09 17:05:00+00:00,2026-03-09 17:45:00+00:00,short,24409.05,24526.23,23998.92,24526.23,sl,-119.18,-353.42,-1.017,69145.36,full_day,24501.23,24409.05,2026-03-09 16:55:00+00:00,-30854.669999999984,-512.82,-30341.849999999984
144,2026-03-09 19:21:00+00:00,2026-03-09 20:25:00+00:00,long,24625.33,24587.58,24757.455,24587.58,sl,-39.75,-364.04,-1.053,68781.32,full_day,24625.33,24612.58,2026-03-09 19:20:00+00:00,-31218.709999999985,-512.82,-30705.889999999985
145,2026-03-09 20:44:00+00:00,2026-03-09 22:19:00+00:00,long,24553.63,24516.13,24684.88,24684.88,tp,129.25,1185.33,3.447,69966.65,full_day,24553.63,24541.13,2026-03-09 18:30:00+00:00,-30033.379999999983,-512.82,-29520.559999999983
146,2026-03-10 03:25:00+00:00,2026-03-10 03:39:00+00:00,short,24876.75,24916.95,24736.049999999996,24916.95,sl,-42.2,-367.24,-1.05,69599.41,full_day,24891.95,24876.75,2026-03-10 02:50:00+00:00,-30400.619999999984,-512.82,-29887.799999999985
147,2026-03-10 04:06:00+00:00,2026-03-10 04:57:00+00:00,short,24915.55,24963.25,24748.6,24963.25,sl,-49.7,-362.59,-1.042,69236.83,full_day,24938.25,24915.55,2026-03-10 04:05:00+00:00,-30763.209999999985,-512.82,-30250.389999999985
148,2026-03-10 05:33:00+00:00,2026-03-10 05:52:00+00:00,long,24923.85,24886.05,25056.149999999994,24886.05,sl,-39.8,-364.5,-1.053,68872.32,full_day,24923.85,24911.05,2026-03-10 05:00:00+00:00,-31127.709999999985,-512.82,-30614.889999999985
149,2026-03-10 08:02:00+00:00,2026-03-10 10:04:00+00:00,short,24909.75,24958.55,24738.950000000004,24958.55,sl,-50.8,-358.47,-1.041,68513.85,full_day,24933.55,24909.75,2026-03-10 06:45:00+00:00,-31486.179999999986,-512.82,-30973.359999999986
150,2026-03-10 12:11:00+00:00,2026-03-10 15:01:00+00:00,short,25095.35,25143.85,24925.6,24925.6,tp,167.75,1184.87,3.459,69698.72,full_day,25118.85,25095.35,2026-03-10 12:00:00+00:00,-30301.309999999987,-512.82,-29788.489999999987
151,2026-03-10 14:05:00+00:00,2026-03-10 15:05:00+00:00,short,25067.75,25114.35,24904.650000000005,24904.650000000005,tp,161.1,1184.29,3.457,70883.01,full_day,25089.35,25067.75,2026-03-10 13:15:00+00:00,-29117.019999999986,-512.82,-28604.199999999986
152,2026-03-10 16:35:00+00:00,2026-03-10 16:47:00+00:00,short,24994.85,25026.55,24883.899999999994,25026.55,sl,-33.7,-376.78,-1.063,70506.23,full_day,25001.55,24994.85,2026-03-10 14:50:00+00:00,-29493.799999999985,-512.82,-28980.979999999985
153,2026-03-10 17:01:00+00:00,2026-03-10 17:16:00+00:00,long,24909.05,24865.95,25059.899999999994,24865.95,sl,-45.1,-368.89,-1.046,70137.34,full_day,24909.05,24890.95,2026-03-10 15:50:00+00:00,-29862.689999999984,-512.82,-29349.869999999984
155,2026-03-11 01:11:00+00:00,2026-03-11 12:07:00+00:00,long,24966.53,24900.43,25197.879999999994,24900.43,sl,-68.1,-361.3,-1.03,69776.04,full_day,24966.53,24925.43,2026-03-10 23:10:00+00:00,-30223.989999999983,-512.82,-29711.169999999984
156,2026-03-11 14:02:00+00:00,2026-03-11 16:30:00+00:00,short,25000.45,25037.15,24872.0,25037.15,sl,-38.7,-367.89,-1.054,69408.15,full_day,25012.15,25000.45,2026-03-11 10:35:00+00:00,-30591.879999999983,-512.82,-30079.059999999983
157,2026-03-11 17:35:00+00:00,2026-03-11 18:29:00+00:00,long,24945.05,24909.15,25070.69999999999,24909.15,sl,-37.9,-366.37,-1.056,69041.77,full_day,24945.05,24934.15,2026-03-11 16:35:00+00:00,-30958.24999999998,-512.82,-30445.429999999982
158,2026-03-11 18:34:00+00:00,2026-03-11 18:48:00+00:00,long,24933.35,24869.95,25155.249999999993,24869.95,sl,-65.4,-356.1,-1.032,68685.68,full_day,24933.35,24894.95,2026-03-11 16:05:00+00:00,-31314.34999999998,-512.82,-30801.52999999998
159,2026-03-11 20:19:00+00:00,2026-03-11 20:37:00+00:00,long,24953.18,24915.38,25085.479999999996,24915.38,sl,-39.8,-361.6,-1.053,68324.08,full_day,24953.18,24940.38,2026-03-11 20:10:00+00:00,-31675.94999999998,-512.82,-31163.12999999998
154,2026-03-10 22:49:00+00:00,2026-03-12 01:26:00+00:00,long,24938.73,24843.03,25273.68,24843.03,sl,-97.7,-358.02,-1.021,67966.06,full_day,24938.73,24868.03,2026-03-10 17:30:00+00:00,-32033.96999999998,-512.82,-31521.14999999998
161,2026-03-12 05:04:00+00:00,2026-03-12 05:33:00+00:00,long,24768.85,24721.35,24935.1,24721.35,sl,-49.5,-354.14,-1.042,67611.92,full_day,24768.85,24746.35,2026-03-12 04:30:00+00:00,-32388.10999999998,-512.82,-31875.28999999998
160,2026-03-11 21:29:00+00:00,2026-03-12 05:36:00+00:00,short,24920.03,24983.13,24699.179999999993,24699.179999999993,tp,218.85,1184.84,3.468,68796.77,full_day,24958.13,24920.03,2026-03-11 21:15:00+00:00,-31203.26999999998,-512.82,-30690.44999999998
163,2026-03-12 07:45:00+00:00,2026-03-12 10:54:00+00:00,long,24687.85,24648.35,24826.1,24826.1,tp,136.25,1186.53,3.449,69983.29,full_day,24687.85,24673.35,2026-03-12 07:00:00+00:00,-30016.73999999998,-512.82,-29503.91999999998
162,2026-03-12 06:14:00+00:00,2026-03-12 10:55:00+00:00,long,24707.75,24669.25,24842.5,24842.5,tp,132.75,1186.07,3.448,71169.37,full_day,24707.75,24694.25,2026-03-12 06:10:00+00:00,-28830.66999999998,-512.82,-28317.84999999998
165,2026-03-12 12:38:00+00:00,2026-03-12 12:44:00+00:00,short,24848.25,24880.85,24734.150000000005,24880.85,sl,-34.6,-377.68,-1.061,70791.69,full_day,24855.85,24848.25,2026-03-12 12:20:00+00:00,-29208.34999999998,-512.82,-28695.52999999998
164,2026-03-12 12:21:00+00:00,2026-03-12 16:15:00+00:00,long,24795.05,24762.55,24908.8,24762.55,sl,-34.5,-377.75,-1.062,70413.94,full_day,24795.05,24787.55,2026-03-12 10:30:00+00:00,-29586.09999999998,-512.82,-29073.27999999998
166,2026-03-12 16:23:00+00:00,2026-03-12 16:46:00+00:00,long,24732.95,24698.05,24855.100000000006,24698.05,sl,-36.9,-372.25,-1.057,70041.7,full_day,24732.95,24723.05,2026-03-12 09:35:00+00:00,-29958.34999999998,-512.82,-29445.52999999998
167,2026-03-12 18:30:00+00:00,2026-03-12 18:39:00+00:00,short,24591.13,24635.53,24435.73000000001,24635.53,sl,-46.4,-365.98,-1.045,69675.71,full_day,24610.53,24591.13,2026-03-12 18:15:00+00:00,-30324.32999999998,-512.82,-29811.50999999998
169,2026-03-12 21:22:00+00:00,2026-03-12 21:49:00+00:00,long,24604.83,24574.38,24711.405000000006,24574.38,sl,-32.45,-371.26,-1.066,69304.45,full_day,24604.83,24599.38,2026-03-12 21:15:00+00:00,-30695.58999999998,-512.82,-30182.76999999998
170,2026-03-13 01:06:00+00:00,2026-03-13 03:00:00+00:00,long,24528.26,24500.96,24623.809999999998,24500.96,sl,-29.3,-371.91,-1.073,68932.55,full_day,24528.26,24525.96,2026-03-13 01:05:00+00:00,-31067.499999999978,-512.82,-30554.67999999998
168,2026-03-12 19:23:00+00:00,2026-03-13 09:56:00+00:00,short,24681.83,24745.33,24459.58,24459.58,tp,220.25,1208.35,3.469,70140.9,full_day,24720.33,24681.83,2026-03-12 17:35:00+00:00,-29859.14999999998,-512.82,-29346.32999999998
171,2026-03-13 03:56:00+00:00,2026-03-13 10:02:00+00:00,short,24601.35,24646.15,24444.54999999999,24444.54999999999,tp,154.8,1190.93,3.455,71331.83,full_day,24621.15,24601.35,2026-03-13 03:55:00+00:00,-28668.21999999998,-512.82,-28155.39999999998
172,2026-03-13 10:56:00+00:00,2026-03-13 11:10:00+00:00,long,24413.95,24380.65,24530.5,24380.65,sl,-35.3,-378.08,-1.06,70953.75,full_day,24413.95,24405.65,2026-03-13 10:35:00+00:00,-29046.29999999998,-512.82,-28533.47999999998
173,2026-03-13 12:03:00+00:00,2026-03-13 13:50:00+00:00,short,24546.35,24602.05,24351.399999999994,24602.05,sl,-57.7,-367.51,-1.036,70586.24,full_day,24577.05,24546.35,2026-03-13 09:30:00+00:00,-29413.80999999998,-512.82,-28900.98999999998
174,2026-03-13 13:51:00+00:00,2026-03-13 14:45:00+00:00,short,24597.55,24635.35,24465.25,24635.35,sl,-39.8,-371.6,-1.053,70214.64,full_day,24610.35,24597.55,2026-03-13 07:15:00+00:00,-29785.409999999978,-512.82,-29272.58999999998
175,2026-03-13 14:08:00+00:00,2026-03-13 14:55:00+00:00,short,24601.75,24644.45,24452.299999999996,24644.45,sl,-44.7,-369.46,-1.047,69845.18,full_day,24619.45,24601.75,2026-03-13 05:55:00+00:00,-30154.869999999977,-512.82,-29642.049999999977
176,2026-03-13 18:03:00+00:00,2026-03-13 18:41:00+00:00,long,24454.25,24421.65,24568.349999999995,24421.65,sl,-34.6,-370.65,-1.061,69474.53,full_day,24454.25,24446.65,2026-03-13 12:05:00+00:00,-30525.51999999998,-512.82,-30012.69999999998
177,2026-03-13 22:22:00+00:00,2026-03-16 01:08:00+00:00,long,24368.03,24326.03,24515.03,24326.03,sl,-44.0,-363.91,-1.048,69110.61,full_day,24368.03,24351.03,2026-03-13 21:45:00+00:00,-30889.42999999998,-512.82,-30376.60999999998
178,2026-03-13 23:06:00+00:00,2026-03-16 01:08:00+00:00,long,24360.93,24317.48,24513.005000000005,24317.48,sl,-45.45,-363.36,-1.046,68747.25,full_day,24360.93,24342.48,2026-03-13 23:00:00+00:00,-31252.78999999998,-512.82,-30739.96999999998
180,2026-03-16 06:20:00+00:00,2026-03-16 06:49:00+00:00,short,24488.15,24517.35,24385.95000000001,24517.35,sl,-31.2,-367.28,-1.068,68379.97,full_day,24492.35,24488.15,2026-03-16 05:40:00+00:00,-31620.069999999978,-512.82,-31107.249999999978
179,2026-03-16 05:03:00+00:00,2026-03-16 07:15:00+00:00,short,24486.65,24529.35,24337.20000000001,24529.35,sl,-44.7,-359.84,-1.047,68020.13,full_day,24504.35,24486.65,2026-03-16 04:40:00+00:00,-31979.909999999978,-512.82,-31467.08999999998
181,2026-03-16 08:40:00+00:00,2026-03-16 10:02:00+00:00,short,24519.65,24560.35,24377.20000000001,24560.35,sl,-42.7,-356.81,-1.049,67663.32,full_day,24535.35,24519.65,2026-03-16 07:40:00+00:00,-32336.71999999998,-512.82,-31823.89999999998
183,2026-03-16 12:02:00+00:00,2026-03-16 13:27:00+00:00,short,24504.25,24561.85,24302.650000000005,24561.85,sl,-59.6,-350.06,-1.035,67313.26,full_day,24536.85,24504.25,2026-03-16 11:45:00+00:00,-32686.77999999998,-512.82,-32173.95999999998
182,2026-03-16 11:50:00+00:00,2026-03-16 14:36:00+00:00,long,24486.75,24453.35,24603.650000000005,24603.650000000005,tp,114.9,1163.85,3.44,68477.11,full_day,24486.75,24478.35,2026-03-16 06:35:00+00:00,-31522.929999999982,-512.82,-31010.109999999982
184,2026-03-16 18:56:00+00:00,2026-03-16 19:22:00+00:00,long,24679.98,24622.18,24882.28,24622.18,sl,-59.8,-354.23,-1.035,68122.87,full_day,24679.98,24647.18,2026-03-16 18:25:00+00:00,-31877.15999999998,-512.82,-31364.339999999982
186,2026-03-16 21:09:00+00:00,2026-03-16 22:09:00+00:00,short,24694.18,24733.73,24555.755000000005,24733.73,sl,-41.55,-357.84,-1.051,67765.03,full_day,24708.73,24694.18,2026-03-16 20:45:00+00:00,-32234.99999999998,-512.82,-31722.179999999982
185,2026-03-16 20:44:00+00:00,2026-03-16 22:10:00+00:00,long,24666.58,24630.63,24792.405000000006,24792.405000000006,tp,123.83,1173.2,3.444,68938.23,full_day,24666.58,24655.63,2026-03-16 20:20:00+00:00,-31061.79999999998,-512.82,-30548.97999999998
187,2026-03-16 22:29:00+00:00,2026-03-17 01:05:00+00:00,long,24660.33,24621.63,24795.780000000006,24621.63,sl,-40.7,-362.5,-1.052,68575.73,full_day,24660.33,24646.63,2026-03-16 21:10:00+00:00,-31424.29999999998,-512.82,-30911.47999999998
188,2026-03-16 23:09:00+00:00,2026-03-17 09:02:00+00:00,short,24661.53,24706.23,24505.079999999994,24505.079999999994,tp,154.45,1191.0,3.455,69766.73,full_day,24681.23,24661.53,2026-03-16 22:50:00+00:00,-30233.29999999998,-512.82,-29720.47999999998
189,2026-03-17 04:06:00+00:00,2026-03-17 15:09:00+00:00,short,24603.05,24647.15,24448.69999999999,24647.15,sl,-46.1,-358.43,-1.045,69408.3,full_day,24622.15,24603.05,2026-03-17 03:55:00+00:00,-30591.72999999998,-512.82,-30078.90999999998
190,2026-03-17 11:30:00+00:00,2026-03-17 15:09:00+00:00,long,24534.95,24503.45,24645.2,24645.2,tp,108.25,1198.77,3.437,70607.07,full_day,24534.95,24528.45,2026-03-17 10:30:00+00:00,-29392.95999999998,-512.82,-28880.13999999998
192,2026-03-17 18:07:00+00:00,2026-03-18 05:17:00+00:00,short,24816.93,24883.73,24583.130000000005,24883.73,sl,-68.8,-363.61,-1.03,70243.46,full_day,24858.73,24816.93,2026-03-17 18:05:00+00:00,-29756.56999999998,-512.82,-29243.74999999998
191,2026-03-17 17:22:00+00:00,2026-03-18 06:55:00+00:00,short,24830.03,24907.03,24560.53,24907.03,sl,-79.0,-362.21,-1.026,69881.26,full_day,24882.03,24830.03,2026-03-17 17:10:00+00:00,-30118.77999999998,-512.82,-29605.95999999998
193,2026-03-18 14:02:00+00:00,2026-03-18 14:26:00+00:00,long,24928.38,24895.73,25042.655000000006,24895.73,sl,-34.65,-370.81,-1.061,69510.45,full_day,24928.38,24920.73,2026-03-18 08:45:00+00:00,-30489.589999999982,-512.82,-29976.769999999982
194,2026-03-18 16:38:00+00:00,2026-03-18 20:11:00+00:00,short,24736.85,24784.35,24570.6,24570.6,tp,164.25,1201.8,3.458,70712.25,full_day,24759.35,24736.85,2026-03-18 16:00:00+00:00,-29287.789999999983,-512.82,-28774.969999999983
196,2026-03-18 20:36:00+00:00,2026-03-18 21:00:00+00:00,short,24625.08,24671.33,24463.205,24671.33,sl,-48.25,-368.85,-1.043,70343.4,full_day,24646.33,24625.08,2026-03-18 20:15:00+00:00,-29656.63999999998,-512.82,-29143.81999999998
195,2026-03-18 19:36:00+00:00,2026-03-18 21:34:00+00:00,long,24603.43,24566.43,24732.93,24566.43,sl,-39.0,-366.34,-1.054,69977.06,full_day,24603.43,24591.43,2026-03-18 18:10:00+00:00,-30022.97999999998,-512.82,-29510.15999999998
197,2026-03-18 21:07:00+00:00,2026-03-18 22:55:00+00:00,short,24646.48,24705.38,24440.329999999994,24440.329999999994,tp,204.15,1219.07,3.466,71196.12,full_day,24680.38,24646.48,2026-03-18 19:35:00+00:00,-28803.90999999998,-512.82,-28291.089999999982
199,2026-03-19 04:48:00+00:00,2026-03-19 05:21:00+00:00,short,24422.98,24477.56,24231.949999999993,24477.56,sl,-56.58,-369.02,-1.037,70827.1,full_day,24452.56,24422.98,2026-03-18 23:25:00+00:00,-29172.929999999982,-512.82,-28660.109999999982
200,2026-03-19 05:36:00+00:00,2026-03-19 10:55:00+00:00,short,24492.73,24538.73,24331.73,24331.73,tp,159.0,1224.08,3.457,72051.18,full_day,24513.73,24492.73,2026-03-18 22:55:00+00:00,-27948.849999999984,-512.82,-27436.029999999984
198,2026-03-19 01:06:00+00:00,2026-03-19 11:33:00+00:00,long,24374.56,24311.56,24595.06,24311.56,sl,-65.0,-367.28,-1.032,71683.89,full_day,24374.56,24336.56,2026-03-19 01:05:00+00:00,-28316.129999999983,-512.82,-27803.309999999983
201,2026-03-19 12:02:00+00:00,2026-03-19 12:50:00+00:00,short,24347.25,24390.25,24196.75,24390.25,sl,-45.0,-375.09,-1.047,71308.8,full_day,24365.25,24347.25,2026-03-19 11:45:00+00:00,-28691.219999999983,-512.82,-28178.399999999983
202,2026-03-19 12:52:00+00:00,2026-03-19 14:26:00+00:00,short,24410.55,24440.55,24305.55,24305.55,tp,103.0,1224.13,3.433,72532.94,full_day,24415.55,24410.55,2026-03-19 08:40:00+00:00,-27467.089999999982,-512.82,-26954.269999999982
204,2026-03-19 16:19:00+00:00,2026-03-19 17:11:00+00:00,short,24247.25,24313.35,24015.900000000005,24313.35,sl,-68.1,-373.64,-1.03,72159.3,full_day,24288.35,24247.25,2026-03-19 16:05:00+00:00,-27840.72999999998,-512.82,-27327.90999999998
203,2026-03-19 15:34:00+00:00,2026-03-19 22:02:00+00:00,short,24264.15,24358.25,23934.800000000007,24358.25,sl,-96.1,-370.37,-1.021,71788.93,full_day,24333.25,24264.15,2026-03-19 15:30:00+00:00,-28211.09999999998,-512.82,-27698.27999999998
206,2026-03-20 04:22:00+00:00,2026-03-20 08:07:00+00:00,long,24380.45,24349.05,24490.350000000006,24349.05,sl,-33.4,-381.81,-1.064,71407.12,full_day,24380.45,24374.05,2026-03-20 04:15:00+00:00,-28592.90999999998,-512.82,-28080.089999999982
207,2026-03-20 08:15:00+00:00,2026-03-20 09:48:00+00:00,long,24360.53,24318.93,24506.129999999994,24318.93,sl,-43.6,-374.2,-1.048,71032.92,full_day,24360.53,24343.93,2026-03-19 23:15:00+00:00,-28967.109999999982,-512.82,-28454.289999999983
208,2026-03-20 10:23:00+00:00,2026-03-20 10:44:00+00:00,short,24339.95,24377.75,24207.65,24377.75,sl,-39.8,-373.96,-1.053,70658.96,full_day,24352.75,24339.95,2026-03-20 09:55:00+00:00,-29341.06999999998,-512.82,-28828.24999999998
209,2026-03-20 10:45:00+00:00,2026-03-20 12:46:00+00:00,short,24374.35,24410.85,24246.6,24246.6,tp,125.75,1217.17,3.445,71876.14,full_day,24385.85,24374.35,2026-03-20 09:25:00+00:00,-28123.89999999998,-512.82,-27611.07999999998
210,2026-03-20 16:01:00+00:00,2026-03-20 16:51:00+00:00,short,24281.95,24322.95,24138.45,24138.45,tp,141.5,1240.3,3.451,73116.44,full_day,24297.95,24281.95,2026-03-20 12:55:00+00:00,-26883.59999999998,-512.82,-26370.77999999998
205,2026-03-19 17:29:00+00:00,2026-03-20 16:58:00+00:00,long,24203.95,24080.13,24637.32,24080.13,sl,-125.82,-366.62,-1.016,72749.81,full_day,24203.95,24105.13,2026-03-19 16:55:00+00:00,-27250.21999999998,-512.82,-26737.39999999998
211,2026-03-20 23:05:00+00:00,2026-03-20 23:45:00+00:00,short,23910.53,23973.83,23688.97999999999,23973.83,sl,-65.3,-375.24,-1.032,72374.57,full_day,23948.83,23910.53,2026-03-20 21:50:00+00:00,-27625.45999999998,-512.82,-27112.63999999998
212,2026-03-23 03:24:00+00:00,2026-03-23 04:01:00+00:00,short,23859.35,23896.65,23728.79999999999,23728.79999999999,tp,128.55,1247.15,3.446,73621.72,full_day,23871.65,23859.35,2026-03-23 02:35:00+00:00,-26378.30999999998,-512.82,-25865.48999999998
214,2026-03-23 07:42:00+00:00,2026-03-23 08:06:00+00:00,short,23782.35,23814.75,23668.949999999993,23814.75,sl,-34.4,-390.83,-1.062,73230.89,full_day,23789.75,23782.35,2026-03-23 06:55:00+00:00,-26769.13999999998,-512.82,-26256.31999999998
215,2026-03-23 08:26:00+00:00,2026-03-23 08:32:00+00:00,long,23774.45,23739.85,23895.55000000001,23739.85,sl,-36.6,-387.32,-1.058,72843.57,full_day,23774.45,23764.85,2026-03-23 08:10:00+00:00,-27156.45999999998,-512.82,-26643.63999999998
216,2026-03-23 08:34:00+00:00,2026-03-23 09:13:00+00:00,long,23742.05,23709.25,23856.85,23709.25,sl,-34.8,-386.43,-1.061,72457.15,full_day,23742.05,23734.25,2026-03-23 07:25:00+00:00,-27542.88999999998,-512.82,-27030.06999999998
213,2026-03-23 07:04:00+00:00,2026-03-23 09:30:00+00:00,long,23741.65,23703.85,23873.95000000001,23703.85,sl,-39.8,-387.59,-1.053,72069.56,full_day,23741.65,23728.85,2026-03-23 04:20:00+00:00,-27930.47999999998,-512.82,-27417.65999999998
218,2026-03-23 11:34:00+00:00,2026-03-23 12:22:00+00:00,short,23719.55,23758.85,23582.0,23758.85,sl,-41.3,-378.69,-1.051,71690.88,full_day,23733.85,23719.55,2026-03-23 09:45:00+00:00,-28309.16999999998,-512.82,-27796.34999999998
217,2026-03-23 10:48:00+00:00,2026-03-23 14:05:00+00:00,long,23666.65,23555.85,24054.45000000001,24054.45000000001,tp,385.8,1254.71,3.482,72945.59,full_day,23666.65,23580.85,2026-03-23 10:45:00+00:00,-27054.45999999998,-512.82,-26541.63999999998
219,2026-03-23 12:24:00+00:00,2026-03-23 14:05:00+00:00,short,23739.35,23792.65,23552.79999999999,23792.65,sl,-55.3,-371.9,-1.038,72573.68,full_day,23767.65,23739.35,2026-03-23 09:20:00+00:00,-27426.359999999982,-512.82,-26913.539999999983
221,2026-03-23 16:31:00+00:00,2026-03-23 17:22:00+00:00,long,24268.85,24216.75,24451.199999999993,24451.199999999993,tp,180.35,1256.11,3.462,73829.79,full_day,24268.85,24241.75,2026-03-23 16:00:00+00:00,-26170.24999999998,-512.82,-25657.429999999982
222,2026-03-23 17:45:00+00:00,2026-03-23 18:43:00+00:00,long,24392.03,24307.73,24687.079999999994,24307.73,sl,-86.3,-377.91,-1.024,73451.89,full_day,24392.03,24332.73,2026-03-23 17:25:00+00:00,-26548.15999999998,-512.82,-26035.339999999982
223,2026-03-23 22:47:00+00:00,2026-03-24 03:15:00+00:00,short,24283.38,24324.33,24140.055,24140.055,tp,141.33,1267.47,3.451,74719.36,full_day,24299.33,24283.38,2026-03-23 22:30:00+00:00,-25280.68999999998,-512.82,-24767.86999999998
224,2026-03-24 06:17:00+00:00,2026-03-24 09:16:00+00:00,short,24044.45,24092.95,23874.7,24092.95,sl,-50.5,-389.0,-1.041,74330.35,full_day,24067.95,24044.45,2026-03-24 06:05:00+00:00,-25669.68999999998,-512.82,-25156.86999999998
225,2026-03-24 09:28:00+00:00,2026-03-24 09:42:00+00:00,short,24109.45,24147.05,23977.850000000006,24147.05,sl,-39.6,-391.42,-1.053,73938.93,full_day,24122.05,24109.45,2026-03-24 04:20:00+00:00,-26061.10999999998,-512.82,-25548.28999999998
226,2026-03-24 10:09:00+00:00,2026-03-24 10:12:00+00:00,short,24219.95,24270.25,24043.9,24270.25,sl,-52.3,-384.39,-1.04,73554.54,full_day,24245.25,24219.95,2026-03-24 03:20:00+00:00,-26445.499999999978,-512.82,-25932.67999999998
227,2026-03-24 10:40:00+00:00,2026-03-24 16:40:00+00:00,short,24233.25,24311.25,23960.25,23960.25,tp,271.0,1277.77,3.474,74832.31,full_day,24286.25,24233.25,2026-03-24 10:35:00+00:00,-25167.729999999978,-512.82,-24654.909999999978
228,2026-03-24 19:07:00+00:00,2026-03-24 20:42:00+00:00,long,24067.73,23947.33,24489.12999999999,23947.33,sl,-122.4,-380.38,-1.017,74451.94,full_day,24067.73,23972.33,2026-03-24 18:20:00+00:00,-25548.10999999998,-512.82,-25035.28999999998
229,2026-03-24 20:45:00+00:00,2026-03-24 21:38:00+00:00,long,23955.23,23914.23,24098.73,24098.73,tp,141.5,1284.75,3.451,75736.69,full_day,23955.23,23939.23,2026-03-24 17:10:00+00:00,-24263.35999999998,-512.82,-23750.53999999998
230,2026-03-24 22:58:00+00:00,2026-03-24 23:22:00+00:00,long,23985.98,23922.23,24209.105,24209.105,tp,221.12,1313.51,3.469,77050.2,full_day,23985.98,23947.23,2026-03-24 21:05:00+00:00,-22949.84999999998,-512.82,-22437.02999999998
231,2026-03-25 02:28:00+00:00,2026-03-25 03:38:00+00:00,short,24230.26,24271.46,24086.059999999998,24271.46,sl,-43.2,-403.95,-1.049,76646.25,full_day,24246.46,24230.26,2026-03-25 01:30:00+00:00,-23353.79999999998,-512.82,-22840.97999999998
232,2026-03-25 07:20:00+00:00,2026-03-25 11:03:00+00:00,short,24203.55,24236.65,24087.69999999999,24236.65,sl,-35.1,-406.39,-1.06,76239.86,full_day,24211.65,24203.55,2026-03-25 05:15:00+00:00,-23760.18999999998,-512.82,-23247.36999999998
233,2026-03-25 14:40:00+00:00,2026-03-25 17:00:00+00:00,short,24293.55,24338.65,24135.69999999999,24135.69999999999,tp,155.85,1317.29,3.456,77557.15,full_day,24313.65,24293.55,2026-03-25 11:55:00+00:00,-22442.89999999998,-512.82,-21930.07999999998
234,2026-03-25 17:01:00+00:00,2026-03-25 17:25:00+00:00,long,24133.65,24089.05,24289.750000000007,24289.750000000007,tp,154.1,1339.86,3.455,78897.01,full_day,24133.65,24114.05,2026-03-25 09:55:00+00:00,-21103.03999999998,-512.82,-20590.21999999998
235,2026-03-25 17:26:00+00:00,2026-03-26 11:48:00+00:00,short,24254.63,24340.03,23955.73000000001,23955.73000000001,tp,296.9,1371.46,3.477,80268.47,full_day,24315.03,24254.63,2026-03-25 17:00:00+00:00,-19731.57999999998,-512.82,-19218.75999999998
236,2026-03-26 13:06:00+00:00,2026-03-26 16:53:00+00:00,short,23973.15,24018.65,23813.9,24018.65,sl,-47.5,-418.98,-1.044,79849.49,full_day,23993.65,23973.15,2026-03-26 12:20:00+00:00,-20150.55999999998,-512.82,-19637.73999999998
220,2026-03-23 15:20:00+00:00,2026-03-26 22:53:00+00:00,short,24303.85,24507.25,23591.949999999993,23591.949999999993,tp,709.9,1266.47,3.49,81115.96,full_day,24482.25,24303.85,2026-03-23 14:55:00+00:00,-18884.08999999998,-512.82,-18371.26999999998
237,2026-03-27 03:21:00+00:00,2026-03-27 03:38:00+00:00,long,23673.45,23622.85,23850.55000000001,23622.85,sl,-52.6,-421.61,-1.04,80694.35,full_day,23673.45,23647.85,2026-03-27 02:45:00+00:00,-19305.69999999998,-512.82,-18792.87999999998
238,2026-03-27 05:33:00+00:00,2026-03-27 07:55:00+00:00,short,23677.95,23715.25,23547.4,23715.25,sl,-39.3,-425.11,-1.054,80269.24,full_day,23690.25,23677.95,2026-03-27 05:25:00+00:00,-19730.80999999998,-512.82,-19217.98999999998
239,2026-03-27 07:23:00+00:00,2026-03-27 08:06:00+00:00,short,23703.25,23734.95,23592.299999999996,23734.95,sl,-33.7,-428.93,-1.063,79840.32,full_day,23709.95,23703.25,2026-03-27 03:30:00+00:00,-20159.73999999998,-512.82,-19646.91999999998
240,2026-03-27 09:33:00+00:00,2026-03-27 10:06:00+00:00,long,23730.85,23690.75,23871.199999999993,23690.75,sl,-42.1,-419.11,-1.05,79421.2,full_day,23730.85,23715.75,2026-03-27 09:25:00+00:00,-20578.84999999998,-512.82,-20066.02999999998
241,2026-03-27 09:49:00+00:00,2026-03-27 10:23:00+00:00,long,23710.35,23680.15,23816.04999999999,23680.15,sl,-32.2,-425.64,-1.066,78995.57,full_day,23710.35,23705.15,2026-03-27 08:15:00+00:00,-21004.48999999998,-512.82,-20491.66999999998
242,2026-03-27 10:53:00+00:00,2026-03-27 11:08:00+00:00,long,23676.25,23635.95,23817.299999999996,23635.95,sl,-42.3,-414.58,-1.05,78580.99,full_day,23676.25,23660.95,2026-03-27 10:50:00+00:00,-21419.06999999998,-512.82,-20906.24999999998
243,2026-03-27 11:18:00+00:00,2026-03-27 11:36:00+00:00,long,23621.95,23586.35,23746.55000000001,23586.35,sl,-37.6,-414.98,-1.056,78166.01,full_day,23621.95,23611.35,2026-03-27 04:10:00+00:00,-21834.04999999998,-512.82,-21321.22999999998
244,2026-03-27 12:26:00+00:00,2026-03-27 13:58:00+00:00,short,23587.35,23628.95,23441.749999999993,23441.749999999993,tp,143.6,1349.12,3.452,79515.12,full_day,23603.95,23587.35,2026-03-27 12:05:00+00:00,-20484.929999999982,-512.82,-19972.109999999982
245,2026-03-27 15:34:00+00:00,2026-03-27 16:03:00+00:00,long,23445.85,23394.35,23626.1,23394.35,sl,-53.5,-413.02,-1.039,79102.11,full_day,23445.85,23419.35,2026-03-27 15:30:00+00:00,-20897.949999999983,-512.82,-20385.129999999983
246,2026-03-27 16:17:00+00:00,2026-03-27 16:29:00+00:00,short,23409.05,23462.95,23220.399999999994,23462.95,sl,-55.9,-410.19,-1.037,78691.92,full_day,23437.95,23409.05,2026-03-27 16:15:00+00:00,-21308.13999999998,-512.82,-20795.31999999998
247,2026-03-27 19:50:00+00:00,2026-03-27 20:29:00+00:00,short,23313.88,23348.38,23193.13,23193.13,tp,118.75,1354.3,3.442,80046.22,full_day,23323.38,23313.88,2026-03-27 19:35:00+00:00,-19953.839999999982,-512.82,-19441.019999999982
