Ticket,Abrir,Tipo,Volumen,Símbolo,Precio,SL,TP,Cierre,Precio.1,Swap,Comisiones,Beneficio,Pips,Duración de la operación en segundos
95433699,2026-04-01 15:39:02,buy,1.04,US30.cash,46561.49,46513.11,46729.11,2026-04-01 15:44:57,46751.11,0.0,0.0,197.2,189.6,355
95438531,2026-04-01 16:07:39,buy,0.81,US30.cash,46496.49,46434.11,46710.86,2026-04-01 16:30:44,46718.8,0.0,0.0,180.07,222.3,1385
95469163,2026-04-01 20:18:19,sell,0.1,US30.cash,46761.8,46824.09,46561.14,2026-04-01 21:24:06,46560.3,0.0,0.0,20.15,201.5,3947
95470444,2026-04-01 20:37:42,sell,0.8,US30.cash,46752.75,46824.09,46561.07,2026-04-01 21:24:06,46560.3,0.0,0.0,153.96,192.5,2784
95474065,2026-04-01 21:21:00,buy,1.39,US30.cash,46590.3,46553.8,46715.8,2026-04-01 21:24:07,46550.8,0.0,0.0,-54.91,-39.5,187
95478957,2026-04-01 22:33:33,sell,0.85,US30.cash,46626.3,46694.59,46451.3,2026-04-01 22:41:33,46696.3,0.0,0.0,-59.5,-70.0,480
95561699,2026-04-02 17:00:01,sell,1.33,US30.cash,46108.4,46147.71,45978.96,2026-04-02 17:21:54,46159.9,0.0,0.0,-68.5,-51.5,1313
95565328,2026-04-02 17:22:39,sell,1.04,US30.cash,46138.4,46187.71,45971.71,2026-04-02 17:27:37,46188.9,0.0,0.0,-52.52,-50.5,298
95583005,2026-04-02 19:48:09,sell,1.09,US30.cash,46421.9,46469.9,46262.9,2026-04-02 21:53:00,46470.6,0.0,0.0,-53.08,-48.7,7491
95588177,2026-04-02 21:10:14,buy,0.39,US30.cash,46412.65,46286.45,46857.73,2026-04-06 01:05:02,46219.28,-11.48,0.0,-75.41,-193.4,273288
95603477,2026-04-03 14:01:21,sell,1.17,US30.cash,46396.15,46439.41,46246.77,2026-04-03 14:32:30,46439.79,0.0,0.0,-51.06,-43.6,1869
95604318,2026-04-03 14:35:49,sell,1.56,US30.cash,46436.6,46468.6,46324.6,2026-04-03 15:03:44,46468.79,0.0,0.0,-50.22,-32.2,1675
95606994,2026-04-03 15:39:47,buy,0.89,US30.cash,46395.29,46339.11,46591.29,2026-04-06 01:05:02,46219.28,-17.52,0.0,-156.65,-176.0,206715
95634245,2026-04-06 04:33:03,buy,1.64,US30.cash,46387.89,46356.81,46448.31,2026-04-06 04:55:41,46353.31,0.0,0.0,-56.71,-34.6,1358
95635482,2026-04-06 05:03:01,sell,1.54,US30.cash,46372.31,46404.81,46307.31,2026-04-06 05:09:26,46410.39,0.0,0.0,-58.64,-38.1,385
95635401,2026-04-06 05:03:05,sell,1.92,US30.cash,46369.31,46395.31,46317.31,2026-04-06 05:09:21,46396.89,0.0,0.0,-52.95,-27.6,376
95637377,2026-04-06 05:26:04,buy,0.85,US30.cash,46510.39,46450.31,46627.31,2026-04-06 05:26:45,46497.31,0.0,0.0,-11.12,-13.1,41
138926724,2026-04-06 10:25:05,buy,0.74,US30.cash,46421.79,46353.91,46590.16,2026-04-06 12:03:11,46590.91,0.0,0.0,125.15,169.1,5886
138927705,2026-04-06 10:29:03,buy,0.74,US30.cash,46423.79,46353.91,46590.16,2026-04-06 12:03:11,46589.41,0.0,0.0,122.56,165.6,5648
138982583,2026-04-06 13:37:01,sell,0.86,US30.cash,46507.41,46566.41,46363.41,2026-04-06 16:32:45,46362.6,0.0,0.0,124.54,144.8,10544
139008222,2026-04-06 15:21:04,buy,0.88,US30.cash,46422.79,46365.41,46563.16,2026-04-06 16:32:45,46363.1,0.0,0.0,-52.53,-59.7,4301
139056265,2026-04-06 17:00:00,sell,1.12,US30.cash,46505.71,46543.51,46387.41,2026-04-06 17:00:12,46545.6,0.0,0.0,-44.68,-39.9,12
95715466,2026-04-07 01:24:11,buy,1.07,US30.cash,46745.61,46698.58,46838.68,2026-04-07 02:59:30,46698.41,0.0,0.0,-50.5,-47.2,5719
95716938,2026-04-07 02:19:11,sell,1.82,US30.cash,46720.41,46748.78,46666.28,2026-04-07 03:14:00,46751.99,0.0,0.0,-57.48,-31.6,3289
95718914,2026-04-07 03:20:58,sell,0.85,US30.cash,46745.41,46743.99,46626.78,2026-04-07 04:15:07,46640.99,0.0,0.0,88.76,104.4,3249
95719163,2026-04-07 03:21:59,sell,0.85,US30.cash,46743.41,46803.78,46626.78,2026-04-07 04:15:14,46645.49,0.0,0.0,83.23,97.9,3195
95726922,2026-04-07 05:12:02,sell,1.02,US30.cash,46507.41,46558.41,46411.41,2026-04-07 05:48:01,46558.49,0.0,0.0,-52.1,-51.1,2159
95728158,2026-04-07 05:53:10,sell,0.92,US30.cash,46545.41,46600.41,46436.91,2026-04-07 10:02:24,46600.89,0.0,0.0,-51.04,-55.5,14954
95730590,2026-04-07 07:14:07,buy,1.11,US30.cash,46524.49,46479.41,46614.41,2026-04-07 11:01:57,46617.01,0.0,0.0,102.7,92.5,13670
95745001,2026-04-07 11:01:46,sell,0.69,US30.cash,46598.51,46671.41,46453.91,2026-04-07 11:02:07,46683.39,0.0,0.0,-58.57,-84.9,21
95750028,2026-04-07 11:22:00,sell,1.56,US30.cash,46717.01,46751.41,46655.41,2026-04-07 11:24:06,46751.89,0.0,0.0,-54.41,-34.9,126
139360773,2026-04-07 12:46:02,buy,1.16,US30.cash,46763.39,46720.01,46870.51,2026-04-07 13:09:25,46693.01,0.0,0.0,-81.64,-70.4,1403
139375144,2026-04-07 13:16:01,sell,0.83,US30.cash,46761.01,46822.01,46610.26,2026-04-07 13:41:27,46609.89,0.0,0.0,125.43,151.1,1526
95762854,2026-04-07 13:26:01,buy,1.27,US30.cash,46649.89,46611.51,46730.01,2026-04-07 13:41:18,46611.51,0.0,0.0,-48.74,-38.4,917
95764552,2026-04-07 13:44:01,buy,1.37,US30.cash,46597.39,46558.51,46668.01,2026-04-07 13:46:19,46560.01,0.0,0.0,-51.21,-37.4,138
139389816,2026-04-07 13:47:00,buy,0.83,US30.cash,46569.89,46509.51,46719.51,2026-04-07 13:52:31,46500.51,0.0,0.0,-57.59,-69.4,331
95778234,2026-04-07 15:51:05,buy,1.14,US30.cash,46494.39,46447.01,46579.01,2026-04-07 15:55:51,46597.01,0.0,0.0,116.99,102.6,286
95780134,2026-04-07 16:04:01,sell,1.08,US30.cash,46551.01,46600.01,46460.51,2026-04-07 16:30:01,46602.2,0.0,0.0,-55.29,-51.2,1560
95788369,2026-04-07 16:56:05,sell,0.36,US30.cash,46419.2,46560.51,46138.08,2026-04-07 20:35:38,46562.05,0.0,0.0,-51.43,-142.9,13173
95802367,2026-04-07 17:52:00,buy,0.51,US30.cash,46402.2,46302.2,46599.2,2026-04-07 18:00:10,46302.2,0.0,0.0,-51.0,-100.0,490
95803844,2026-04-07 18:02:03,buy,0.78,US30.cash,46325.2,46261.2,46453.2,2026-04-07 18:02:35,46256.2,0.0,0.0,-53.82,-69.0,32
95806405,2026-04-07 18:17:37,sell,0.65,US30.cash,46270.7,46346.2,46116.7,2026-04-07 18:41:13,46263.2,0.0,0.0,4.88,7.5,1416
95810923,2026-04-07 19:04:02,sell,1.27,US30.cash,46419.2,46410.99,46341.2,2026-04-07 19:08:38,46365.2,0.0,0.0,68.58,54.0,276
95815601,2026-04-07 20:17:04,buy,1.04,US30.cash,46450.6,46402.45,46546.45,2026-04-07 20:17:27,46455.6,0.0,0.0,5.2,5.0,23
95818686,2026-04-07 20:46:01,buy,0.67,US30.cash,46489.1,46414.1,46637.45,2026-04-07 21:40:30,46414.1,0.0,0.0,-50.25,-75.0,3269
95819229,2026-04-07 20:55:01,buy,1.47,US30.cash,46504.1,46469.05,46571.05,2026-04-07 21:06:37,46466.1,0.0,0.0,-55.86,-38.0,696
95822366,2026-04-07 21:57:00,buy,0.98,US30.cash,46299.55,46248.15,46401.3,2026-04-07 22:18:19,46402.6,0.0,0.0,100.99,103.1,1279
95823588,2026-04-07 22:19:00,sell,1.54,US30.cash,46420.6,46453.05,46355.7,2026-04-07 22:19:34,46453.1,0.0,0.0,-50.05,-32.5,34
95825074,2026-04-07 22:40:34,buy,0.36,US30.cash,46439.05,46297.55,46714.7,2026-04-08 01:05:00,46967.28,-3.49,0.0,190.16,528.2,8666
95840762,2026-04-08 02:15:01,buy,0.46,US30.cash,47516.49,47404.28,47731.67,2026-04-08 08:51:42,47731.91,0.0,0.0,99.09,215.4,23801
139803155,2026-04-08 10:26:40,sell,0.66,US30.cash,47710.91,47786.41,47522.16,2026-04-08 12:50:52,47786.79,0.0,0.0,-50.08,-75.9,8652
95868175,2026-04-08 10:35:23,buy,1.18,US30.cash,47697.79,47651.91,47779.41,2026-04-08 10:48:38,47651.91,0.0,0.0,-54.14,-45.9,795
95869283,2026-04-08 10:49:02,buy,1.56,US30.cash,47653.29,47620.91,47716.91,2026-04-08 11:43:13,47620.41,0.0,0.0,-51.29,-32.9,3251
139814990,2026-04-08 11:00:02,buy,0.96,US30.cash,47645.29,47589.91,47772.26,2026-04-08 12:38:02,47773.41,0.0,0.0,123.0,128.1,5880
95886384,2026-04-08 14:02:22,buy,1.64,US30.cash,47798.79,47767.91,47859.41,2026-04-08 14:24:36,47859.41,0.0,0.0,99.42,60.6,1334
95891969,2026-04-08 15:12:15,buy,0.85,US30.cash,47860.29,47801.41,47978.41,2026-04-08 15:20:01,47802.41,0.0,0.0,-49.2,-57.9,466
95894518,2026-04-08 15:24:00,buy,1.28,US30.cash,47771.79,47732.41,47849.41,2026-04-08 15:33:39,47849.41,0.0,0.0,99.35,77.6,579
95907607,2026-04-08 16:54:04,buy,1.21,US30.cash,47876.6,47833.41,47956.98,2026-04-08 17:19:17,47832.6,0.0,0.0,-53.24,-44.0,1513
95923017,2026-04-08 18:43:13,sell,1.03,US30.cash,47751.6,47800.6,47655.1,2026-04-08 18:50:04,47800.6,0.0,0.0,-50.47,-49.0,411
95925178,2026-04-08 19:16:04,buy,1.39,US30.cash,47809.6,47772.6,47880.75,2026-04-08 19:22:23,47771.65,0.0,0.0,-52.75,-38.0,379
95925841,2026-04-08 19:24:15,buy,1.11,US30.cash,47789.6,47744.1,47879.1,2026-04-08 21:03:24,47879.1,0.0,0.0,99.35,89.5,5949
95937237,2026-04-08 22:02:28,buy,1.18,US30.cash,47716.75,47674.15,47801.5,2026-04-08 22:35:13,47800.1,0.0,0.0,98.35,83.4,1965
95947433,2026-04-09 02:56:20,buy,1.0,US30.cash,47861.89,47810.1,47960.25,2026-04-09 08:10:26,47809.21,0.0,0.0,-52.68,-52.7,18846
95965426,2026-04-09 08:52:21,buy,1.43,US30.cash,47842.79,47807.21,47912.21,2026-04-09 09:47:16,47805.31,0.0,0.0,-53.6,-37.5,3295
95983286,2026-04-09 12:37:03,buy,1.19,US30.cash,47735.19,47692.81,47818.81,2026-04-09 14:00:28,47692.81,0.0,0.0,-50.43,-42.4,5005
140282865,2026-04-09 13:26:17,sell,1.23,US30.cash,47740.31,47781.41,47639.66,2026-04-09 15:41:36,47790.19,0.0,0.0,-61.35,-49.9,8119
140310510,2026-04-09 14:48:35,sell,1.0,US30.cash,47746.31,47796.31,47621.31,2026-04-09 16:39:56,47800.0,0.0,0.0,-53.69,-53.7,6681
95994130,2026-04-09 14:57:05,buy,1.32,US30.cash,47731.69,47692.81,47806.81,2026-04-09 16:40:05,47807.0,0.0,0.0,99.41,75.3,6180
140377283,2026-04-09 16:49:17,sell,0.9,US30.cash,47810.0,47865.31,47671.06,2026-04-09 16:59:17,47865.5,0.0,0.0,-49.95,-55.5,600
140385856,2026-04-09 16:59:01,sell,0.75,US30.cash,47847.0,47912.81,47679.71,2026-04-09 18:32:46,47909.0,0.0,0.0,-46.5,-62.0,5625
96017487,2026-04-09 17:31:18,sell,1.0,US30.cash,47787.95,47840.45,47690.45,2026-04-09 18:19:00,47841.95,0.0,0.0,-54.0,-54.0,2862
140437778,2026-04-09 18:18:28,sell,0.57,US30.cash,47815.0,47903.0,47596.75,2026-04-09 18:32:37,47907.5,0.0,0.0,-52.73,-92.5,849
96033899,2026-04-09 19:15:03,buy,0.51,US30.cash,48147.95,48048.5,48344.0,2026-04-10 16:33:45,48046.2,-3.08,0.0,-51.89,-101.8,76722
140655887,2026-04-10 11:13:41,buy,0.92,US30.cash,48126.39,48069.01,48260.11,2026-04-10 11:54:56,48068.51,0.0,0.0,-53.25,-57.9,2475
140697939,2026-04-10 13:04:06,buy,0.71,US30.cash,48143.89,48073.01,48319.76,2026-04-10 16:33:26,48072.2,0.0,0.0,-50.9,-71.7,12560
140760781,2026-04-10 16:12:08,buy,0.8,US30.cash,48177.89,48114.51,48333.61,2026-04-10 16:32:24,48114.2,0.0,0.0,-50.95,-63.7,1216
96113369,2026-04-10 17:14:08,sell,0.37,US30.cash,48073.75,48211.01,47800.58,2026-04-10 22:59:36,47915.95,0.0,0.0,58.39,157.8,20728
96157409,2026-04-13 01:41:25,sell,1.23,US30.cash,47385.28,47424.78,47303.28,2026-04-13 02:59:05,47424.99,0.0,0.0,-48.84,-39.7,4660
96161753,2026-04-13 03:30:05,buy,1.33,US30.cash,47446.99,47409.41,47521.91,2026-04-13 04:00:03,47522.91,0.0,0.0,100.97,75.9,1798
96168556,2026-04-13 06:18:52,buy,1.5,US30.cash,47545.79,47512.11,47612.31,2026-04-13 08:46:52,47613.51,0.0,0.0,101.58,67.7,8880
96189577,2026-04-13 12:06:02,sell,1.27,US30.cash,47697.01,47737.01,47618.51,2026-04-13 14:00:02,47740.89,0.0,0.0,-55.73,-43.9,6840
141139392,2026-04-13 13:46:29,buy,1.08,US30.cash,47673.39,47626.7,47789.28,2026-04-13 14:25:07,47631.51,0.0,0.0,-45.23,-41.9,2318
96199851,2026-04-13 14:14:05,buy,1.1,US30.cash,47707.89,47662.51,47799.01,2026-04-13 14:24:50,47638.51,0.0,0.0,-76.32,-69.4,645
96200839,2026-04-13 14:29:36,buy,1.5,US30.cash,47623.39,47586.01,47686.21,2026-04-13 14:30:15,47586.01,0.0,0.0,-56.07,-37.4,39
96207998,2026-04-13 15:20:04,sell,1.59,US30.cash,47438.51,47470.01,47375.51,2026-04-13 15:54:06,47470.89,0.0,0.0,-51.48,-32.4,2042
96212941,2026-04-13 16:02:22,sell,1.0,US30.cash,47487.51,47537.51,47387.51,2026-04-13 16:13:13,47539.39,0.0,0.0,-51.88,-51.9,651
96217795,2026-04-13 16:34:44,buy,1.03,US30.cash,47573.2,47524.01,47669.51,2026-04-13 16:36:28,47524.2,0.0,0.0,-50.47,-49.0,104
96218198,2026-04-13 16:37:45,buy,0.8,US30.cash,47541.2,47477.01,47664.51,2026-04-13 16:49:16,47660.2,0.0,0.0,95.2,119.0,691
141233647,2026-04-13 16:51:01,sell,1.05,US30.cash,47716.7,47763.51,47597.26,2026-04-13 17:00:58,47765.2,0.0,0.0,-50.93,-48.5,597
96221460,2026-04-13 16:51:37,sell,0.69,US30.cash,47668.2,47741.01,47523.51,2026-04-13 16:59:55,47743.2,0.0,0.0,-51.75,-75.0,498
96261661,2026-04-13 22:46:04,buy,1.16,US30.cash,48082.2,48038.5,48167.5,2026-04-13 22:53:15,48167.7,0.0,0.0,99.18,85.5,431
96270811,2026-04-14 03:56:20,buy,1.17,US30.cash,48228.09,48184.21,48312.91,2026-04-14 09:16:45,48183.9,0.0,0.0,-51.7,-44.2,19225
141555419,2026-04-14 12:33:00,buy,1.25,US30.cash,48271.35,48231.21,48371.21,2026-04-14 12:46:40,48230.31,0.0,0.0,-51.3,-41.0,820
96305334,2026-04-14 12:51:06,buy,1.1,US30.cash,48240.9,48195.4,48331.33,2026-04-14 13:38:04,48192.71,0.0,0.0,-53.01,-48.2,2818
141570539,2026-04-14 13:14:35,buy,1.0,US30.cash,48243.09,48192.31,48367.63,2026-04-14 13:38:04,48190.21,0.0,0.0,-52.88,-52.9,1409
141580161,2026-04-14 13:39:01,buy,1.16,US30.cash,48190.59,48146.9,48297.4,2026-04-14 13:43:58,48146.71,0.0,0.0,-50.9,-43.9,297
96312178,2026-04-14 13:57:09,sell,0.94,US30.cash,48179.71,48232.71,48073.71,2026-04-14 14:57:56,48240.59,0.0,0.0,-57.23,-60.9,3647
96317491,2026-04-14 15:04:31,sell,1.24,US30.cash,48243.21,48283.35,48162.0,2026-04-14 15:30:07,48283.3,0.0,0.0,-49.71,-40.1,1536
96321119,2026-04-14 15:38:19,buy,1.12,US30.cash,48239.59,48194.21,48327.71,2026-04-14 16:31:23,48196.4,0.0,0.0,-48.37,-43.2,3184
96333111,2026-04-14 16:55:08,buy,0.45,US30.cash,48347.85,48235.9,48570.4,2026-04-14 22:29:54,48570.9,0.0,0.0,100.37,223.1,20086
96366042,2026-04-14 22:43:26,buy,1.43,US30.cash,48559.3,48523.9,48628.9,2026-04-14 22:54:42,48523.3,0.0,0.0,-51.48,-36.0,676
96368964,2026-04-15 01:27:28,sell,1.46,US30.cash,48546.78,48581.48,48478.58,2026-04-15 02:34:58,48580.79,0.0,0.0,-49.65,-34.0,4050
96371692,2026-04-15 02:57:42,buy,1.52,US30.cash,48560.19,48526.91,48625.31,2026-04-15 05:33:08,48526.91,0.0,0.0,-50.59,-33.3,9326
96382810,2026-04-15 07:11:02,buy,1.49,US30.cash,48559.09,48525.41,48625.91,2026-04-15 08:22:29,48524.91,0.0,0.0,-50.93,-34.2,4287
96394374,2026-04-15 10:26:01,buy,1.13,US30.cash,48529.0,48484.81,48617.11,2026-04-15 12:07:48,48484.31,0.0,0.0,-50.5,-44.7,6107
141945373,2026-04-15 11:18:01,buy,1.15,US30.cash,48513.09,48467.91,48620.16,2026-04-15 13:24:27,48467.81,0.0,0.0,-52.07,-45.3,7586
96405883,2026-04-15 12:26:33,sell,1.43,US30.cash,48498.0,48534.31,48429.31,2026-04-15 13:05:42,48534.59,0.0,0.0,-52.32,-36.6,2349
96413161,2026-04-15 13:50:33,sell,1.08,US30.cash,48509.31,48555.41,48417.11,2026-04-15 14:46:19,48556.39,0.0,0.0,-50.85,-47.1,3346
96418996,2026-04-15 14:57:19,sell,1.59,US30.cash,48558.31,48589.5,48495.0,2026-04-15 15:38:11,48589.59,0.0,0.0,-49.74,-31.3,2452
142045243,2026-04-15 15:29:45,buy,0.78,US30.cash,48560.19,48495.31,48721.06,2026-04-15 16:44:46,48495.0,0.0,0.0,-50.85,-65.2,4501
142083574,2026-04-15 16:47:54,buy,0.75,US30.cash,48495.0,48426.81,48661.31,2026-04-15 16:51:54,48426.0,0.0,0.0,-51.75,-69.0,240
142156496,2026-04-15 18:31:37,buy,1.23,US30.cash,48334.05,48294.0,48435.75,2026-04-15 19:00:14,48293.55,0.0,0.0,-49.82,-40.5,1717
96475275,2026-04-16 04:09:06,buy,1.6,US30.cash,48561.19,48529.41,48623.31,2026-04-16 05:53:32,48529.41,0.0,0.0,-50.85,-31.8,6266
96480433,2026-04-16 06:06:01,sell,1.61,US30.cash,48547.91,48578.91,48485.91,2026-04-16 11:08:13,48486.09,0.0,0.0,99.53,61.8,18132
96504544,2026-04-16 12:24:37,buy,1.54,US30.cash,48482.05,48449.0,48546.5,2026-04-16 14:49:52,48547.0,0.0,0.0,100.02,65.0,8715
142414818,2026-04-16 13:43:01,sell,1.07,US30.cash,48517.5,48564.05,48401.13,2026-04-16 15:02:37,48564.09,0.0,0.0,-49.85,-46.6,4776
142433960,2026-04-16 14:46:56,sell,1.23,US30.cash,48535.5,48577.41,48435.66,2026-04-16 15:32:43,48579.09,0.0,0.0,-53.62,-43.6,2747
96524814,2026-04-16 16:29:59,buy,1.32,US30.cash,48579.69,48540.05,48653.33,2026-04-16 16:30:01,48539.5,0.0,0.0,-53.05,-40.2,2
96529772,2026-04-16 16:48:08,buy,1.32,US30.cash,48494.0,48457.0,48571.0,2026-04-16 16:53:46,48458.0,0.0,0.0,-47.52,-36.0,338
96529479,2026-04-16 16:49:00,buy,1.43,US30.cash,48528.0,48492.5,48597.65,2026-04-16 16:52:38,48492.0,0.0,0.0,-51.48,-36.0,218
96547232,2026-04-16 17:48:10,sell,1.35,US30.cash,48387.0,48424.05,48313.05,2026-04-16 17:50:56,48426.0,0.0,0.0,-52.65,-39.0,166
142586444,2026-04-16 18:42:28,sell,0.54,US30.cash,48473.5,48563.55,48239.63,2026-04-16 19:00:21,48564.0,0.0,0.0,-48.87,-90.5,1073
142826536,2026-04-17 13:46:15,buy,1.25,US30.cash,48732.8,48692.8,48832.8,2026-04-17 15:03:37,48833.21,0.0,0.0,125.51,100.4,4642
96692999,2026-04-20 03:17:09,sell,1.45,US30.cash,48999.61,49034.11,48930.61,2026-04-20 04:02:03,49034.69,0.0,0.0,-50.87,-35.1,2694
96695431,2026-04-20 04:06:04,sell,1.52,US30.cash,49022.61,49055.48,48956.87,2026-04-20 04:25:08,49052.69,0.0,0.0,-45.72,-30.1,1144
143225393,2026-04-20 10:46:02,buy,0.83,US30.cash,49067.59,49007.11,49218.86,2026-04-20 13:11:18,49219.31,0.0,0.0,125.93,151.7,8716
143601186,2026-04-21 11:26:13,sell,0.84,US30.cash,49512.31,49572.45,49364.38,2026-04-21 12:55:00,49608.0,0.0,0.0,-80.38,-95.7,5327
143607825,2026-04-21 11:48:02,sell,1.35,US30.cash,49556.81,49594.31,49464.81,2026-04-21 12:55:00,49608.0,0.0,0.0,-69.11,-51.2,4018
143658738,2026-04-21 15:05:09,buy,0.85,US30.cash,49727.59,49667.81,49874.31,2026-04-21 15:40:10,49668.31,0.0,0.0,-50.39,-59.3,2101
143706504,2026-04-21 16:29:00,sell,1.1,US30.cash,49719.31,49766.81,49607.56,2026-04-21 16:45:42,49767.0,0.0,0.0,-52.46,-47.7,1002
143713246,2026-04-21 16:34:02,buy,1.06,US30.cash,49672.5,49626.81,49791.31,2026-04-21 16:46:15,49790.5,0.0,0.0,125.08,118.0,733
144039647,2026-04-22 13:13:38,buy,0.68,US30.cash,49356.29,49279.41,49534.91,2026-04-22 15:29:01,49543.91,0.0,0.0,127.58,187.6,8123
144059653,2026-04-22 14:36:01,sell,0.92,US30.cash,49430.41,49486.91,49296.16,2026-04-22 15:06:27,49487.29,0.0,0.0,-52.33,-56.9,1826
144093609,2026-04-22 16:01:22,buy,0.94,US30.cash,49426.79,49373.41,49558.91,2026-04-22 16:33:01,49560.1,0.0,0.0,125.31,133.3,1899
144122080,2026-04-22 16:45:06,buy,0.94,US30.cash,49441.6,49388.41,49573.91,2026-04-22 16:57:15,49574.1,0.0,0.0,124.55,132.5,729
144375922,2026-04-23 11:23:03,sell,0.87,US30.cash,49244.81,49302.31,49101.06,2026-04-23 13:21:05,49099.69,0.0,0.0,126.25,145.1,7082
144377156,2026-04-23 11:28:34,sell,1.09,US30.cash,49267.31,49313.71,49152.71,2026-04-23 13:00:00,49142.69,0.0,0.0,135.84,124.6,5486
144409173,2026-04-23 13:04:01,buy,1.19,US30.cash,49151.69,49109.21,49256.21,2026-04-23 13:09:34,49108.31,0.0,0.0,-51.62,-43.4,333
144430676,2026-04-23 14:07:02,sell,0.91,US30.cash,49212.31,49271.31,49078.81,2026-04-23 14:57:30,49272.19,0.0,0.0,-54.49,-59.9,3028
144446162,2026-04-23 14:53:21,sell,0.98,US30.cash,49242.31,49295.31,49116.81,2026-04-23 15:00:19,49296.19,0.0,0.0,-52.8,-53.9,418
144488054,2026-04-23 16:18:00,sell,0.88,US30.cash,49224.81,49281.31,49083.56,2026-04-23 16:30:01,49302.45,0.0,0.0,-68.32,-77.6,721
144548957,2026-04-23 18:07:09,buy,0.84,US30.cash,49445.0,49385.0,49593.08,2026-04-23 18:45:36,49382.95,0.0,0.0,-52.12,-62.1,2307
144761299,2026-04-24 11:10:51,buy,1.03,US30.cash,49207.09,49158.11,49328.21,2026-04-24 11:34:28,49157.71,0.0,0.0,-50.86,-49.4,1417
144769936,2026-04-24 11:32:01,buy,1.22,US30.cash,49177.59,49136.21,49279.71,2026-04-24 11:52:40,49135.71,0.0,0.0,-51.09,-41.9,1239
144855196,2026-04-24 15:55:05,buy,0.76,US30.cash,49178.09,49112.31,49343.63,2026-04-24 16:30:14,49343.9,0.0,0.0,126.02,165.8,2109
144929023,2026-04-24 18:22:37,sell,0.83,US30.cash,49146.45,49208.45,48998.45,2026-04-24 18:44:49,49205.4,0.0,0.0,-48.93,-59.0,1332
434336927,2026-04-27 01:38:39,buy,1.52,US30.cash,49117.11,49084.08,49183.08,2026-04-27 04:01:18,49184.01,0.0,0.0,101.69,66.9,8559
434438010,2026-04-27 04:17:07,buy,0.92,US30.cash,49137.59,49082.71,49245.61,2026-04-27 16:30:50,49251.8,0.0,0.0,105.07,114.2,44023
145099217,2026-04-27 10:24:15,sell,1.22,US30.cash,49152.8,49194.21,49050.36,2026-04-27 13:45:45,49194.3,0.0,0.0,-50.63,-41.5,12090
145101526,2026-04-27 10:35:19,sell,1.08,US30.cash,49145.71,49193.11,49030.36,2026-04-27 13:45:44,49193.8,0.0,0.0,-51.94,-48.1,11425
145152883,2026-04-27 13:47:02,sell,1.16,US30.cash,49183.8,49226.71,49076.21,2026-04-27 16:30:39,49227.3,0.0,0.0,-50.46,-43.5,9817
145153366,2026-04-27 13:49:09,sell,0.8,US30.cash,49184.21,49247.21,49028.46,2026-04-27 16:30:50,49253.8,0.0,0.0,-55.67,-69.6,9701
145242023,2026-04-27 17:57:56,sell,0.24,US30.cash,49149.85,49361.8,48619.8,2026-04-27 21:49:23,49195.8,0.0,0.0,-11.03,-46.0,13887
435156505,2026-04-27 18:49:39,sell,0.75,US30.cash,49098.8,49165.85,48966.2,2026-04-27 19:12:43,49173.8,0.0,0.0,-56.25,-75.0,1384
435195295,2026-04-27 19:30:13,buy,1.0,US30.cash,49171.8,49122.8,49272.8,2026-04-28 03:09:12,49272.01,-10.79,0.0,100.21,100.2,27539
435397480,2026-04-28 03:39:00,buy,1.57,US30.cash,49248.49,49216.21,49311.61,2026-04-28 04:00:40,49215.11,0.0,0.0,-52.41,-33.4,1300
435415355,2026-04-28 04:12:09,sell,1.39,US30.cash,49227.11,49263.11,49155.11,2026-04-28 04:37:36,49263.49,0.0,0.0,-50.57,-36.4,1527
435407647,2026-04-28 04:13:42,buy,0.64,US30.cash,49238.39,49160.78,49393.58,2026-04-28 10:19:12,49160.61,0.0,0.0,-49.78,-77.8,21930
145481143,2026-04-28 11:04:27,buy,0.93,US30.cash,49180.99,49125.61,49314.61,2026-04-28 12:39:50,49315.61,0.0,0.0,125.2,134.6,5723
145488361,2026-04-28 11:19:55,sell,1.27,US30.cash,49241.11,49280.71,49142.46,2026-04-28 11:29:01,49280.99,0.0,0.0,-50.65,-39.9,546
435707123,2026-04-28 11:24:46,sell,1.39,US30.cash,49250.11,49287.21,49178.91,2026-04-28 11:29:57,49290.99,0.0,0.0,-56.82,-40.9,311
435721716,2026-04-28 11:46:57,buy,1.06,US30.cash,49279.89,49231.61,49372.61,2026-04-28 14:00:02,49378.11,0.0,0.0,104.11,98.2,7985
435857426,2026-04-28 14:15:20,buy,0.88,US30.cash,49349.49,49292.11,49463.11,2026-04-28 14:19:37,49291.11,0.0,0.0,-51.37,-58.4,257
435872347,2026-04-28 14:29:27,buy,1.22,US30.cash,49285.99,49244.71,49367.41,2026-04-28 15:10:44,49243.61,0.0,0.0,-51.7,-42.4,2477
435949004,2026-04-28 15:12:16,buy,1.25,US30.cash,49241.49,49198.11,49318.11,2026-04-28 15:20:38,49313.61,0.0,0.0,90.15,72.1,502
435988901,2026-04-28 15:34:28,buy,1.56,US30.cash,49218.49,49186.11,49282.11,2026-04-28 15:51:18,49283.61,0.0,0.0,101.59,65.1,1010
145595533,2026-04-28 15:35:35,buy,0.48,US30.cash,49234.99,49127.61,49493.36,2026-04-28 17:14:51,49126.75,0.0,0.0,-51.96,-108.2,5956
436021526,2026-04-28 16:06:23,sell,0.76,US30.cash,49301.11,49367.61,49171.11,2026-04-28 16:30:01,49376.8,0.0,0.0,-57.52,-75.7,1418
436067657,2026-04-28 16:31:01,buy,0.72,US30.cash,49303.3,49229.61,49438.11,2026-04-28 16:50:10,49227.8,0.0,0.0,-54.36,-75.5,1149
436102783,2026-04-28 16:51:01,buy,1.12,US30.cash,49254.3,49208.61,49342.11,2026-04-28 16:59:54,49207.3,0.0,0.0,-52.64,-47.0,533
436136319,2026-04-28 17:10:05,sell,1.14,US30.cash,49201.75,49247.8,49115.8,2026-04-28 17:14:55,49114.25,0.0,0.0,99.75,87.5,290
436309915,2026-04-28 19:51:51,buy,1.43,US30.cash,49184.8,49151.3,49256.3,2026-04-28 20:18:43,49151.3,0.0,0.0,-47.91,-33.5,1612
436384370,2026-04-28 21:49:34,sell,1.59,US30.cash,49123.0,49154.5,49060.0,2026-04-28 22:50:18,49153.5,0.0,0.0,-48.5,-30.5,3644
436435127,2026-04-29 01:16:09,sell,1.41,US30.cash,49217.68,0.0,0.0,2026-04-29 03:04:45,49256.09,0.0,0.0,-54.16,-38.4,6516
436509729,2026-04-29 04:13:59,buy,0.86,US30.cash,49225.69,0.0,0.0,2026-04-29 11:09:46,49165.71,0.0,0.0,-51.58,-60.0,24947
436746905,2026-04-29 11:26:56,sell,1.37,US30.cash,49184.21,49220.71,49111.21,2026-04-29 12:56:24,49109.49,0.0,0.0,102.37,74.7,5368
436837311,2026-04-29 13:12:02,sell,0.94,US30.cash,49149.71,49202.71,49043.71,2026-04-29 16:31:20,49037.9,0.0,0.0,105.1,111.8,11958
145940991,2026-04-29 14:49:23,buy,0.71,US30.cash,49133.89,49063.21,49308.21,2026-04-29 15:34:22,49062.21,0.0,0.0,-50.89,-71.7,2699
145972223,2026-04-29 16:04:03,sell,0.96,US30.cash,49158.71,0.0,0.0,2026-04-29 16:31:22,49028.9,0.0,0.0,124.62,129.8,1639
437087718,2026-04-29 16:58:06,sell,0.57,US30.cash,48899.85,0.0,0.0,2026-04-29 17:08:59,48988.35,0.0,0.0,-50.45,-88.5,653
437122980,2026-04-29 17:20:05,buy,1.14,US30.cash,48973.9,0.0,0.0,2026-04-29 17:36:45,48928.4,0.0,0.0,-51.87,-45.5,1000
146047657,2026-04-29 18:04:24,buy,0.66,US30.cash,48886.35,0.0,0.0,2026-04-29 18:38:22,48810.35,0.0,0.0,-50.16,-76.0,2038
437219610,2026-04-29 18:46:37,sell,1.19,US30.cash,48840.4,0.0,0.0,2026-04-29 18:54:03,48750.9,0.0,0.0,106.51,89.5,446
437304605,2026-04-29 20:14:02,buy,1.56,US30.cash,48800.4,48768.4,48864.4,2026-04-29 21:04:09,48766.85,0.0,0.0,-52.34,-33.6,3007
437379008,2026-04-29 21:31:36,buy,1.22,US30.cash,48764.85,48721.35,48844.5,2026-04-29 21:44:28,48719.4,0.0,0.0,-55.45,-45.5,772
437440911,2026-04-29 22:34:57,buy,1.61,US30.cash,48810.4,48779.4,48872.4,2026-04-29 22:52:34,48873.4,0.0,0.0,101.43,63.0,1057
437503150,2026-04-30 01:11:57,sell,0.51,US30.cash,48755.28,48855.38,48558.98,2026-04-30 07:32:07,48558.99,0.0,0.0,100.11,196.3,22810
437687016,2026-04-30 07:46:45,sell,1.3,US30.cash,48566.41,48604.91,48489.41,2026-04-30 08:32:31,48604.99,0.0,0.0,-50.15,-38.6,2746
437716008,2026-04-30 08:45:03,buy,1.22,US30.cash,48602.99,0.0,0.0,2026-04-30 08:55:15,48562.41,0.0,0.0,-49.51,-40.6,612
437742385,2026-04-30 09:29:30,sell,1.28,US30.cash,48498.01,0.0,0.0,2026-04-30 09:32:29,48537.89,0.0,0.0,-51.05,-39.9,179
437753292,2026-04-30 09:37:12,sell,1.49,US30.cash,48589.01,0.0,0.0,2026-04-30 09:48:50,48521.39,0.0,0.0,100.75,67.6,698
437751663,2026-04-30 09:40:14,sell,1.28,US30.cash,48568.51,0.0,0.0,2026-04-30 10:08:02,48609.39,0.0,0.0,-52.33,-40.9,1668
437806492,2026-04-30 10:44:12,sell,1.61,US30.cash,48625.01,48656.51,48563.21,2026-04-30 11:04:55,48656.89,0.0,0.0,-51.33,-31.9,1243
146263865,2026-04-30 10:44:31,sell,1.04,US30.cash,48617.01,0.0,0.0,2026-04-30 11:05:17,48665.89,0.0,0.0,-50.84,-48.9,1246
146291358,2026-04-30 11:34:34,sell,1.14,US30.cash,48660.51,0.0,0.0,2026-04-30 12:29:15,48704.89,0.0,0.0,-50.59,-44.4,3281
437863178,2026-04-30 11:40:01,sell,1.32,US30.cash,48665.51,0.0,0.0,2026-04-30 12:29:15,48706.39,0.0,0.0,-53.96,-40.9,2954
437932971,2026-04-30 13:21:42,buy,0.72,US30.cash,48815.89,48746.51,48953.51,2026-04-30 13:30:08,48954.51,0.0,0.0,99.81,138.6,506
437973379,2026-04-30 13:55:08,buy,1.45,US30.cash,49166.89,0.0,0.0,2026-04-30 14:09:34,49230.01,0.0,0.0,91.52,63.1,866
146377929,2026-04-30 15:35:31,buy,0.9,US30.cash,49165.89,49109.51,49303.76,2026-04-30 16:29:34,49109.51,0.0,0.0,-50.74,-56.4,3243
438059070,2026-04-30 15:38:42,buy,1.02,US30.cash,49184.89,0.0,0.0,2026-04-30 16:12:38,49132.51,0.0,0.0,-53.43,-52.4,2036
438116447,2026-04-30 16:31:16,buy,0.68,US30.cash,49108.7,0.0,0.0,2026-04-30 16:45:47,49260.2,0.0,0.0,103.02,151.5,871
438330495,2026-04-30 19:21:11,buy,1.25,US30.cash,49585.2,0.0,0.0,2026-04-30 19:51:03,49544.2,0.0,0.0,-51.25,-41.0,1792
438351423,2026-04-30 20:01:53,buy,0.73,US30.cash,49570.2,49502.15,49706.3,2026-04-30 21:39:34,49707.1,0.0,0.0,99.94,136.9,5861
438427392,2026-04-30 21:55:27,buy,0.97,US30.cash,49710.6,0.0,0.0,2026-04-30 23:01:00,49650.08,0.0,0.0,-58.7,-60.5,3933
438491735,2026-05-01 01:20:10,buy,0.84,US30.cash,49779.81,49719.78,49898.88,2026-05-01 11:10:06,49718.9,0.0,0.0,-51.16,-60.9,35396
438765762,2026-05-01 11:45:04,buy,1.54,US30.cash,49738.4,0.0,0.0,2026-05-01 13:15:01,49803.4,0.0,0.0,100.1,65.0,5397
146654011,2026-05-01 12:24:04,sell,1.3,US30.cash,49764.9,49801.9,49667.15,2026-05-01 13:14:40,49801.9,0.0,0.0,-48.1,-37.0,3036
438836138,2026-05-01 13:42:02,buy,1.27,US30.cash,49800.9,0.0,0.0,2026-05-01 15:13:50,49883.21,0.0,0.0,104.53,82.3,5508
146690878,2026-05-01 14:48:26,buy,1.11,US30.cash,49805.9,49760.4,49917.9,2026-05-01 15:14:05,49920.21,0.0,0.0,126.88,114.3,1539
438958043,2026-05-01 16:08:44,sell,1.28,US30.cash,49843.81,49883.4,49765.83,2026-05-01 16:29:59,49885.59,0.0,0.0,-53.48,-41.8,1275
146738644,2026-05-01 16:44:03,buy,0.88,US30.cash,49744.9,0.0,0.0,2026-05-01 16:55:29,49885.4,0.0,0.0,123.64,140.5,686
439005844,2026-05-01 16:47:19,buy,1.43,US30.cash,49758.9,49722.4,49827.13,2026-05-01 16:49:28,49723.4,0.0,0.0,-50.77,-35.5,129
439030099,2026-05-01 16:58:01,sell,1.05,US30.cash,49879.9,0.0,0.0,2026-05-01 16:59:14,49929.4,0.0,0.0,-51.98,-49.5,73
146751948,2026-05-01 16:59:25,sell,0.84,US30.cash,49907.9,0.0,0.0,2026-05-01 17:02:17,49968.4,0.0,0.0,-50.82,-60.5,172
439083951,2026-05-01 17:31:34,buy,0.4,US30.cash,49911.45,0.0,0.0,2026-05-01 17:45:11,49787.95,0.0,0.0,-49.4,-123.5,817
439132141,2026-05-01 18:05:01,buy,1.64,US30.cash,49740.45,0.0,0.0,2026-05-01 18:28:47,49708.45,0.0,0.0,-52.48,-32.0,1426
439170074,2026-05-01 18:46:38,sell,1.62,US30.cash,49740.4,0.0,0.0,2026-05-01 18:50:33,49677.29,0.0,0.0,102.24,63.1,235
439232260,2026-05-01 19:59:04,sell,1.22,US30.cash,49615.4,49656.45,49533.3,2026-05-01 20:31:31,49657.4,0.0,0.0,-51.24,-42.0,1947
439286717,2026-05-01 21:30:51,sell,0.98,US30.cash,49590.45,0.0,0.0,2026-05-01 23:06:31,49489.47,0.0,0.0,98.96,101.0,5740
146999681,2026-05-04 10:16:04,sell,0.99,US30.cash,49502.11,49552.71,49375.96,2026-05-04 11:17:59,49375.49,0.0,0.0,125.35,126.6,3715
147108220,2026-05-04 14:52:26,sell,0.68,US30.cash,49296.61,49373.11,49114.11,2026-05-04 15:16:53,49373.49,0.0,0.0,-52.28,-76.9,1467
147176278,2026-05-04 17:24:16,sell,0.77,US30.cash,49366.35,0.0,0.0,2026-05-04 17:30:26,49429.35,0.0,0.0,-48.51,-63.0,370
147511833,2026-05-05 16:09:25,sell,1.14,US30.cash,49172.91,0.0,0.0,2026-05-05 16:31:08,49215.1,0.0,0.0,-48.1,-42.2,1303
147526529,2026-05-05 16:34:01,buy,0.89,US30.cash,49143.1,0.0,0.0,2026-05-05 16:37:05,49086.6,0.0,0.0,-50.29,-56.5,184
147544223,2026-05-05 17:02:09,sell,0.61,US30.cash,49139.1,0.0,0.0,2026-05-05 17:10:02,49227.75,0.0,0.0,-54.08,-88.7,473
147924926,2026-05-06 16:08:55,buy,0.54,US30.cash,49688.59,0.0,0.0,2026-05-06 17:24:18,49917.4,0.0,0.0,123.56,228.8,4523
147970698,2026-05-06 17:23:10,sell,0.63,US30.cash,49894.4,49975.21,49696.96,2026-05-06 18:01:13,49975.4,0.0,0.0,-51.03,-81.0,2283
148175549,2026-05-07 11:06:49,sell,0.95,US30.cash,50038.31,50090.81,49907.06,2026-05-07 12:52:40,49905.69,0.0,0.0,125.99,132.6,6351
148184324,2026-05-07 11:26:01,buy,1.14,US30.cash,49972.19,49928.91,50082.56,2026-05-07 12:51:02,49928.51,0.0,0.0,-49.8,-43.7,5101
148238184,2026-05-07 14:36:01,sell,1.09,US30.cash,50016.31,50064.81,49903.81,2026-05-07 16:30:01,50064.05,0.0,0.0,-52.04,-47.7,6840
148287357,2026-05-07 16:33:13,sell,1.03,US30.cash,50041.0,50092.41,49922.66,2026-05-07 16:49:28,49921.5,0.0,0.0,123.09,119.5,975
148575224,2026-05-08 11:12:40,buy,0.94,US30.cash,49649.59,49596.71,49782.21,2026-05-08 15:30:07,49785.71,0.0,0.0,127.95,136.1,15447
148605217,2026-05-08 12:57:01,buy,0.99,US30.cash,49691.09,49638.81,49815.56,2026-05-08 15:33:57,49815.91,0.0,0.0,123.57,124.8,9416
148665461,2026-05-08 16:09:58,buy,0.67,US30.cash,49724.29,49648.71,49909.95,2026-05-08 16:40:05,49649.6,0.0,0.0,-50.04,-74.7,1807
148667920,2026-05-08 16:13:18,buy,1.09,US30.cash,49720.79,49674.35,49835.35,2026-05-08 16:29:59,49835.41,0.0,0.0,124.94,114.6,1001
148681036,2026-05-08 16:34:59,buy,0.67,US30.cash,49740.6,49665.41,49926.16,2026-05-08 16:39:50,49663.1,0.0,0.0,-51.93,-77.5,291
148723911,2026-05-08 17:36:01,buy,0.62,US30.cash,49696.05,49616.05,49896.23,2026-05-08 18:08:47,49614.6,0.0,0.0,-50.5,-81.5,1966
148987063,2026-05-11 12:27:10,sell,1.15,US30.cash,49588.3,49632.61,49480.36,2026-05-11 16:30:09,49633.3,0.0,0.0,-51.75,-45.0,14579
149003046,2026-05-11 13:23:11,buy,0.84,US30.cash,49596.3,49536.71,49745.28,2026-05-11 14:13:13,49536.3,0.0,0.0,-50.4,-60.0,3002
149064297,2026-05-11 16:10:52,sell,0.7,US30.cash,49565.25,49637.11,49386.86,2026-05-11 16:30:10,49636.3,0.0,0.0,-49.74,-71.1,1158
149082427,2026-05-11 16:34:01,buy,0.9,US30.cash,49527.3,49473.11,49667.36,2026-05-11 16:40:23,49474.3,0.0,0.0,-47.7,-53.0,382
149154884,2026-05-11 18:36:06,buy,0.75,US30.cash,49641.3,49573.8,49808.13,2026-05-11 19:42:11,49573.75,0.0,0.0,-50.66,-67.6,3965
149410065,2026-05-12 14:01:34,sell,1.03,US30.cash,49668.0,49716.5,49546.75,2026-05-12 15:52:37,49715.99,0.0,0.0,-49.43,-48.0,6663
149430730,2026-05-12 15:08:48,buy,0.84,US30.cash,49654.99,49596.41,49804.66,2026-05-12 16:31:55,49595.0,0.0,0.0,-50.39,-60.0,4987
149471589,2026-05-12 16:19:16,buy,0.81,US30.cash,49662.59,49599.95,49816.95,2026-05-12 16:31:44,49598.0,0.0,0.0,-52.32,-64.6,748
149480882,2026-05-12 16:33:20,buy,0.73,US30.cash,49595.5,49529.41,49767.73,2026-05-12 16:34:46,49528.5,0.0,0.0,-48.91,-67.0,86
149769948,2026-05-13 11:44:04,buy,1.33,US30.cash,49745.4,49706.4,49837.65,2026-05-13 11:48:17,49706.45,0.0,0.0,-51.8,-39.0,253
149871324,2026-05-13 16:22:19,sell,0.91,US30.cash,49636.41,49691.95,49499.28,2026-05-13 16:36:36,49497.4,0.0,0.0,126.5,139.0,857
149878300,2026-05-13 16:34:02,buy,1.07,US30.cash,49532.4,49480.41,49644.56,2026-05-13 16:39:31,49479.4,0.0,0.0,-56.71,-53.0,329
149914465,2026-05-13 17:18:38,buy,0.39,US30.cash,49572.45,49444.4,49892.4,2026-05-14 10:36:13,49892.91,-4.22,0.0,124.98,320.5,62255
150137302,2026-05-14 10:57:27,sell,0.74,US30.cash,49853.4,49921.41,49683.38,2026-05-14 11:27:37,49922.95,0.0,0.0,-51.47,-69.6,1810
150563415,2026-05-15 12:16:29,sell,0.48,US30.cash,49702.61,49807.51,49445.26,2026-05-15 13:23:59,49808.39,0.0,0.0,-50.77,-105.8,4050
150585298,2026-05-15 12:56:41,sell,0.76,US30.cash,49710.51,49776.61,49547.71,2026-05-15 13:15:37,49778.29,0.0,0.0,-51.51,-67.8,1136
150621178,2026-05-15 14:45:05,buy,0.81,US30.cash,49726.29,49664.51,49879.76,2026-05-15 15:06:08,49663.11,0.0,0.0,-51.18,-63.2,1263
150658071,2026-05-15 16:26:06,sell,0.84,US30.cash,49721.01,49780.71,49572.46,2026-05-15 16:43:20,49572.2,0.0,0.0,125.0,148.8,1034
150669327,2026-05-15 16:39:01,buy,1.16,US30.cash,49605.2,49562.51,49713.01,2026-05-15 16:43:21,49559.2,0.0,0.0,-53.36,-46.0,260
150981846,2026-05-18 13:09:22,buy,0.67,US30.cash,49192.09,49116.71,49377.46,2026-05-18 14:40:22,49380.21,0.0,0.0,126.04,188.1,5460
151347161,2026-05-19 11:12:01,buy,1.01,US30.cash,49664.19,49613.41,49786.98,2026-05-19 11:26:22,49610.81,0.0,0.0,-53.91,-53.4,861
151365216,2026-05-19 12:04:48,buy,0.69,US30.cash,49664.09,49591.41,49843.41,2026-05-19 12:31:11,49588.81,0.0,0.0,-51.94,-75.3,1583
151375750,2026-05-19 12:32:57,buy,0.77,US30.cash,49569.19,49505.81,49732.96,2026-05-19 15:01:06,49501.41,0.0,0.0,-52.19,-67.8,8889
151382992,2026-05-19 13:01:03,sell,0.96,US30.cash,49614.81,49667.91,49485.56,2026-05-19 16:20:36,49485.19,0.0,0.0,124.44,129.6,11973
151421933,2026-05-19 15:02:52,buy,0.74,US30.cash,49544.19,49476.31,49714.31,2026-05-19 15:21:40,49559.91,0.0,0.0,11.63,15.7,1128
151431862,2026-05-19 15:31:34,sell,0.81,US30.cash,49583.91,49645.41,49428.41,2026-05-19 16:24:29,49429.19,0.0,0.0,125.32,154.7,3175
151534202,2026-05-19 17:33:18,buy,0.47,US30.cash,49534.5,49426.5,49799.25,2026-05-19 17:51:07,49428.45,0.0,0.0,-49.84,-106.1,1069
151731673,2026-05-20 10:27:26,sell,1.1,US30.cash,49402.11,49448.11,49288.51,2026-05-20 11:49:33,49448.2,0.0,0.0,-50.7,-46.1,4927
151771208,2026-05-20 12:32:04,sell,0.88,US30.cash,49426.2,49483.7,49284.2,2026-05-20 13:21:53,49486.15,0.0,0.0,-52.76,-60.0,2989
151808870,2026-05-20 14:51:13,buy,1.03,US30.cash,49470.39,49421.7,49591.45,2026-05-20 15:25:35,49591.61,0.0,0.0,124.86,121.2,2062
151905729,2026-05-20 17:27:59,sell,0.76,US30.cash,49597.7,49663.01,49432.01,2026-05-20 17:30:54,49662.7,0.0,0.0,-49.4,-65.0,175
152119145,2026-05-21 10:48:55,sell,0.52,US30.cash,49908.9,50005.21,49669.88,2026-05-21 11:05:02,50008.09,0.0,0.0,-51.58,-99.2,967
152321517,2026-05-21 18:44:14,sell,0.39,US30.cash,49882.95,50008.9,49559.15,2026-05-21 20:11:00,50013.0,0.0,0.0,-50.72,-130.1,5206
152629880,2026-05-22 17:07:01,buy,0.64,US30.cash,50582.6,50504.6,50777.6,2026-05-22 20:28:16,50782.65,0.0,0.0,128.03,200.1,12075
152673424,2026-05-22 18:31:22,sell,0.61,US30.cash,50711.6,50794.41,50505.66,2026-05-22 20:29:37,50803.6,0.0,0.0,-56.12,-92.0,7095
152902407,2026-05-25 14:07:42,buy,0.76,US30.cash,50995.1,50928.65,51157.73,2026-05-26 01:55:55,50925.98,-1.94,0.0,-52.53,-69.1,42493
152941869,2026-05-25 16:35:59,sell,0.64,US30.cash,51061.7,51140.91,50866.83,2026-05-26 03:23:38,50866.59,-5.01,0.0,124.87,195.1,38859
153149534,2026-05-26 12:32:37,sell,0.96,US30.cash,50833.85,50886.3,50704.3,2026-05-26 14:24:18,50886.3,0.0,0.0,-50.35,-52.5,6701
153267784,2026-05-26 17:03:30,sell,0.36,US30.cash,50636.3,50775.3,50288.8,2026-05-27 17:15:34,50775.25,0.15,0.0,-50.02,-139.0,87124
153577949,2026-05-27 14:59:01,buy,1.27,US30.cash,50506.2,50466.61,50604.86,2026-05-27 15:07:55,50466.51,0.0,0.0,-50.41,-39.7,534
153624580,2026-05-27 16:23:00,buy,0.75,US30.cash,50481.29,50413.11,50647.61,2026-05-27 16:33:24,50646.7,0.0,0.0,124.06,165.4,624
153633563,2026-05-27 16:35:01,sell,1.22,US30.cash,50662.2,50701.25,50557.58,2026-05-27 16:42:11,50557.2,0.0,0.0,128.1,105.0,430
153702545,2026-05-27 18:44:01,buy,0.58,US30.cash,50641.25,50555.2,50854.45,2026-05-28 06:50:23,50554.91,-6.3,0.0,-50.08,-86.3,43582
153907677,2026-05-28 13:08:05,buy,1.12,US30.cash,50607.2,50561.65,50717.58,2026-05-28 13:50:37,50561.7,0.0,0.0,-50.96,-45.5,2552
153925311,2026-05-28 13:53:37,buy,1.09,US30.cash,50574.39,50528.01,50689.01,2026-05-28 15:21:16,50528.15,0.0,0.0,-50.4,-46.2,5259
154075594,2026-05-28 19:01:05,sell,0.7,US30.cash,50687.2,50759.2,50508.95,2026-05-29 12:03:31,50759.25,0.34,0.0,-50.44,-72.1,61346
154212351,2026-05-29 10:55:08,buy,0.75,US30.cash,50719.7,50653.65,50886.58,2026-05-29 16:45:56,50890.3,0.0,0.0,127.95,170.6,21048
154318059,2026-05-29 16:20:03,buy,1.12,US30.cash,50759.79,50713.8,50869.55,2026-05-29 16:30:01,50713.8,0.0,0.0,-51.51,-46.0,598
154324624,2026-05-29 16:32:13,buy,0.9,US30.cash,50729.3,50674.3,50868.55,2026-05-29 16:42:13,50869.8,0.0,0.0,126.45,140.5,600
154584608,2026-06-01 10:56:12,buy,0.86,US30.cash,51049.5,50991.5,51194.5,2026-06-01 12:35:17,51197.0,0.0,0.0,126.85,147.5,5945
154671943,2026-06-01 15:32:39,buy,0.79,US30.cash,51160.59,51095.0,51315.33,2026-06-01 16:11:06,51092.31,0.0,0.0,-53.94,-68.3,2307
154686499,2026-06-01 16:10:59,sell,0.57,US30.cash,51137.81,51226.31,50918.66,2026-06-01 16:27:38,50918.19,0.0,0.0,125.18,219.6,999
154741486,2026-06-01 17:02:18,sell,0.51,US30.cash,50984.5,51082.31,50741.06,2026-06-01 21:55:31,51083.1,0.0,0.0,-50.29,-98.6,17593
155002619,2026-06-02 13:09:23,buy,1.15,US30.cash,50858.3,50813.71,50965.96,2026-06-02 15:37:46,50813.21,0.0,0.0,-51.85,-45.1,8903
155025324,2026-06-02 14:50:03,buy,0.85,US30.cash,50854.8,50795.85,51000.6,2026-06-02 16:08:43,50788.21,0.0,0.0,-56.6,-66.6,4720
155410050,2026-06-03 14:28:30,sell,1.15,US30.cash,51191.4,51234.9,51082.65,2026-06-03 15:42:36,51082.39,0.0,0.0,125.36,109.0,4446
155418411,2026-06-03 15:06:09,buy,1.05,US30.cash,51176.85,51128.9,51295.15,2026-06-03 15:30:02,51128.9,0.0,0.0,-50.35,-48.0,1433
155465262,2026-06-03 16:36:14,sell,1.04,US30.cash,51175.9,51223.9,51055.9,2026-06-03 16:47:49,51055.9,0.0,0.0,124.8,120.0,695
155464214,2026-06-03 16:38:21,sell,0.72,US30.cash,51130.9,51200.81,50959.31,2026-06-03 17:15:11,50958.9,0.0,0.0,123.84,172.0,2210
155728211,2026-06-04 10:56:01,sell,0.94,US30.cash,50835.01,50888.15,50702.48,2026-06-04 11:29:58,50890.29,0.0,0.0,-51.96,-55.3,2037
156146143,2026-06-05 12:57:24,sell,0.86,US30.cash,51646.65,51705.61,51502.26,2026-06-05 15:30:01,51652.29,0.0,0.0,-4.85,-5.6,9157
156628914,2026-06-08 12:10:54,buy,0.81,US30.cash,50718.2,50655.51,50872.86,2026-06-08 13:34:13,50878.51,0.0,0.0,129.85,160.3,4999
156639899,2026-06-08 12:37:42,sell,0.99,US30.cash,50772.01,50822.61,50645.86,2026-06-08 12:47:53,50823.29,0.0,0.0,-50.77,-51.3,611
156966245,2026-06-09 10:17:46,buy,0.75,US30.cash,50835.49,50767.61,51002.46,2026-06-09 15:36:04,51001.71,0.0,0.0,124.67,166.2,19098
156985781,2026-06-09 11:07:00,buy,1.01,US30.cash,50807.59,50758.71,50931.61,2026-06-09 12:09:19,50932.85,0.0,0.0,126.51,125.3,3739
157015730,2026-06-09 12:39:46,sell,1.07,US30.cash,50932.35,50981.4,50818.48,2026-06-09 13:06:58,50815.59,0.0,0.0,124.93,116.8,1632
157023446,2026-06-09 13:14:36,buy,0.7,US30.cash,50929.59,50835.71,51086.45,2026-06-09 16:31:44,51088.9,0.0,0.0,111.52,159.3,11828
157430629,2026-06-10 10:20:04,buy,0.67,US30.cash,50733.1,50658.31,50919.06,2026-06-10 11:02:46,50657.91,0.0,0.0,-50.38,-75.2,2562
157432591,2026-06-10 10:26:28,buy,1.08,US30.cash,50702.69,50654.91,50817.31,2026-06-10 11:02:49,50654.41,0.0,0.0,-52.14,-48.3,2181
157480347,2026-06-10 12:27:54,sell,0.51,US30.cash,50519.41,50617.91,50274.91,2026-06-10 14:05:09,50275.29,0.0,0.0,124.5,244.1,5835
157485821,2026-06-10 12:45:58,buy,0.56,US30.cash,50514.29,50424.91,50736.41,2026-06-10 13:20:43,50421.91,0.0,0.0,-51.73,-92.4,2085
157503382,2026-06-10 13:49:38,sell,0.92,US30.cash,50514.51,50569.91,50379.16,2026-06-10 14:04:00,50375.79,0.0,0.0,127.62,138.7,862
157989779,2026-06-11 15:20:04,buy,0.93,US30.cash,50275.94,50221.66,50410.66,2026-06-11 15:22:09,50218.46,0.0,0.0,-53.46,-57.5,125
158002203,2026-06-11 15:33:01,buy,1.17,US30.cash,50104.44,50061.56,50211.71,2026-06-11 15:46:50,50215.46,0.0,0.0,129.89,111.0,829
158020550,2026-06-11 16:08:09,buy,0.41,US30.cash,50157.94,50037.46,50460.96,2026-06-11 20:28:55,50463.26,0.0,0.0,125.18,305.3,15646
158053855,2026-06-11 16:53:00,sell,0.87,US30.cash,50324.2,50381.06,50180.13,2026-06-11 16:54:08,50382.2,0.0,0.0,-50.46,-58.0,68
158342346,2026-06-12 10:35:09,buy,0.78,US30.cash,50832.24,50767.26,50991.26,2026-06-12 10:56:54,50996.26,0.0,0.0,127.94,164.0,1305
158473713,2026-06-12 16:37:02,buy,0.61,US30.cash,51050.0,50967.26,51252.86,2026-06-12 16:40:43,50944.5,0.0,0.0,-64.36,-105.5,221
158484263,2026-06-12 16:46:01,buy,0.96,US30.cash,50868.0,50812.36,50994.36,2026-06-12 17:01:40,50993.5,0.0,0.0,120.48,125.5,939
158775541,2026-06-15 11:20:48,buy,1.05,US30.cash,51626.74,51577.86,51744.46,2026-06-15 15:49:20,51727.46,0.0,0.0,105.76,100.7,16112
158809673,2026-06-15 13:16:21,sell,1.0,US30.cash,51607.76,51658.56,51483.21,2026-06-15 14:11:01,51662.14,0.0,0.0,-54.38,-54.4,3280
158849392,2026-06-15 15:33:01,sell,1.03,US30.cash,51673.96,51720.96,51551.56,2026-06-15 15:39:11,51676.84,0.0,0.0,-2.97,-2.9,370
158853147,2026-06-15 15:45:36,sell,0.81,US30.cash,51698.46,51757.15,51541.59,2026-06-15 16:12:08,51756.24,0.0,0.0,-46.8,-57.8,1592
158891455,2026-06-15 16:45:00,buy,0.91,US30.cash,51756.1,51698.46,51891.31,2026-06-15 18:03:33,51890.6,0.0,0.0,122.4,134.5,4713
159156229,2026-06-16 11:39:32,buy,1.18,US30.cash,51740.25,51697.28,51787.5,2026-06-16 15:18:11,51778.7,0.0,0.0,45.37,38.5,13119
159176706,2026-06-16 12:44:35,buy,0.8,US30.cash,51722.7,51724.83,51787.5,2026-06-16 15:18:11,51778.7,0.0,0.0,44.8,56.0,9216
142274630,2026-06-17 12:22:04,sell,0.99,US30.cash,52006.85,52057.85,51880.93,2026-06-17 16:34:59,52059.3,0.0,0.0,-51.93,-52.5,15175
142293832,2026-06-17 13:40:07,sell,1.16,US30.cash,52005.85,52048.8,51898.3,2026-06-17 16:30:14,52049.8,0.0,0.0,-50.98,-44.0,10207
142686835,2026-06-18 11:00:11,sell,0.92,US30.cash,51797.8,51852.35,51661.43,2026-06-18 14:06:22,51659.54,0.0,0.0,127.2,138.3,11171
142720662,2026-06-18 12:18:03,sell,0.94,US30.cash,51779.26,51832.76,51646.91,2026-06-18 14:09:42,51646.04,0.0,0.0,125.23,133.2,6699
142783369,2026-06-18 15:39:39,sell,0.79,US30.cash,51715.66,51778.76,51558.26,2026-06-18 15:55:16,51778.94,0.0,0.0,-49.99,-63.3,937
142799232,2026-06-18 16:05:49,buy,0.83,US30.cash,51734.54,51673.66,51885.06,2026-06-18 16:30:01,51880.8,0.0,0.0,121.4,146.3,1452
142806875,2026-06-18 16:24:50,sell,0.83,US30.cash,51789.66,51852.35,51640.29,2026-06-18 16:29:53,51853.54,0.0,0.0,-53.02,-63.9,303
142809899,2026-06-18 16:35:18,sell,0.88,US30.cash,51824.3,51879.66,51680.16,2026-06-18 17:01:51,51682.3,0.0,0.0,124.96,142.0,1593
142818919,2026-06-18 16:37:03,buy,0.59,US30.cash,51771.3,51686.56,51984.06,2026-06-18 16:46:36,51684.8,0.0,0.0,-51.04,-86.5,573
143065147,2026-06-19 10:40:33,sell,1.1,US30.cash,51522.1,51568.96,51409.71,2026-06-19 11:16:57,51569.1,0.0,0.0,-51.7,-47.0,2184
143130345,2026-06-19 14:49:12,sell,0.72,US30.cash,51455.6,51525.6,51283.26,2026-06-19 15:52:54,51524.84,0.0,0.0,-49.85,-69.2,3822
143138252,2026-06-19 15:23:43,sell,0.85,US30.cash,51428.6,51488.1,51281.46,2026-06-19 15:51:21,51489.34,0.0,0.0,-51.63,-60.7,1658
143153788,2026-06-19 16:00:09,sell,1.23,US30.cash,51525.86,51567.6,51425.71,2026-06-22 01:08:57,51424.24,1.8,0.0,124.99,101.6,205728
143433214,2026-06-22 13:26:41,sell,1.12,US30.cash,51610.0,51653.95,51498.2,2026-06-22 14:05:50,51658.74,0.0,0.0,-54.59,-48.7,2349
144295094,2026-06-24 14:31:04,sell,1.18,US30.cash,51680.86,51723.66,51574.91,2026-06-24 14:37:19,51729.94,0.0,0.0,-57.91,-49.1,375
144339621,2026-06-24 15:53:05,buy,1.09,US30.cash,51651.94,51605.95,51766.78,2026-06-24 16:11:39,51604.76,0.0,0.0,-51.43,-47.2,1114
144359913,2026-06-24 16:15:04,buy,0.72,US30.cash,51609.14,51538.36,51780.0,2026-06-24 16:24:34,51539.26,0.0,0.0,-50.31,-69.9,570
144378001,2026-06-24 16:36:10,sell,0.69,US30.cash,51724.9,51797.36,51543.61,2026-06-24 16:50:26,51797.4,0.0,0.0,-50.03,-72.5,856
144664624,2026-06-25 10:24:03,sell,1.18,US30.cash,51936.76,51979.26,51830.51,2026-06-25 13:03:36,51979.44,0.0,0.0,-50.36,-42.7,9573
144691736,2026-06-25 11:35:31,buy,0.81,US30.cash,51920.85,51859.35,52074.43,2026-06-25 16:27:47,52075.46,0.0,0.0,125.23,154.6,17536
144750737,2026-06-25 15:24:13,buy,0.88,US30.cash,51906.25,51848.8,52048.3,2026-06-25 16:26:02,52048.56,0.0,0.0,125.23,142.3,3709
145213676,2026-06-26 15:22:11,buy,0.53,US30.cash,51883.14,51787.66,52120.51,2026-06-26 15:48:38,51787.66,0.0,0.0,-50.6,-95.5,1587
145221798,2026-06-26 15:44:19,buy,0.86,US30.cash,51821.64,51762.86,51967.26,2026-06-26 16:18:10,51763.16,0.0,0.0,-50.29,-58.5,2031
145562572,2026-06-29 10:42:05,sell,0.79,US30.cash,52013.36,52078.66,51856.41,2026-06-29 14:02:34,52079.54,0.0,0.0,-52.28,-66.2,12029
145569687,2026-06-29 11:03:46,sell,0.97,US30.cash,52040.26,52092.06,51912.16,2026-06-29 14:06:42,52092.44,0.0,0.0,-50.61,-52.2,10976
146048752,2026-06-30 13:16:32,buy,0.77,US30.cash,52264.24,52199.0,52426.68,2026-06-30 15:00:47,52198.46,0.0,0.0,-50.65,-65.8,6255
146081601,2026-06-30 15:06:06,buy,0.9,US30.cash,52180.74,52125.0,52319.11,2026-06-30 15:28:30,52125.26,0.0,0.0,-49.93,-55.5,1344
146112791,2026-06-30 16:11:01,buy,0.84,US30.cash,52147.64,52087.26,52295.86,2026-06-30 16:33:32,52081.5,0.0,0.0,-55.56,-66.1,1351
146430275,2026-07-01 11:38:10,sell,1.03,US30.cash,52185.7,52234.86,52065.46,2026-07-01 16:24:22,52235.34,0.0,0.0,-51.13,-49.6,17172
146437773,2026-07-01 12:08:36,buy,0.98,US30.cash,52163.2,52111.65,52290.15,2026-07-01 15:02:31,52111.36,0.0,0.0,-50.8,-51.8,10435
146534533,2026-07-01 16:02:12,sell,0.85,US30.cash,52192.36,52252.05,52045.73,2026-07-01 16:30:01,52278.1,0.0,0.0,-72.88,-85.7,1669
146861611,2026-07-02 11:00:07,sell,0.94,US30.cash,52267.7,52321.2,52135.7,2026-07-02 11:24:47,52321.2,0.0,0.0,-50.29,-53.5,1480
146880075,2026-07-02 11:32:17,sell,1.16,US30.cash,52333.06,52375.56,52225.06,2026-07-02 13:26:00,52376.2,0.0,0.0,-50.04,-43.1,6823
146893432,2026-07-02 12:46:56,sell,0.83,US30.cash,52323.2,52383.65,52172.08,2026-07-02 13:27:38,52385.2,0.0,0.0,-51.46,-62.0,2442
146937849,2026-07-02 15:02:19,buy,1.01,US30.cash,52364.65,52314.7,52487.95,2026-07-02 15:30:43,52490.25,0.0,0.0,126.86,125.6,1704
147264079,2026-07-03 10:33:03,buy,1.05,US30.cash,52930.25,52883.06,53049.31,2026-07-03 11:00:03,52882.8,0.0,0.0,-49.82,-47.5,1620
147301282,2026-07-03 12:53:05,buy,0.94,US30.cash,52799.25,52745.26,52930.9,2026-07-03 14:30:56,52744.9,0.0,0.0,-51.09,-54.4,5871
147354828,2026-07-03 16:32:01,sell,0.74,US30.cash,52796.9,52864.9,52628.65,2026-07-03 17:42:14,52863.9,0.0,0.0,-49.58,-67.0,4213
147627513,2026-07-06 11:56:51,buy,1.18,US30.cash,52903.3,52862.65,53011.4,2026-07-06 12:20:17,52859.15,0.0,0.0,-52.1,-44.2,1406
147654381,2026-07-06 13:17:06,sell,0.92,US30.cash,52899.65,52954.65,52763.94,2026-07-06 16:13:53,52763.3,0.0,0.0,125.44,136.4,10607
147998352,2026-07-07 10:19:34,sell,1.12,US30.cash,53103.95,53148.86,52993.11,2026-07-07 10:32:10,53149.55,0.0,0.0,-51.07,-45.6,756
148049712,2026-07-07 12:42:14,sell,1.24,US30.cash,53167.45,53207.95,53066.38,2026-07-07 14:36:09,53208.05,0.0,0.0,-50.34,-40.6,6835
148068614,2026-07-07 13:55:31,buy,0.78,US30.cash,53122.64,53058.0,53281.83,2026-07-07 15:44:20,53282.36,0.0,0.0,124.58,159.7,6529
148164306,2026-07-07 16:42:15,buy,0.61,US30.cash,53138.55,53054.96,53343.85,2026-07-07 16:55:47,53054.95,0.0,0.0,-51.0,-83.6,812
148461803,2026-07-08 11:11:01,sell,0.81,US30.cash,52708.45,52771.45,52554.45,2026-07-08 11:16:59,52554.24,0.0,0.0,124.91,154.2,358
148539624,2026-07-08 13:23:28,sell,0.75,US30.cash,52221.36,52291.36,52056.51,2026-07-08 13:31:50,52292.74,0.0,0.0,-53.54,-71.4,502
148558253,2026-07-08 14:34:29,sell,0.9,US30.cash,52331.86,52385.76,52191.86,2026-07-08 14:43:35,52388.64,0.0,0.0,-51.1,-56.8,546
148593688,2026-07-08 16:00:07,buy,0.88,US30.cash,52414.24,52356.26,52555.76,2026-07-08 16:29:56,52355.26,0.0,0.0,-51.9,-59.0,1789
148899965,2026-07-09 10:27:41,buy,1.12,US30.cash,52413.05,52368.36,52524.11,2026-07-09 11:40:04,52366.9,0.0,0.0,-51.69,-46.2,4343
148899303,2026-07-09 10:27:42,buy,0.97,US30.cash,52415.0,52362.76,52542.66,2026-07-09 11:48:40,52361.95,0.0,0.0,-51.46,-53.1,4858
149020074,2026-07-09 16:12:56,sell,0.6,US30.cash,52403.76,52486.9,52196.4,2026-07-09 17:35:48,52486.5,0.0,0.0,-49.64,-82.7,4972
149033243,2026-07-09 16:28:04,sell,0.97,US30.cash,52453.76,52505.26,52325.01,2026-07-09 16:31:57,52324.55,0.0,0.0,125.33,129.2,233
149038738,2026-07-09 16:34:01,buy,0.9,US30.cash,52276.55,52218.86,52412.76,2026-07-09 16:52:34,52414.4,0.0,0.0,124.07,137.9,1113
149303900,2026-07-10 11:51:41,buy,1.1,US30.cash,52517.05,52470.45,52629.7,2026-07-10 15:13:50,52624.76,0.0,0.0,118.48,107.7,12129
149710989,2026-07-13 10:34:19,buy,0.93,US30.cash,52556.9,52498.3,52685.55,2026-07-13 12:01:01,52686.25,0.0,0.0,120.3,129.4,5202
150114644,2026-07-14 10:32:05,buy,0.88,US30.cash,52357.04,52299.76,52498.91,2026-07-14 13:38:14,52506.16,0.0,0.0,131.23,149.1,11169
150159096,2026-07-14 12:50:06,sell,0.71,US30.cash,52407.85,52478.26,52231.16,2026-07-14 13:37:53,52481.14,0.0,0.0,-52.04,-73.3,2867
150220534,2026-07-14 15:35:03,sell,1.16,US30.cash,52472.16,52516.16,52365.66,2026-07-14 15:57:20,52365.14,0.0,0.0,124.14,107.0,1337
150499082,2026-07-15 10:52:14,buy,0.56,US30.cash,52507.05,52417.5,52730.58,2026-07-15 16:36:35,52734.45,0.0,0.0,127.34,227.4,20661
150507777,2026-07-15 11:17:07,sell,1.05,US30.cash,52576.96,52624.95,52458.7,2026-07-15 11:39:05,52627.6,0.0,0.0,-53.17,-50.6,1318
150554273,2026-07-15 14:31:40,buy,1.12,US30.cash,52514.05,52467.95,52623.7,2026-07-15 15:34:20,52623.76,0.0,0.0,122.88,109.7,3760
150924856,2026-07-16 13:41:08,sell,0.79,US30.cash,52776.5,52844.56,52624.06,2026-07-16 14:49:56,52624.24,0.0,0.0,120.29,152.3,4128
151275605,2026-07-17 10:18:10,sell,0.96,US30.cash,52252.86,52305.76,52123.76,2026-07-17 11:04:37,52306.24,0.0,0.0,-51.24,-53.4,2787
151299785,2026-07-17 11:41:01,buy,0.99,US30.cash,52175.74,52125.46,52302.21,2026-07-17 13:57:57,52305.26,0.0,0.0,128.22,129.5,8216
151330820,2026-07-17 14:00:00,sell,0.68,US30.cash,52276.76,52341.26,52082.93,2026-07-17 16:01:12,52082.74,0.0,0.0,131.93,194.0,7272
277723915,2026-07-20 14:06:04,sell,0.87,US30.cash,52298.66,52356.76,52155.65,2026-07-20 14:31:33,52357.04,0.0,0.0,-50.79,-58.4,1529
277727107,2026-07-20 14:28:13,sell,0.74,US30.cash,52264.75,52332.16,52096.4,2026-07-20 14:30:15,52333.54,0.0,0.0,-50.9,-68.8,122
278052931,2026-07-21 11:15:01,sell,0.51,US30.cash,52033.26,52131.26,51788.58,2026-07-21 17:08:46,52132.45,0.0,0.0,-50.59,-99.2,21225
278074887,2026-07-21 12:41:02,buy,0.73,US30.cash,52020.0,51951.26,52191.5,2026-07-21 15:15:57,51945.26,0.0,0.0,-54.56,-74.7,9295
278152515,2026-07-21 16:40:11,buy,0.79,US30.cash,51996.45,51931.76,52152.75,2026-07-21 16:41:31,51929.35,0.0,0.0,-53.01,-67.1,80
278446790,2026-07-22 14:13:30,sell,0.78,US30.cash,52180.66,52245.66,52019.91,2026-07-22 16:29:33,52246.04,0.0,0.0,-51.0,-65.4,8163
278449289,2026-07-22 14:21:00,buy,0.75,US30.cash,52150.94,52083.66,52317.81,2026-07-22 14:43:07,52081.06,0.0,0.0,-52.41,-69.9,1327
278797558,2026-07-23 12:05:15,sell,0.78,US30.cash,52101.26,52165.45,51941.45,2026-07-23 14:35:17,51940.74,0.0,0.0,125.21,160.5,9002
278801808,2026-07-23 12:24:09,buy,0.91,US30.cash,52032.55,51977.45,52169.78,2026-07-23 14:33:50,51974.26,0.0,0.0,-53.04,-58.3,7781
279187567,2026-07-24 14:48:17,buy,0.91,US30.cash,51881.55,51825.36,52017.51,2026-07-24 15:59:00,51824.36,0.0,0.0,-52.04,-57.2,4243
279225165,2026-07-24 16:35:00,buy,0.98,US30.cash,51732.05,51676.35,51854.85,2026-07-24 16:47:07,51857.95,0.0,0.0,123.38,125.9,727
279577867,2026-07-27 16:34:40,buy,0.93,US30.cash,52526.25,52472.66,52660.96,2026-07-27 16:47:07,52472.15,0.0,0.0,-50.31,-54.1,747
279834902,2026-07-28 11:13:33,buy,0.9,US30.cash,52241.04,52184.85,52379.28,2026-07-28 12:50:00,52379.4,0.0,0.0,124.52,138.4,5787
280175374,2026-07-29 10:25:01,buy,0.93,US30.cash,52759.85,52706.05,52893.3,2026-07-29 12:26:37,52704.3,0.0,0.0,-51.66,-55.6,7296
280191290,2026-07-29 11:33:45,sell,0.81,US30.cash,52793.66,52855.16,52638.16,2026-07-29 13:07:20,52638.04,0.0,0.0,126.05,155.6,5615
280211918,2026-07-29 13:15:57,buy,1.12,US30.cash,52644.94,52600.36,52756.11,2026-07-29 13:55:13,52599.3,0.0,0.0,-51.12,-45.6,2356
280654193,2026-07-30 15:15:06,sell,0.62,US30.cash,51850.36,51930.36,51650.36,2026-07-30 16:24:42,51931.74,0.0,0.0,-50.46,-81.4,4176
280701412,2026-07-30 16:41:06,buy,0.8,US30.cash,51759.05,51695.26,51914.36,2026-07-30 16:46:53,51913.45,0.0,0.0,123.52,154.4,347
280977487,2026-07-31 13:30:00,sell,0.89,US30.cash,52520.5,52576.55,52380.55,2026-07-31 13:40:34,52577.14,0.0,0.0,-50.41,-56.6,634
281283754,2026-08-03 10:36:13,sell,1.02,US30.cash,52794.05,52843.05,52671.73,2026-08-03 11:36:48,52843.24,0.0,0.0,-50.17,-49.2,3635
281613006,2026-08-04 10:26:12,buy,1.1,US30.cash,53272.95,53226.26,53385.16,2026-08-04 11:42:58,53226.85,0.0,0.0,-50.71,-46.1,4606
281662323,2026-08-04 13:15:24,buy,0.93,US30.cash,53220.94,53167.3,53354.73,2026-08-04 13:30:10,53424.66,0.0,0.0,189.46,203.7,886
281679328,2026-08-04 14:00:02,buy,0.37,US30.cash,53515.14,53367.16,53843.16,2026-08-04 15:12:03,53843.66,0.0,0.0,121.55,328.5,4321
282002068,2026-08-05 10:23:46,buy,1.25,US30.cash,54253.25,54212.46,54352.81,2026-08-05 14:21:21,54358.65,0.0,0.0,131.75,105.4,14255
282013040,2026-08-05 11:08:51,sell,0.98,US30.cash,54274.2,54326.16,54146.96,2026-08-05 13:45:19,54326.34,0.0,0.0,-51.1,-52.1,9388
282118140,2026-08-05 16:25:10,buy,1.01,US30.cash,54327.84,54278.15,54451.4,2026-08-05 16:30:13,54452.65,0.0,0.0,126.06,124.8,303
282391409,2026-08-06 11:05:39,buy,1.04,US30.cash,54455.64,54406.96,54574.96,2026-08-06 16:32:45,54406.55,0.0,0.0,-51.05,-49.1,19626
282401691,2026-08-06 11:37:01,sell,1.05,US30.cash,54514.0,54561.5,54395.25,2026-08-06 16:33:06,54393.65,0.0,0.0,126.37,120.4,17765
