entry_time,direction,level,entry,sl,tp,r,exit_time
2024-01-03 17:00:00,long,37461.8,37491.8,37361.8,37751.8,-1.0307692307692307,2024-01-05 12:48:00
2024-01-05 16:00:00,long,37396.0,37426.0,37296.0,37686.0,-1.0307692307692307,2024-01-08 11:03:00
2024-01-08 12:00:00,long,37248.7,37278.7,37148.7,37538.7,1.9692307692307693,2024-01-08 21:14:00
2024-01-09 10:00:00,short,37624.7,37594.7,37724.7,37334.7,-1.0307692307692307,2024-01-10 21:52:00
2024-01-10 22:00:00,short,37692.3,37662.3,37792.3,37402.3,-1.0307692307692307,2024-01-11 09:18:00
2024-01-12 10:00:00,short,37811.3,37781.3,37911.3,37521.3,1.9692307692307693,2024-01-12 13:48:00
2024-01-16 03:00:00,long,37442.1,37472.1,37342.1,37732.1,-1.0307692307692307,2024-01-16 16:50:00
2024-01-16 17:00:00,long,37357.3,37387.3,37257.3,37647.3,-1.0307692307692307,2024-01-16 20:53:00
2024-01-18 16:00:00,long,37130.7,37160.7,37030.7,37420.7,1.9692307692307693,2024-01-18 21:30:00
2024-01-18 22:00:00,long,37420.6,37450.6,37320.6,37710.6,1.9692307692307693,2024-01-19 19:59:00
2024-01-19 20:00:00,short,37822.6,37792.6,37922.6,37532.6,-1.0307692307692307,2024-01-19 21:27:00
2024-01-24 22:00:00,long,37791.8,37821.8,37691.8,38081.8,1.9692307692307693,2024-01-26 16:32:00
2024-01-26 17:00:00,short,38110.9,38080.9,38210.9,37820.9,-1.0307692307692307,2024-01-26 17:47:00
2024-01-26 19:00:00,short,38077.8,38047.8,38177.8,37787.8,-1.0307692307692307,2024-01-29 22:00:00
2024-01-29 22:00:00,short,38221.3,38191.3,38321.3,37931.3,-1.0307692307692307,2024-01-29 22:25:00
2024-01-30 16:00:00,short,38350.0,38320.0,38450.0,38060.0,-1.0307692307692307,2024-01-30 21:23:00
2024-01-31 22:00:00,long,38238.7,38268.7,38138.7,38528.7,-1.0307692307692307,2024-01-31 23:00:00
2024-02-01 16:00:00,long,38118.0,38148.0,38018.0,38408.0,1.9692307692307693,2024-02-01 19:48:00
2024-02-02 01:00:00,short,38578.4,38548.4,38678.4,38288.4,-1.0307692307692307,2024-02-02 21:02:00
2024-02-05 17:00:00,long,38325.3,38355.3,38225.3,38615.3,-1.0307692307692307,2024-02-05 17:43:00
2024-02-08 16:00:00,short,38752.9,38722.9,38852.9,38462.9,-1.0307692307692307,2024-02-09 15:32:00
2024-02-09 16:00:00,short,38747.4,38717.4,38847.4,38457.4,-1.0307692307692307,2024-02-12 18:23:00
2024-02-12 19:00:00,short,38894.4,38864.4,38994.4,38604.4,1.9692307692307693,2024-02-13 15:30:00
2024-02-15 16:00:00,long,38561.4,38591.4,38461.4,38851.4,-1.0307692307692307,2024-02-21 16:31:00
2024-02-21 17:00:00,long,38467.64,38497.64,38367.64,38757.64,-1.0307692307692307,2024-02-21 22:20:00
2024-02-21 23:00:00,long,38573.69,38603.69,38473.69,38863.69,1.9692307692307693,2024-02-22 16:07:00
2024-02-23 14:00:00,short,39168.88,39138.88,39268.88,38878.88,-1.0307692307692307,2024-02-23 16:56:00
2024-02-27 15:00:00,long,39048.65,39078.65,38948.65,39338.65,-1.0307692307692307,2024-02-27 17:05:00
2024-02-29 15:00:00,short,38968.6,38938.6,39068.6,38678.6,-1.0307692307692307,2024-02-29 16:32:00
2024-03-01 09:00:00,short,39078.81,39048.81,39178.81,38788.81,1.9692307692307693,2024-03-05 16:52:00
2024-03-05 17:00:00,long,38851.02,38881.02,38751.02,39141.02,-1.0307692307692307,2024-03-05 17:49:00
2024-03-07 16:00:00,short,38876.6,38846.6,38976.6,38586.6,-1.0307692307692307,2024-03-08 17:02:00
2024-03-08 18:00:00,short,38919.17,38889.17,39019.17,38629.17,1.9692307692307693,2024-03-11 11:48:00
2024-03-11 13:00:00,long,38602.48,38632.48,38502.48,38892.48,-1.0307692307692307,2024-03-11 17:13:00
2024-03-12 17:00:00,short,38977.23,38947.23,39077.23,38687.23,-1.0307692307692307,2024-03-12 17:52:00
2024-03-13 14:00:00,short,39089.39,39059.39,39189.39,38799.39,-1.0307692307692307,2024-03-13 17:36:00
2024-03-14 14:00:00,short,39234.55,39204.55,39334.55,38944.55,1.9692307692307693,2024-03-14 16:53:00
2024-03-14 17:00:00,long,38957.3,38987.3,38857.3,39247.3,-1.0307692307692307,2024-03-14 20:18:00
2024-03-15 17:00:00,long,38686.49,38716.49,38586.49,38976.49,1.9692307692307693,2024-03-19 18:15:00
2024-03-26 16:00:00,long,39302.05,39332.05,39202.05,39592.05,1.9692307692307693,2024-03-27 16:38:00
2024-04-01 15:00:00,short,39911.02,39881.02,40011.02,39621.02,1.9692307692307693,2024-04-01 17:16:00
2024-04-02 15:00:00,long,39284.24,39314.24,39184.24,39574.24,-1.0307692307692307,2024-04-02 16:31:00
2024-04-03 22:00:00,long,39042.57,39072.57,38942.57,39332.57,1.9692307692307693,2024-04-04 15:48:00
2024-04-04 16:00:00,short,39309.63,39279.63,39409.63,39019.63,1.9692307692307693,2024-04-04 21:16:00
2024-04-08 16:00:00,short,39045.66,39015.66,39145.66,38755.66,1.9692307692307693,2024-04-09 17:30:00
2024-04-09 22:00:00,long,38813.83,38843.83,38713.83,39103.83,-1.0307692307692307,2024-04-10 15:30:00
2024-04-10 17:00:00,long,38540.81,38570.81,38440.81,38830.81,-1.0307692307692307,2024-04-10 18:06:00
2024-04-11 14:00:00,long,38296.38,38326.38,38196.38,38586.38,-1.0307692307692307,2024-04-11 17:18:00
2024-04-12 15:00:00,long,38183.34,38213.34,38083.34,38473.34,-1.0307692307692307,2024-04-12 17:36:00
2024-04-15 20:00:00,long,37849.79,37879.79,37749.79,38139.79,-1.0307692307692307,2024-04-15 20:49:00
2024-04-17 16:00:00,short,38026.23,37996.23,38126.23,37736.23,1.9692307692307693,2024-04-17 17:52:00
2024-04-17 19:00:00,long,37584.63,37614.63,37484.63,37874.63,1.9692307692307693,2024-04-17 21:41:00
2024-04-18 17:00:00,short,38005.68,37975.68,38105.68,37715.68,1.9692307692307693,2024-04-18 20:17:00
2024-04-19 03:00:00,long,37592.68,37622.68,37492.68,37882.68,-1.0307692307692307,2024-04-19 04:13:00
2024-04-19 20:00:00,short,38067.3,38037.3,38167.3,37777.3,-1.0307692307692307,2024-04-22 12:43:00
2024-04-23 16:00:00,short,38447.74,38417.74,38547.74,38157.74,-1.0307692307692307,2024-04-23 20:43:00
2024-04-25 12:00:00,long,38300.67,38330.67,38200.67,38590.67,-1.0307692307692307,2024-04-25 13:43:00
2024-04-25 15:00:00,long,37975.24,38005.24,37875.24,38265.24,-1.0307692307692307,2024-04-25 16:40:00
2024-04-30 13:00:00,short,38405.47,38375.47,38505.47,38115.47,1.9692307692307693,2024-04-30 18:09:00
2024-04-30 19:00:00,long,38035.88,38065.88,37935.88,38325.88,-1.0307692307692307,2024-04-30 21:49:00
2024-04-30 23:00:00,long,37732.38,37762.38,37632.38,38022.38,1.9692307692307693,2024-05-01 21:26:00
2024-05-01 22:00:00,long,38204.97,38234.97,38104.97,38494.97,-1.0307692307692307,2024-05-01 22:36:00
2024-05-02 23:00:00,short,38350.64,38320.64,38450.64,38060.64,-1.0307692307692307,2024-05-02 23:52:00
2024-05-06 12:00:00,short,38795.12,38765.12,38895.12,38505.12,-1.0307692307692307,2024-05-07 09:55:00
2024-05-07 11:00:00,short,38884.0,38854.0,38984.0,38594.0,-1.0307692307692307,2024-05-07 17:19:00
2024-05-08 14:00:00,long,38842.11,38872.11,38742.11,39132.11,1.9692307692307693,2024-05-09 17:01:00
2024-05-13 11:00:00,short,39585.22,39555.22,39685.22,39295.22,-1.0307692307692307,2024-05-15 15:30:00
2024-05-20 11:00:00,short,40056.05,40026.05,40156.05,39766.05,1.9692307692307693,2024-05-22 20:37:00
2024-05-23 16:00:00,long,39565.19,39595.19,39465.19,39855.19,-1.0307692307692307,2024-05-23 16:48:00
2024-05-24 17:00:00,long,39012.46,39042.46,38912.46,39302.46,-1.0307692307692307,2024-05-28 17:38:00
2024-05-31 15:00:00,short,38221.61,38191.61,38321.61,37931.61,-1.0307692307692307,2024-05-31 20:45:00
2024-06-05 07:00:00,short,38835.22,38805.22,38935.22,38545.22,-1.0307692307692307,2024-06-06 16:47:00
2024-06-06 17:00:00,short,38865.78,38835.78,38965.78,38575.78,-1.0307692307692307,2024-06-07 08:27:00
2024-06-07 15:00:00,long,38745.18,38775.18,38645.18,39035.18,1.9692307692307693,2024-06-07 17:39:00
2024-06-07 20:00:00,short,39026.93,38996.93,39126.93,38736.93,1.9692307692307693,2024-06-10 09:51:00
2024-06-10 10:00:00,long,38658.12,38688.12,38558.12,38948.12,-1.0307692307692307,2024-06-11 16:42:00
2024-06-11 18:00:00,long,38674.31,38704.31,38574.31,38964.31,-1.0307692307692307,2024-06-11 19:27:00
2024-06-12 15:00:00,short,39115.87,39085.87,39215.87,38825.87,1.9692307692307693,2024-06-12 19:28:00
2024-06-12 22:00:00,short,38898.31,38868.31,38998.31,38608.31,1.9692307692307693,2024-06-13 11:45:00
2024-06-13 16:00:00,long,38442.48,38472.48,38342.48,38732.48,-1.0307692307692307,2024-06-14 13:02:00
2024-06-14 16:00:00,long,38409.33,38439.33,38309.33,38699.33,-1.0307692307692307,2024-06-14 17:12:00
2024-06-17 19:00:00,short,38735.33,38705.33,38835.33,38445.33,-1.0307692307692307,2024-06-17 21:10:00
2024-06-20 16:00:00,short,38959.35,38929.35,39059.35,38669.35,-1.0307692307692307,2024-06-20 20:17:00
2024-06-21 17:00:00,short,39269.54,39239.54,39369.54,38979.54,-1.0307692307692307,2024-06-24 16:50:00
2024-06-25 18:00:00,short,39275.14,39245.14,39375.14,38985.14,1.9692307692307693,2024-06-26 16:31:00
2024-06-26 17:00:00,long,39010.17,39040.17,38910.17,39300.17,1.9692307692307693,2024-06-28 16:33:00
2024-06-28 17:00:00,short,39275.36,39245.36,39375.36,38985.36,-1.0307692307692307,2024-06-28 17:05:00
2024-06-28 19:00:00,short,39207.78,39177.78,39307.78,38917.78,-1.0307692307692307,2024-07-01 16:32:00
2024-07-01 17:00:00,long,39040.36,39070.36,38940.36,39330.36,1.9692307692307693,2024-07-02 22:43:00
2024-07-03 16:00:00,short,39453.46,39423.46,39553.46,39163.46,1.9692307692307693,2024-07-05 17:10:00
2024-07-05 18:00:00,long,39237.03,39267.03,39137.03,39527.03,1.9692307692307693,2024-07-08 16:30:00
2024-07-08 18:00:00,short,39431.28,39401.28,39531.28,39141.28,1.9692307692307693,2024-07-09 17:19:00
2024-07-09 19:00:00,short,39455.44,39425.44,39555.44,39165.44,-1.0307692307692307,2024-07-10 21:46:00
2024-07-10 22:00:00,short,39690.05,39660.05,39790.05,39400.05,-1.0307692307692307,2024-07-11 15:30:00
2024-07-11 16:00:00,short,39754.45,39724.45,39854.45,39464.45,-1.0307692307692307,2024-07-11 17:07:00
2024-07-12 13:00:00,short,39896.39,39866.39,39996.39,39606.39,-1.0307692307692307,2024-07-12 17:56:00
2024-07-15 13:00:00,short,40275.51,40245.51,40375.51,39985.51,-1.0307692307692307,2024-07-15 18:58:00
2024-07-16 13:00:00,short,40376.43,40346.43,40476.43,40086.43,-1.0307692307692307,2024-07-16 16:38:00
2024-07-18 21:00:00,long,40832.17,40862.17,40732.17,41122.17,-1.0307692307692307,2024-07-18 21:51:00
2024-07-23 12:00:00,short,40499.99,40469.99,40599.99,40209.99,1.9692307692307693,2024-07-24 07:21:00
2024-07-24 08:00:00,long,40243.24,40273.24,40143.24,40533.24,-1.0307692307692307,2024-07-24 11:18:00
2024-07-24 14:00:00,long,40210.28,40240.28,40110.28,40500.28,-1.0307692307692307,2024-07-24 16:54:00
2024-07-25 15:00:00,long,39820.25,39850.25,39720.25,40110.25,1.9692307692307693,2024-07-25 18:02:00
2024-07-26 16:00:00,short,40556.36,40526.36,40656.36,40266.36,-1.0307692307692307,2024-07-26 18:58:00
2024-07-29 17:00:00,short,40458.36,40428.36,40558.36,40168.36,-1.0307692307692307,2024-07-29 18:48:00
2024-07-30 22:00:00,short,40850.16,40820.16,40950.16,40560.16,1.9692307692307693,2024-07-30 23:01:00
2024-08-01 17:00:00,long,40516.18,40546.18,40416.18,40806.18,-1.0307692307692307,2024-08-01 18:11:00
2024-08-01 19:00:00,long,40407.41,40437.41,40307.41,40697.41,-1.0307692307692307,2024-08-01 19:41:00
2024-08-07 16:00:00,short,39452.63,39422.63,39552.63,39162.63,1.9692307692307693,2024-08-07 19:04:00
2024-08-07 23:00:00,long,38614.13,38644.13,38514.13,38904.13,1.9692307692307693,2024-08-08 15:30:00
2024-08-08 21:00:00,short,39475.97,39445.97,39575.97,39185.97,-1.0307692307692307,2024-08-09 20:28:00
2024-08-12 15:00:00,short,39627.85,39597.85,39727.85,39337.85,1.9692307692307693,2024-08-12 16:47:00
2024-08-13 13:00:00,long,39213.35,39243.35,39113.35,39503.35,1.9692307692307693,2024-08-13 15:30:00
2024-08-13 16:00:00,short,39614.97,39584.97,39714.97,39324.97,-1.0307692307692307,2024-08-13 19:47:00
2024-08-21 16:00:00,short,40974.78,40944.78,41074.78,40684.78,1.9692307692307693,2024-08-22 20:03:00
2024-08-23 01:00:00,long,40748.67,40778.67,40648.67,41038.67,1.9692307692307693,2024-08-23 17:02:00
2024-08-23 18:00:00,short,41059.56,41029.56,41159.56,40769.56,-1.0307692307692307,2024-08-23 18:15:00
2024-08-23 19:00:00,short,40994.67,40964.67,41094.67,40704.67,-1.0307692307692307,2024-08-23 21:13:00
2024-08-27 15:00:00,long,41155.41,41185.41,41055.41,41445.41,-1.0307692307692307,2024-08-28 19:23:00
2024-08-28 20:00:00,long,41108.63,41138.63,41008.63,41398.63,-1.0307692307692307,2024-08-28 20:49:00
2024-08-29 14:00:00,short,41382.5,41352.5,41482.5,41092.5,-1.0307692307692307,2024-08-29 18:59:00
2024-08-29 21:00:00,short,41448.41,41418.41,41548.41,41158.41,1.9692307692307693,2024-08-30 19:32:00
2024-08-30 22:00:00,short,41604.84,41574.84,41704.84,41314.84,1.9692307692307693,2024-09-03 16:29:00
2024-09-03 17:00:00,long,41137.67,41167.67,41037.67,41427.67,-1.0307692307692307,2024-09-03 21:01:00
2024-09-03 22:00:00,long,40852.0,40882.0,40752.0,41142.0,1.9692307692307693,2024-09-04 17:55:00
2024-09-05 17:00:00,long,40777.92,40807.92,40677.92,41067.92,-1.0307692307692307,2024-09-05 18:24:00
2024-09-06 17:00:00,long,40525.28,40555.28,40425.28,40815.28,-1.0307692307692307,2024-09-06 18:14:00
2024-09-09 19:00:00,short,41017.41,40987.41,41117.41,40727.41,1.9692307692307693,2024-09-10 16:57:00
2024-09-11 16:00:00,long,40421.15,40451.15,40321.15,40711.15,-1.0307692307692307,2024-09-11 16:40:00
2024-09-11 17:00:00,long,40202.31,40232.31,40102.31,40492.31,-1.0307692307692307,2024-09-11 17:14:00
2024-09-12 07:00:00,short,40946.65,40916.65,41046.65,40656.65,-1.0307692307692307,2024-09-12 15:30:00
2024-09-12 16:00:00,short,41022.69,40992.69,41122.69,40732.69,1.9692307692307693,2024-09-12 16:48:00
2024-09-16 14:00:00,short,41545.05,41515.05,41645.05,41255.05,-1.0307692307692307,2024-09-16 16:30:00
2024-09-17 12:00:00,short,41762.06,41732.06,41862.06,41472.06,-1.0307692307692307,2024-09-18 21:00:00
2024-09-18 21:00:00,short,41855.66,41825.66,41955.66,41565.66,-1.0307692307692307,2024-09-18 21:01:00
2024-09-18 22:00:00,long,41484.41,41514.41,41384.41,41774.41,1.9692307692307693,2024-09-19 06:35:00
2024-09-23 16:00:00,short,42178.61,42148.61,42278.61,41888.61,-1.0307692307692307,2024-09-24 18:11:00
2024-09-24 19:00:00,short,42185.05,42155.05,42285.05,41895.05,-1.0307692307692307,2024-09-25 16:30:00
2024-09-25 20:00:00,long,41852.12,41882.12,41752.12,42142.12,1.9692307692307693,2024-09-26 14:00:00
2024-09-27 15:00:00,short,42286.73,42256.73,42386.73,41996.73,-1.0307692307692307,2024-09-27 16:38:00
2024-09-27 21:00:00,short,42314.18,42284.18,42414.18,42024.18,1.9692307692307693,2024-09-30 21:20:00
2024-10-01 17:00:00,long,41915.46,41945.46,41815.46,42205.46,1.9692307692307693,2024-10-01 18:41:00
2024-10-03 10:00:00,long,41964.06,41994.06,41864.06,42254.06,-1.0307692307692307,2024-10-03 16:46:00
2024-10-03 17:00:00,long,41927.89,41957.89,41827.89,42217.89,1.9692307692307693,2024-10-04 15:50:00
2024-10-04 16:00:00,short,42332.39,42302.39,42432.39,42042.39,1.9692307692307693,2024-10-04 17:27:00
2024-10-04 20:00:00,short,42260.56,42230.56,42360.56,41970.56,-1.0307692307692307,2024-10-07 01:00:00
2024-10-07 21:00:00,long,41828.89,41858.89,41728.89,42118.89,1.9692307692307693,2024-10-08 22:34:00
2024-10-09 16:00:00,short,42132.51,42102.51,42232.51,41842.51,-1.0307692307692307,2024-10-09 16:45:00
2024-10-09 18:00:00,short,42402.7,42372.7,42502.7,42112.7,-1.0307692307692307,2024-10-09 18:53:00
2024-10-11 16:00:00,short,42575.71,42545.71,42675.71,42285.71,-1.0307692307692307,2024-10-11 17:06:00
2024-10-15 22:00:00,long,42726.07,42756.07,42626.07,43016.07,1.9692307692307693,2024-10-16 19:08:00
2024-10-17 14:00:00,short,43191.26,43161.26,43291.26,42901.26,-1.0307692307692307,2024-10-17 16:30:00
2024-10-18 13:00:00,short,43308.85,43278.85,43408.85,43018.85,1.9692307692307693,2024-10-21 18:02:00
2024-10-23 13:00:00,long,42722.82,42752.82,42622.82,43012.82,-1.0307692307692307,2024-10-23 18:08:00
2024-10-24 18:00:00,long,42294.29,42324.29,42194.29,42584.29,1.9692307692307693,2024-10-25 16:30:00
2024-10-25 20:00:00,long,42198.73,42228.73,42098.73,42488.73,-1.0307692307692307,2024-10-25 20:40:00
2024-10-29 17:00:00,short,42504.64,42474.64,42604.64,42214.64,1.9692307692307693,2024-10-30 13:32:00
2024-10-30 14:00:00,long,42185.84,42215.84,42085.84,42475.84,1.9692307692307693,2024-10-30 18:40:00
2024-10-31 09:00:00,long,42042.43,42072.43,41942.43,42332.43,-1.0307692307692307,2024-10-31 12:22:00
2024-11-04 18:00:00,long,41706.51,41736.51,41606.51,41996.51,1.9692307692307693,2024-11-05 16:55:00
2024-11-05 23:00:00,short,42334.48,42304.48,42434.48,42044.48,-1.0307692307692307,2024-11-06 02:22:00
2024-11-06 03:00:00,short,42518.09,42488.09,42618.09,42228.09,-1.0307692307692307,2024-11-06 04:09:00
2024-11-08 16:00:00,short,43897.86,43867.86,43997.86,43607.86,-1.0307692307692307,2024-11-08 17:27:00
2024-11-14 15:00:00,short,44180.92,44150.92,44280.92,43890.92,1.9692307692307693,2024-11-14 19:01:00
2024-11-14 20:00:00,long,43799.17,43829.17,43699.17,44089.17,-1.0307692307692307,2024-11-15 02:43:00
2024-11-15 03:00:00,long,43685.11,43715.11,43585.11,43975.11,-1.0307692307692307,2024-11-15 09:40:00
2024-11-19 11:00:00,long,43290.97,43320.97,43190.97,43580.97,-1.0307692307692307,2024-11-19 11:29:00
2024-11-21 13:00:00,short,43546.22,43516.22,43646.22,43256.22,-1.0307692307692307,2024-11-21 15:35:00
2024-11-22 16:00:00,short,44052.79,44022.79,44152.79,43762.79,-1.0307692307692307,2024-11-22 16:43:00
2024-11-26 13:00:00,short,44846.79,44816.79,44946.79,44556.79,1.9692307692307693,2024-11-26 16:41:00
2024-11-26 17:00:00,long,44540.79,44570.79,44440.79,44830.79,1.9692307692307693,2024-11-26 21:47:00
2024-11-29 18:00:00,short,45042.77,45012.77,45142.77,44752.77,1.9692307692307693,2024-12-02 17:04:00
2024-12-02 18:00:00,long,44786.5,44816.5,44686.5,45076.5,-1.0307692307692307,2024-12-03 16:45:00
2024-12-03 17:00:00,long,44713.27,44743.27,44613.27,45003.27,-1.0307692307692307,2024-12-03 18:44:00
2024-12-03 19:00:00,long,44739.86,44769.86,44639.86,45029.86,1.9692307692307693,2024-12-04 16:32:00
2024-12-04 17:00:00,short,44911.31,44881.31,45011.31,44621.31,-1.0307692307692307,2024-12-04 21:35:00
2024-12-04 22:00:00,short,45103.25,45073.25,45203.25,44813.25,1.9692307692307693,2024-12-05 22:26:00
2024-12-06 21:00:00,long,44606.56,44636.56,44506.56,44896.56,-1.0307692307692307,2024-12-09 22:04:00
2024-12-11 11:00:00,long,44211.94,44241.94,44111.94,44501.94,-1.0307692307692307,2024-12-12 02:21:00
2024-12-16 16:00:00,long,43777.91,43807.91,43677.91,44067.91,-1.0307692307692307,2024-12-17 01:19:00
2024-12-18 21:00:00,long,43352.42,43382.42,43252.42,43642.42,-1.0307692307692307,2024-12-18 21:15:00
2024-12-20 04:00:00,long,42138.13,42168.13,42038.13,42428.13,-1.0307692307692307,2024-12-20 11:08:00
2024-12-20 18:00:00,short,42747.1,42717.1,42847.1,42457.1,-1.0307692307692307,2024-12-20 18:17:00
2024-12-24 19:00:00,short,43175.24,43145.24,43275.24,42885.24,-1.0307692307692307,2024-12-26 18:43:00
2024-12-26 19:00:00,short,43222.72,43192.72,43322.72,42932.72,1.9692307692307693,2024-12-27 17:14:00
2024-12-27 18:00:00,long,42787.43,42817.43,42687.43,43077.43,-1.0307692307692307,2024-12-27 19:07:00
2024-12-30 14:00:00,long,42641.54,42671.54,42541.54,42931.54,-1.0307692307692307,2024-12-30 14:49:00
2025-01-02 10:00:00,short,42694.64,42664.64,42794.64,42404.64,-1.0307692307692307,2025-01-02 13:57:00
2025-01-02 19:00:00,long,42170.22,42200.22,42070.22,42460.22,1.9692307692307693,2025-01-03 11:24:00
2025-01-03 13:00:00,long,42316.57,42346.57,42216.57,42606.57,1.9692307692307693,2025-01-03 20:29:00
2025-01-06 14:00:00,short,42854.67,42824.67,42954.67,42564.67,-1.0307692307692307,2025-01-06 17:09:00
2025-01-07 17:00:00,long,42509.41,42539.41,42409.41,42799.41,-1.0307692307692307,2025-01-07 22:12:00
2025-01-08 16:00:00,long,42284.11,42314.11,42184.11,42574.11,-1.0307692307692307,2025-01-10 15:30:00
2025-01-10 16:00:00,long,42231.24,42261.24,42131.24,42521.24,-1.0307692307692307,2025-01-10 16:48:00
2025-01-15 12:00:00,short,42552.72,42522.72,42652.72,42262.72,-1.0307692307692307,2025-01-15 13:55:00
2025-01-17 13:00:00,short,43262.96,43232.96,43362.96,42972.96,-1.0307692307692307,2025-01-17 16:13:00
2025-01-20 15:00:00,short,43567.54,43537.54,43667.54,43277.54,-1.0307692307692307,2025-01-20 16:40:00
2025-01-21 16:00:00,short,43721.74,43691.74,43821.74,43431.74,-1.0307692307692307,2025-01-21 18:19:00
2025-01-27 19:00:00,short,44510.11,44480.11,44610.11,44220.11,-1.0307692307692307,2025-01-27 21:25:00
2025-01-29 17:00:00,short,44925.61,44895.61,45025.61,44635.61,1.9692307692307693,2025-01-29 20:03:00
2025-01-30 20:00:00,short,44913.2,44883.2,45013.2,44623.2,1.9692307692307693,2025-01-30 22:44:00
2025-01-31 20:00:00,long,44522.7,44552.7,44422.7,44812.7,-1.0307692307692307,2025-02-03 01:01:00
2025-02-03 06:00:00,long,43767.52,43797.52,43667.52,44057.52,1.9692307692307693,2025-02-03 16:32:00
2025-02-05 14:00:00,short,44559.41,44529.41,44659.41,44269.41,-1.0307692307692307,2025-02-05 18:52:00
2025-02-06 12:00:00,short,45014.36,44984.36,45114.36,44724.36,1.9692307692307693,2025-02-06 17:35:00
2025-02-06 21:00:00,short,44628.31,44598.31,44728.31,44338.31,-1.0307692307692307,2025-02-07 11:41:00
2025-02-07 17:00:00,long,44492.9,44522.9,44392.9,44782.9,-1.0307692307692307,2025-02-07 17:54:00
2025-02-07 19:00:00,long,44294.03,44324.03,44194.03,44584.03,-1.0307692307692307,2025-02-10 01:00:00
2025-02-11 15:00:00,long,44256.67,44286.67,44156.67,44546.67,1.9692307692307693,2025-02-11 21:40:00
2025-02-11 22:00:00,short,44584.42,44554.42,44684.42,44294.42,1.9692307692307693,2025-02-12 15:30:00
2025-02-12 16:00:00,long,44125.82,44155.82,44025.82,44415.82,1.9692307692307693,2025-02-12 19:58:00
2025-02-12 22:00:00,long,44250.39,44280.39,44150.39,44540.39,1.9692307692307693,2025-02-13 20:58:00
2025-02-13 21:00:00,short,44603.39,44573.39,44703.39,44313.39,-1.0307692307692307,2025-02-13 21:17:00
2025-02-14 17:00:00,short,44753.6,44723.6,44853.6,44463.6,1.9692307692307693,2025-02-18 16:31:00
2025-02-18 17:00:00,long,44470.2,44500.2,44370.2,44760.2,-1.0307692307692307,2025-02-18 21:07:00
2025-02-19 17:00:00,long,44307.0,44337.0,44207.0,44597.0,1.9692307692307693,2025-02-19 22:31:00
2025-02-20 16:00:00,long,44305.9,44335.9,44205.9,44595.9,-1.0307692307692307,2025-02-20 17:01:00
2025-02-21 15:00:00,long,43943.1,43973.1,43843.1,44233.1,-1.0307692307692307,2025-02-21 16:48:00
2025-02-24 17:00:00,long,43334.7,43364.7,43234.7,43624.7,1.9692307692307693,2025-02-24 19:15:00
2025-02-25 10:00:00,long,43350.8,43380.8,43250.8,43640.8,1.9692307692307693,2025-02-25 16:30:00
2025-02-25 22:00:00,short,43756.0,43726.0,43856.0,43466.0,-1.0307692307692307,2025-02-26 17:44:00
2025-02-26 20:00:00,long,43277.0,43307.0,43177.0,43567.0,1.9692307692307693,2025-02-27 10:31:00
2025-02-27 17:00:00,short,43867.7,43837.7,43967.7,43577.7,1.9692307692307693,2025-02-27 19:10:00
2025-02-27 22:00:00,long,43268.7,43298.7,43168.7,43558.7,-1.0307692307692307,2025-02-28 03:30:00
2025-02-28 20:00:00,long,43093.6,43123.6,42993.6,43383.6,1.9692307692307693,2025-02-28 21:36:00
2025-02-28 22:00:00,short,43888.3,43858.3,43988.3,43598.3,-1.0307692307692307,2025-03-03 14:05:00
2025-03-03 22:00:00,long,43085.7,43115.7,42985.7,43375.7,-1.0307692307692307,2025-03-03 22:28:00
2025-03-04 16:00:00,long,42913.8,42943.8,42813.8,43203.8,-1.0307692307692307,2025-03-04 16:32:00
2025-03-06 16:00:00,long,42352.9,42382.9,42252.9,42642.9,1.9692307692307693,2025-03-06 17:05:00
2025-03-06 19:00:00,long,42409.9,42439.9,42309.9,42699.9,1.9692307692307693,2025-03-07 15:30:00
2025-03-07 16:00:00,long,42366.9,42396.9,42266.9,42656.9,1.9692307692307693,2025-03-07 16:47:00
2025-03-10 20:00:00,long,42161.3,42191.3,42061.3,42451.3,-1.0307692307692307,2025-03-10 20:34:00
2025-03-12 17:00:00,long,41170.9,41200.9,41070.9,41460.9,-1.0307692307692307,2025-03-12 18:02:00
2025-03-13 18:00:00,long,41001.6,41031.6,40901.6,41291.6,-1.0307692307692307,2025-03-13 18:40:00
2025-03-17 16:00:00,short,41520.5,41490.5,41620.5,41230.5,-1.0307692307692307,2025-03-17 16:35:00
2025-03-17 21:00:00,short,41974.8,41944.8,42074.8,41684.8,1.9692307692307693,2025-03-18 13:15:00
2025-03-19 21:00:00,short,42010.5,41980.5,42110.5,41720.5,-1.0307692307692307,2025-03-19 22:07:00
2025-03-20 17:00:00,short,42180.2,42150.2,42280.2,41890.2,1.9692307692307693,2025-03-20 20:27:00
2025-03-21 17:00:00,long,41394.9,41424.9,41294.9,41684.9,1.9692307692307693,2025-03-21 17:58:00
2025-03-24 01:00:00,short,42243.0,42213.0,42343.0,41953.0,-1.0307692307692307,2025-03-24 12:14:00
2025-03-25 16:00:00,short,42629.6,42599.6,42729.6,42339.6,-1.0307692307692307,2025-03-26 16:32:00
2025-03-26 18:00:00,short,42694.2,42664.2,42794.2,42404.2,1.9692307692307693,2025-03-26 20:28:00
2025-03-26 21:00:00,long,42436.9,42466.9,42336.9,42726.9,-1.0307692307692307,2025-03-26 21:48:00
2025-03-28 10:00:00,long,42145.9,42175.9,42045.9,42435.9,-1.0307692307692307,2025-03-28 16:52:00
2025-04-01 18:00:00,short,42139.2,42109.2,42239.2,41849.2,1.9692307692307693,2025-04-01 21:00:00
2025-04-02 18:00:00,short,42143.4,42113.4,42243.4,41853.4,-1.0307692307692307,2025-04-02 19:49:00
2025-04-03 01:00:00,long,41146.7,41176.7,41046.7,41436.7,-1.0307692307692307,2025-04-03 01:21:00
2025-04-08 15:00:00,short,39197.5,39167.5,39297.5,38907.5,-1.0307692307692307,2025-04-08 16:22:00
2025-04-09 20:00:00,short,39450.5,39420.5,39550.5,39160.5,-1.0307692307692307,2025-04-09 20:24:00
2025-04-15 16:00:00,short,40780.2,40750.2,40880.2,40490.2,1.9692307692307693,2025-04-15 17:20:00
2025-04-21 17:00:00,long,38394.6,38424.6,38294.6,38684.6,-1.0307692307692307,2025-04-21 17:49:00
2025-04-28 16:00:00,short,40373.5,40343.5,40473.5,40083.5,1.9692307692307693,2025-04-28 18:25:00
2025-04-28 22:00:00,short,40219.0,40189.0,40319.0,39929.0,-1.0307692307692307,2025-04-29 10:32:00
2025-04-29 13:00:00,short,40405.4,40375.4,40505.4,40115.4,-1.0307692307692307,2025-04-29 18:00:00
2025-04-30 14:00:00,short,40623.3,40593.3,40723.3,40333.3,1.9692307692307693,2025-04-30 15:32:00
2025-04-30 16:00:00,long,39854.0,39884.0,39754.0,40144.0,-1.0307692307692307,2025-04-30 16:57:00
2025-05-05 17:00:00,short,41374.6,41344.6,41474.6,41084.6,1.9692307692307693,2025-05-06 10:36:00
2025-05-06 11:00:00,long,40979.9,41009.9,40879.9,41269.9,-1.0307692307692307,2025-05-06 16:23:00
2025-05-07 19:00:00,short,41232.9,41202.9,41332.9,40942.9,1.9692307692307693,2025-05-07 21:06:00
2025-05-08 11:00:00,short,41429.7,41399.7,41529.7,41139.7,-1.0307692307692307,2025-05-08 18:28:00
2025-05-12 01:00:00,short,41765.4,41735.4,41865.4,41475.4,-1.0307692307692307,2025-05-12 10:00:00
2025-05-15 19:00:00,short,42249.9,42219.9,42349.9,41959.9,-1.0307692307692307,2025-05-15 23:37:00
2025-05-16 14:00:00,short,42473.8,42443.8,42573.8,42183.8,-1.0307692307692307,2025-05-16 21:21:00
2025-05-19 09:00:00,long,42220.8,42250.8,42120.8,42510.8,1.9692307692307693,2025-05-19 16:47:00
2025-05-19 17:00:00,short,42651.7,42621.7,42751.7,42361.7,-1.0307692307692307,2025-05-19 19:53:00
2025-05-21 13:00:00,long,42230.3,42260.3,42130.3,42520.3,-1.0307692307692307,2025-05-21 20:17:00
2025-05-21 22:00:00,long,41754.3,41784.3,41654.3,42044.3,-1.0307692307692307,2025-05-22 14:59:00
2025-05-23 14:00:00,long,41610.6,41640.6,41510.6,41900.6,-1.0307692307692307,2025-05-23 14:44:00
2025-05-26 10:00:00,short,42091.4,42061.4,42191.4,41801.4,-1.0307692307692307,2025-05-27 10:50:00
2025-05-27 15:00:00,short,42105.4,42075.4,42205.4,41815.4,-1.0307692307692307,2025-05-27 19:00:00
2025-05-29 17:00:00,long,42030.5,42060.5,41930.5,42320.5,-1.0307692307692307,2025-05-29 18:57:00
2025-05-29 19:00:00,long,41872.9,41902.9,41772.9,42162.9,1.9692307692307693,2025-05-29 21:40:00
2025-06-02 17:00:00,long,41815.7,41845.7,41715.7,42105.7,1.9692307692307693,2025-06-02 17:35:00
2025-06-02 23:00:00,short,42363.2,42333.2,42463.2,42073.2,1.9692307692307693,2025-06-03 10:21:00
2025-06-03 16:00:00,short,42350.0,42320.0,42450.0,42060.0,-1.0307692307692307,2025-06-03 18:36:00
2025-06-05 15:00:00,short,42643.5,42613.5,42743.5,42353.5,1.9692307692307693,2025-06-05 16:39:00
2025-06-06 16:00:00,short,42655.4,42625.4,42755.4,42365.4,-1.0307692307692307,2025-06-06 16:33:00
2025-06-09 21:00:00,short,42900.1,42870.1,43000.1,42610.1,-1.0307692307692307,2025-06-11 15:30:00
2025-06-11 16:00:00,short,42914.2,42884.2,43014.2,42624.2,-1.0307692307692307,2025-06-11 17:46:00
2025-06-12 13:00:00,long,42539.9,42569.9,42439.9,42829.9,1.9692307692307693,2025-06-12 17:17:00
2025-06-13 01:00:00,short,43108.4,43078.4,43208.4,42818.4,1.9692307692307693,2025-06-13 02:59:00
2025-06-13 05:00:00,long,42194.2,42224.2,42094.2,42484.2,1.9692307692307693,2025-06-13 10:52:00
2025-06-13 21:00:00,long,42170.9,42200.9,42070.9,42460.9,-1.0307692307692307,2025-06-13 21:36:00
2025-06-18 17:00:00,short,42539.7,42509.7,42639.7,42249.7,1.9692307692307693,2025-06-18 21:54:00
2025-06-19 03:00:00,long,42076.3,42106.3,41976.3,42366.3,-1.0307692307692307,2025-06-19 04:05:00
2025-06-19 09:00:00,long,41991.5,42021.5,41891.5,42281.5,-1.0307692307692307,2025-06-19 15:46:00
2025-06-23 17:00:00,short,42428.3,42398.3,42528.3,42138.3,1.9692307692307693,2025-06-23 19:29:00
2025-06-23 20:00:00,short,42516.3,42486.3,42616.3,42226.3,-1.0307692307692307,2025-06-23 22:58:00
2025-06-26 16:00:00,short,43184.4,43154.4,43284.4,42894.4,-1.0307692307692307,2025-06-26 17:36:00
2025-07-01 16:00:00,short,44134.5,44104.5,44234.5,43844.5,-1.0307692307692307,2025-07-01 16:51:00
2025-07-03 16:00:00,short,44655.7,44625.7,44755.7,44365.7,-1.0307692307692307,2025-07-03 17:02:00
2025-07-07 18:00:00,long,44500.9,44530.9,44400.9,44790.9,-1.0307692307692307,2025-07-07 19:19:00
2025-07-07 20:00:00,long,44339.9,44369.9,44239.9,44629.9,-1.0307692307692307,2025-07-07 21:16:00
2025-07-09 03:00:00,long,44150.7,44180.7,44050.7,44440.7,1.9692307692307693,2025-07-09 16:29:00
2025-07-10 17:00:00,short,44563.7,44533.7,44663.7,44273.7,-1.0307692307692307,2025-07-10 18:00:00
2025-07-14 01:00:00,long,44155.9,44185.9,44055.9,44445.9,1.9692307692307693,2025-07-14 20:54:00
2025-07-15 19:00:00,long,44090.4,44120.4,43990.4,44380.4,-1.0307692307692307,2025-07-15 23:13:00
2025-07-17 15:00:00,short,44256.4,44226.4,44356.4,43966.4,-1.0307692307692307,2025-07-17 16:35:00
2025-07-18 02:00:00,short,44599.5,44569.5,44699.5,44309.5,1.9692307692307693,2025-07-18 17:28:00
2025-07-22 14:00:00,long,44213.1,44243.1,44113.1,44503.1,1.9692307692307693,2025-07-22 21:54:00
2025-07-23 02:00:00,short,44646.9,44616.9,44746.9,44356.9,-1.0307692307692307,2025-07-23 13:02:00
2025-07-25 17:00:00,long,44663.3,44693.3,44563.3,44953.3,1.9692307692307693,2025-07-28 01:00:00
2025-07-28 11:00:00,short,45026.8,44996.8,45126.8,44736.8,1.9692307692307693,2025-07-28 21:05:00
2025-07-29 16:00:00,long,44736.3,44766.3,44636.3,45026.3,-1.0307692307692307,2025-07-29 18:23:00
2025-07-29 19:00:00,long,44635.0,44665.0,44535.0,44925.0,-1.0307692307692307,2025-07-30 21:50:00
2025-07-30 23:00:00,long,44564.6,44594.6,44464.6,44854.6,-1.0307692307692307,2025-07-31 16:40:00
2025-07-31 20:00:00,long,44253.9,44283.9,44153.9,44543.9,-1.0307692307692307,2025-07-31 21:16:00
2025-08-06 08:00:00,short,44305.2,44275.2,44405.2,44015.2,1.9692307692307693,2025-08-06 17:25:00
2025-08-07 11:00:00,short,44364.4,44334.4,44464.4,44074.4,-1.0307692307692307,2025-08-07 13:15:00
2025-08-07 17:00:00,long,43913.5,43943.5,43813.5,44203.5,-1.0307692307692307,2025-08-07 19:46:00
2025-08-08 01:00:00,long,44007.6,44037.6,43907.6,44297.6,1.9692307692307693,2025-08-11 04:25:00
2025-08-12 17:00:00,short,44502.0,44472.0,44602.0,44212.0,-1.0307692307692307,2025-08-13 13:03:00
2025-08-19 07:00:00,long,44817.6,44847.6,44717.6,45107.6,1.9692307692307693,2025-08-19 17:02:00
2025-08-20 06:00:00,long,44760.9,44790.9,44660.9,45050.9,-1.0307692307692307,2025-08-21 16:41:00
2025-08-21 17:00:00,long,44756.4,44786.4,44656.4,45046.4,-1.0307692307692307,2025-08-21 20:25:00
2025-08-22 16:00:00,short,45048.4,45018.4,45148.4,44758.4,-1.0307692307692307,2025-08-22 16:44:00
2025-08-22 17:00:00,short,45210.6,45180.6,45310.6,44920.6,-1.0307692307692307,2025-08-22 17:01:00
2025-08-29 11:00:00,long,45436.4,45466.4,45336.4,45726.4,-1.0307692307692307,2025-09-02 10:47:00
2025-09-04 17:00:00,long,45358.9,45388.9,45258.9,45648.9,1.9692307692307693,2025-09-05 03:15:00
2025-09-05 07:00:00,short,45690.9,45660.9,45790.9,45400.9,1.9692307692307693,2025-09-05 17:26:00
2025-09-09 21:00:00,short,45773.7,45743.7,45873.7,45483.7,1.9692307692307693,2025-09-10 17:59:00
2025-09-10 18:00:00,long,45430.8,45460.8,45330.8,45720.8,1.9692307692307693,2025-09-11 16:40:00
2025-09-15 18:00:00,short,45798.4,45768.4,45898.4,45508.4,-1.0307692307692307,2025-09-15 22:59:00
2025-09-16 16:00:00,short,45978.4,45948.4,46078.4,45688.4,1.9692307692307693,2025-09-16 17:03:00
2025-09-16 20:00:00,long,45767.4,45797.4,45667.4,46057.4,1.9692307692307693,2025-09-17 16:39:00
2025-09-17 21:00:00,short,46141.7,46111.7,46241.7,45851.7,-1.0307692307692307,2025-09-17 21:04:00
2025-09-17 22:00:00,short,45964.4,45934.4,46064.4,45674.4,-1.0307692307692307,2025-09-17 22:08:00
2025-09-19 16:00:00,short,46366.5,46336.5,46466.5,46076.5,1.9692307692307693,2025-09-22 16:33:00
2025-09-22 18:00:00,short,46389.7,46359.7,46489.7,46099.7,-1.0307692307692307,2025-09-23 16:30:00
2025-09-24 18:00:00,long,46216.5,46246.5,46116.5,46506.5,-1.0307692307692307,2025-09-24 19:06:00
2025-09-25 14:00:00,long,46024.4,46054.4,45924.4,46314.4,-1.0307692307692307,2025-09-25 16:40:00
2025-09-29 10:00:00,short,46460.3,46430.3,46560.3,46170.3,1.9692307692307693,2025-09-29 16:53:00
2025-09-30 13:00:00,long,46140.9,46170.9,46040.9,46430.9,1.9692307692307693,2025-10-01 16:40:00
2025-10-01 17:00:00,short,46426.6,46396.6,46526.6,46136.6,-1.0307692307692307,2025-10-01 18:45:00
2025-10-01 19:00:00,short,46484.4,46454.4,46584.4,46194.4,-1.0307692307692307,2025-10-02 21:30:00
2025-10-02 22:00:00,short,46538.2,46508.2,46638.2,46248.2,-1.0307692307692307,2025-10-03 07:06:00
2025-10-07 19:00:00,long,46423.1,46453.1,46323.1,46713.1,1.9692307692307693,2025-10-08 13:58:00
2025-10-09 16:00:00,long,46440.4,46470.4,46340.4,46730.4,-1.0307692307692307,2025-10-09 19:58:00
2025-10-10 16:00:00,long,46505.3,46535.3,46405.3,46795.3,-1.0307692307692307,2025-10-10 17:57:00
2025-10-14 19:00:00,long,46262.1,46292.1,46162.1,46552.1,1.9692307692307693,2025-10-15 15:18:00
2025-10-15 16:00:00,short,46643.8,46613.8,46743.8,46353.8,1.9692307692307693,2025-10-15 18:44:00
2025-10-16 19:00:00,long,46026.4,46056.4,45926.4,46316.4,-1.0307692307692307,2025-10-16 19:34:00
2025-10-17 10:00:00,long,45450.7,45480.7,45350.7,45740.7,1.9692307692307693,2025-10-17 14:03:00
2025-10-20 16:00:00,short,46489.7,46459.7,46589.7,46199.7,-1.0307692307692307,2025-10-20 17:43:00
2025-10-20 20:00:00,short,46705.9,46675.9,46805.9,46415.9,-1.0307692307692307,2025-10-21 17:07:00
2025-10-24 16:00:00,short,47139.8,47109.8,47239.8,46849.8,-1.0307692307692307,2025-10-24 18:21:00
2025-10-27 22:00:00,short,47579.6,47549.6,47679.6,47289.6,-1.0307692307692307,2025-10-28 14:25:00
2025-10-29 16:00:00,short,47942.5,47912.5,48042.5,47652.5,-1.0307692307692307,2025-10-29 16:54:00
2025-10-30 16:00:00,long,47369.0,47399.0,47269.0,47659.0,1.9692307692307693,2025-10-30 16:43:00
2025-10-30 18:00:00,short,48043.0,48013.0,48143.0,47753.0,1.9692307692307693,2025-10-30 20:05:00
2025-10-31 19:00:00,long,47393.1,47423.1,47293.1,47683.1,1.9692307692307693,2025-10-31 22:31:00
2025-11-03 16:00:00,long,47342.6,47372.6,47242.6,47632.6,-1.0307692307692307,2025-11-03 17:25:00
2025-11-06 18:00:00,long,46846.2,46876.2,46746.2,47136.2,-1.0307692307692307,2025-11-07 15:00:00
2025-11-07 15:00:00,long,46782.7,46812.7,46682.7,47072.7,-1.0307692307692307,2025-11-07 16:32:00
2025-11-10 21:00:00,short,47385.2,47355.2,47485.2,47095.2,-1.0307692307692307,2025-11-11 16:30:00
2025-11-11 17:00:00,short,47462.9,47432.9,47562.9,47172.9,-1.0307692307692307,2025-11-11 17:53:00
2025-11-13 09:00:00,short,48424.8,48394.8,48524.8,48134.8,1.9692307692307693,2025-11-13 15:39:00
2025-11-14 16:00:00,long,46939.8,46969.8,46839.8,47229.8,1.9692307692307693,2025-11-14 18:24:00
2025-11-17 18:00:00,long,46849.6,46879.6,46749.6,47139.6,1.9692307692307693,2025-11-17 18:50:00
2025-11-17 21:00:00,long,46491.3,46521.3,46391.3,46781.3,-1.0307692307692307,2025-11-18 06:18:00
2025-11-19 18:00:00,long,45907.7,45937.7,45807.7,46197.7,1.9692307692307693,2025-11-19 22:20:00
2025-11-20 19:00:00,long,45900.5,45930.5,45800.5,46190.5,-1.0307692307692307,2025-11-20 19:35:00
2025-11-24 18:00:00,short,46582.0,46552.0,46682.0,46292.0,-1.0307692307692307,2025-11-25 16:32:00
2025-11-25 17:00:00,short,46862.8,46832.8,46962.8,46572.8,-1.0307692307692307,2025-11-25 19:21:00
2025-11-28 16:00:00,short,47573.6,47543.6,47673.6,47283.6,-1.0307692307692307,2025-11-28 17:20:00
2025-12-01 16:00:00,long,47381.7,47411.7,47281.7,47671.7,1.9692307692307693,2025-12-01 16:58:00
2025-12-03 18:00:00,short,47753.2,47723.2,47853.2,47463.2,-1.0307692307692307,2025-12-03 19:45:00
2025-12-04 16:00:00,short,48017.7,47987.7,48117.7,47727.7,1.9692307692307693,2025-12-04 21:20:00
2025-12-05 16:00:00,short,48059.6,48029.6,48159.6,47769.6,1.9692307692307693,2025-12-08 17:59:00
2025-12-08 18:00:00,long,47687.5,47717.5,47587.5,47977.5,-1.0307692307692307,2025-12-09 20:39:00
2025-12-09 21:00:00,long,47608.8,47638.8,47508.8,47898.8,-1.0307692307692307,2025-12-10 12:26:00
2025-12-10 18:00:00,long,47760.1,47790.1,47660.1,48050.1,1.9692307692307693,2025-12-10 21:54:00
2025-12-10 22:00:00,short,48130.0,48100.0,48230.0,47840.0,1.9692307692307693,2025-12-11 05:09:00
2025-12-11 11:00:00,short,48006.5,47976.5,48106.5,47716.5,-1.0307692307692307,2025-12-11 16:17:00
2025-12-15 17:00:00,long,48325.0,48355.0,48225.0,48615.0,-1.0307692307692307,2025-12-16 17:17:00
2025-12-16 18:00:00,short,48196.1,48166.1,48296.1,47906.1,-1.0307692307692307,2025-12-17 16:31:00
2025-12-17 18:00:00,long,47933.5,47963.5,47833.5,48223.5,-1.0307692307692307,2025-12-18 05:14:00
2025-12-18 17:00:00,short,48385.6,48355.6,48485.6,48095.6,1.9692307692307693,2025-12-18 19:06:00
2025-12-19 08:00:00,long,47804.4,47834.4,47704.4,48094.4,1.9692307692307693,2025-12-19 16:30:00
2025-12-22 16:00:00,short,48386.7,48356.7,48486.7,48096.7,-1.0307692307692307,2025-12-23 20:09:00
2025-12-23 23:00:00,short,48455.7,48425.7,48555.7,48165.7,-1.0307692307692307,2025-12-24 16:50:00
2025-12-29 02:00:00,short,48778.2,48748.2,48878.2,48488.2,1.9692307692307693,2025-12-29 17:30:00
2025-12-29 19:00:00,long,48369.9,48399.9,48269.9,48659.9,-1.0307692307692307,2025-12-31 16:37:00
2026-01-02 16:00:00,long,48037.8,48067.8,47937.8,48327.8,-1.0307692307692307,2026-01-02 16:35:00
2026-01-02 21:00:00,long,48297.2,48327.2,48197.2,48587.2,1.9692307692307693,2026-01-05 16:31:00
2026-01-06 17:00:00,short,49214.1,49184.1,49314.1,48924.1,-1.0307692307692307,2026-01-06 19:11:00
2026-01-08 07:00:00,long,48843.6,48873.6,48743.6,49133.6,1.9692307692307693,2026-01-08 17:08:00
2026-01-12 10:00:00,long,49185.0,49215.0,49085.0,49475.0,-1.0307692307692307,2026-01-12 13:00:00
2026-01-12 20:00:00,short,49570.0,49540.0,49670.0,49280.0,-1.0307692307692307,2026-01-13 15:31:00
2026-01-13 16:00:00,short,49637.4,49607.4,49737.4,49347.4,1.9692307692307693,2026-01-13 16:46:00
2026-01-14 12:00:00,long,48995.3,49025.3,48895.3,49285.3,-1.0307692307692307,2026-01-14 17:35:00
2026-01-15 11:00:00,short,49189.1,49159.1,49289.1,48899.1,-1.0307692307692307,2026-01-15 14:27:00
2026-01-16 16:00:00,short,49585.0,49555.0,49685.0,49295.0,1.9692307692307693,2026-01-16 17:34:00
2026-01-19 11:00:00,long,48846.6,48876.6,48746.6,49136.6,-1.0307692307692307,2026-01-20 08:31:00
2026-01-20 17:00:00,long,48858.6,48888.6,48758.6,49148.6,-1.0307692307692307,2026-01-20 18:05:00
2026-01-22 15:00:00,short,49307.8,49277.8,49407.8,49017.8,-1.0307692307692307,2026-01-22 16:30:00
2026-01-22 19:00:00,short,49609.8,49579.8,49709.8,49319.8,1.9692307692307693,2026-01-22 22:41:00
2026-01-28 23:00:00,long,48856.1,48886.1,48756.1,49146.1,1.9692307692307693,2026-01-29 13:30:00
2026-01-29 16:00:00,short,49140.7,49110.7,49240.7,48850.7,-1.0307692307692307,2026-01-29 16:39:00
2026-01-29 17:00:00,long,48718.1,48748.1,48618.1,49008.1,-1.0307692307692307,2026-01-29 18:05:00
2026-01-30 11:00:00,long,48578.8,48608.8,48478.8,48868.8,1.9692307692307693,2026-01-30 13:51:00
2026-02-02 16:00:00,short,49039.3,49009.3,49139.3,48749.3,-1.0307692307692307,2026-02-02 16:45:00
2026-02-02 17:00:00,short,49296.6,49266.6,49396.6,49006.6,-1.0307692307692307,2026-02-02 19:10:00
2026-02-03 16:00:00,short,49481.5,49451.5,49581.5,49191.5,-1.0307692307692307,2026-02-03 16:40:00
2026-02-04 16:00:00,short,49650.6,49620.6,49750.6,49360.6,1.9692307692307693,2026-02-04 16:58:00
2026-02-05 16:00:00,long,49112.7,49142.7,49012.7,49402.7,-1.0307692307692307,2026-02-05 17:11:00
2026-02-05 18:00:00,long,48830.1,48860.1,48730.1,49120.1,1.9692307692307693,2026-02-05 18:55:00
2026-02-06 16:00:00,short,49659.5,49629.5,49759.5,49369.5,-1.0307692307692307,2026-02-06 17:10:00
2026-02-10 16:00:00,short,50265.7,50235.7,50365.7,49975.7,-1.0307692307692307,2026-02-10 16:31:00
2026-02-11 16:00:00,short,50517.1,50487.1,50617.1,50227.1,1.9692307692307693,2026-02-11 17:06:00
2026-02-11 18:00:00,long,50013.9,50043.9,49913.9,50303.9,1.9692307692307693,2026-02-12 11:33:00
2026-02-12 18:00:00,long,49826.2,49856.2,49726.2,50116.2,-1.0307692307692307,2026-02-12 18:20:00
2026-02-18 10:00:00,short,49750.0,49720.0,49850.0,49460.0,1.9692307692307693,2026-02-18 16:30:00
2026-02-18 20:00:00,short,49716.4,49686.4,49816.4,49426.4,1.9692307692307693,2026-02-19 16:33:00
2026-02-19 17:00:00,long,49422.6,49452.6,49322.6,49712.6,-1.0307692307692307,2026-02-19 18:50:00
2026-02-19 20:00:00,long,49164.6,49194.6,49064.6,49454.6,1.9692307692307693,2026-02-20 03:11:00
2026-02-20 16:00:00,long,49194.0,49224.0,49094.0,49484.0,1.9692307692307693,2026-02-20 17:01:00
2026-02-23 16:00:00,short,49715.0,49685.0,49815.0,49425.0,1.9692307692307693,2026-02-23 16:48:00
2026-02-23 17:00:00,long,49149.0,49179.0,49049.0,49439.0,-1.0307692307692307,2026-02-23 17:09:00
2026-02-24 16:00:00,long,48728.1,48758.1,48628.1,49018.1,1.9692307692307693,2026-02-24 16:38:00
2026-02-25 13:00:00,short,49292.9,49262.9,49392.9,49002.9,-1.0307692307692307,2026-02-25 16:02:00
2026-02-26 16:00:00,short,49712.3,49682.3,49812.3,49422.3,-1.0307692307692307,2026-02-26 16:37:00
2026-02-27 16:00:00,long,48754.9,48784.9,48654.9,49044.9,-1.0307692307692307,2026-03-02 01:00:00
2026-03-03 10:00:00,long,48111.4,48141.4,48011.4,48401.4,-1.0307692307692307,2026-03-03 12:33:00
2026-03-04 15:00:00,short,48697.1,48667.1,48797.1,48407.1,1.9692307692307693,2026-03-04 16:40:00
2026-03-05 21:00:00,long,47619.6,47649.6,47519.6,47909.6,1.9692307692307693,2026-03-05 22:50:00
2026-03-06 15:00:00,long,47566.2,47596.2,47466.2,47856.2,-1.0307692307692307,2026-03-06 15:45:00
2026-03-11 16:00:00,long,47431.5,47461.5,47331.5,47721.5,-1.0307692307692307,2026-03-11 17:26:00
2026-03-16 16:00:00,short,47122.9,47092.9,47222.9,46832.9,1.9692307692307693,2026-03-16 17:47:00
2026-03-17 16:00:00,short,47190.2,47160.2,47290.2,46900.2,-1.0307692307692307,2026-03-17 16:30:00
2026-03-18 16:00:00,long,46678.4,46708.4,46578.4,46968.4,-1.0307692307692307,2026-03-18 17:25:00
2026-03-18 21:00:00,long,46379.1,46409.1,46279.1,46669.1,-1.0307692307692307,2026-03-18 22:21:00
2026-03-20 13:00:00,long,45720.6,45750.6,45620.6,46010.6,1.9692307692307693,2026-03-20 16:45:00
2026-03-27 13:00:00,long,45758.2,45788.2,45658.2,46048.2,-1.0307692307692307,2026-03-27 16:30:00
2026-03-27 22:00:00,long,45159.4,45189.4,45059.4,45449.4,-1.0307692307692307,2026-03-27 22:46:00
2026-04-01 09:00:00,short,46680.5,46650.5,46780.5,46390.5,-1.0307692307692307,2026-04-01 15:44:00
2026-04-01 16:00:00,short,46559.2,46529.2,46659.2,46269.2,-1.0307692307692307,2026-04-01 16:30:00
2026-04-06 23:00:00,short,46806.4,46776.4,46906.4,46516.4,1.9692307692307693,2026-04-07 04:56:00
2026-04-07 11:00:00,short,46750.6,46720.6,46850.6,46460.6,1.9692307692307693,2026-04-07 13:56:00
2026-04-08 01:00:00,short,46819.7,46789.7,46919.7,46529.7,-1.0307692307692307,2026-04-08 01:33:00
2026-04-09 18:00:00,short,48040.8,48010.8,48140.8,47750.8,-1.0307692307692307,2026-04-09 19:01:00
2026-04-13 11:00:00,long,47672.9,47702.9,47572.9,47962.9,-1.0307692307692307,2026-04-13 14:31:00
2026-04-14 10:00:00,short,48287.1,48257.1,48387.1,47997.1,-1.0307692307692307,2026-04-14 16:40:00
2026-04-15 18:00:00,short,48326.6,48296.6,48426.6,48036.6,-1.0307692307692307,2026-04-15 21:02:00
2026-04-17 02:00:00,short,48700.9,48670.9,48800.9,48410.9,-1.0307692307692307,2026-04-17 14:47:00
2026-04-21 12:00:00,short,49724.0,49694.0,49824.0,49434.0,-1.0307692307692307,2026-04-21 16:47:00
2026-04-23 03:00:00,long,49040.4,49070.4,48940.4,49330.4,1.9692307692307693,2026-04-23 15:06:00
2026-04-23 20:00:00,long,48953.9,48983.9,48853.9,49243.9,1.9692307692307693,2026-04-23 21:10:00
2026-04-27 18:00:00,long,49074.6,49104.6,48974.6,49364.6,1.9692307692307693,2026-04-28 14:00:00
2026-04-28 14:00:00,short,49363.5,49333.5,49463.5,49073.5,1.9692307692307693,2026-04-29 15:34:00
2026-04-29 16:00:00,long,49031.0,49061.0,48931.0,49321.0,-1.0307692307692307,2026-04-29 16:43:00
2026-04-30 13:00:00,long,49077.6,49107.6,48977.6,49367.6,1.9692307692307693,2026-04-30 17:19:00
2026-05-04 13:00:00,short,49391.2,49361.2,49491.2,49101.2,1.9692307692307693,2026-05-04 13:18:00
2026-05-06 17:00:00,short,49992.1,49962.1,50092.1,49702.1,-1.0307692307692307,2026-05-07 10:14:00
2026-05-08 21:00:00,long,49477.6,49507.6,49377.6,49767.6,1.9692307692307693,2026-05-11 21:03:00
2026-05-12 16:00:00,long,49378.2,49408.2,49278.2,49668.2,1.9692307692307693,2026-05-12 20:02:00
2026-05-12 21:00:00,short,49773.4,49743.4,49873.4,49483.4,1.9692307692307693,2026-05-13 16:37:00
2026-05-13 23:00:00,short,49830.2,49800.2,49930.2,49540.2,-1.0307692307692307,2026-05-14 11:30:00
2026-05-15 23:00:00,long,49447.1,49477.1,49347.1,49737.1,-1.0307692307692307,2026-05-18 02:40:00
2026-05-18 03:00:00,long,49302.1,49332.1,49202.1,49592.1,-1.0307692307692307,2026-05-18 04:05:00
2026-05-19 10:00:00,short,49768.5,49738.5,49868.5,49478.5,1.9692307692307693,2026-05-19 16:20:00
2026-05-20 17:00:00,short,49752.4,49722.4,49852.4,49462.4,-1.0307692307692307,2026-05-20 18:15:00
2026-05-21 13:00:00,short,50203.6,50173.6,50303.6,49913.6,1.9692307692307693,2026-05-21 13:38:00
2026-05-28 16:00:00,long,50352.4,50382.4,50252.4,50642.4,1.9692307692307693,2026-05-28 17:12:00
2026-05-29 12:00:00,short,50827.7,50797.7,50927.7,50537.7,-1.0307692307692307,2026-05-29 17:51:00
2026-06-01 03:00:00,short,51128.2,51098.2,51228.2,50838.2,-1.0307692307692307,2026-06-01 13:11:00
2026-06-02 16:00:00,long,50764.05,50794.05,50664.05,51054.05,1.9692307692307693,2026-06-02 16:32:00
2026-06-02 21:00:00,short,51321.5,51291.5,51421.5,51031.5,1.9692307692307693,2026-06-03 16:29:00
2026-06-03 22:00:00,short,50787.7,50757.7,50887.7,50497.7,-1.0307692307692307,2026-06-04 11:29:00
2026-06-04 16:00:00,short,51373.8,51343.8,51473.8,51083.8,-1.0307692307692307,2026-06-04 17:00:00
2026-06-05 22:00:00,long,50783.11,50813.11,50683.11,51073.11,-1.0307692307692307,2026-06-05 23:19:00
2026-06-08 01:00:00,long,50681.41,50711.41,50581.41,50971.41,-1.0307692307692307,2026-06-08 01:56:00
2026-06-09 16:00:00,short,51276.2,51246.2,51376.2,50986.2,1.9692307692307693,2026-06-09 17:16:00
2026-06-09 18:00:00,long,50571.78,50601.78,50471.78,50861.78,-1.0307692307692307,2026-06-09 18:29:00
2026-06-10 18:00:00,long,50212.3,50242.3,50112.3,50502.3,-1.0307692307692307,2026-06-10 20:36:00
2026-06-12 12:00:00,short,51264.9,51234.9,51364.9,50974.9,1.9692307692307693,2026-06-12 16:40:00
2026-06-16 16:00:00,short,51946.4,51916.4,52046.4,51656.4,-1.0307692307692307,2026-06-16 16:32:00
2026-06-17 16:00:00,short,52204.6,52174.6,52304.6,51914.6,1.9692307692307693,2026-06-17 21:03:00
2026-06-19 07:00:00,long,51384.3,51414.3,51284.3,51674.3,1.9692307692307693,2026-06-22 14:06:00
2026-06-23 10:00:00,long,51305.03,51335.03,51205.03,51595.03,1.9692307692307693,2026-06-23 16:47:00
2026-06-23 20:00:00,short,51897.95,51867.95,51997.95,51607.95,1.9692307692307693,2026-06-24 02:04:00
2026-06-24 16:00:00,short,51879.3,51849.3,51979.3,51589.3,-1.0307692307692307,2026-06-24 17:46:00
2026-06-24 20:00:00,short,51940.3,51910.3,52040.3,51650.3,-1.0307692307692307,2026-06-25 13:11:00
2026-06-25 16:00:00,short,52277.9,52247.9,52377.9,51987.9,-1.0307692307692307,2026-06-25 17:09:00
2026-06-29 16:00:00,short,52134.6,52104.6,52234.6,51844.6,-1.0307692307692307,2026-06-29 16:44:00
2026-06-30 12:00:00,short,52306.6,52276.6,52406.6,52016.6,1.9692307692307693,2026-06-30 16:34:00
2026-07-01 16:00:00,long,52001.5,52031.5,51901.5,52291.5,1.9692307692307693,2026-07-01 17:00:00
2026-07-01 17:00:00,short,52381.5,52351.5,52481.5,52091.5,-1.0307692307692307,2026-07-01 18:24:00
2026-07-02 16:00:00,short,52736.6,52706.6,52836.6,52446.6,1.9692307692307693,2026-07-02 20:40:00
2026-07-06 15:00:00,long,52741.85,52771.85,52641.85,53031.85,1.9692307692307693,2026-07-06 16:31:00
2026-07-06 22:00:00,short,53063.06,53033.06,53163.06,52773.06,-1.0307692307692307,2026-07-07 11:17:00
2026-07-08 11:00:00,long,52634.15,52664.15,52534.15,52924.15,-1.0307692307692307,2026-07-08 11:17:00
2026-07-08 12:00:00,long,52190.16,52220.16,52090.16,52480.16,1.9692307692307693,2026-07-08 15:11:00
2026-07-10 17:00:00,long,52219.26,52249.26,52119.26,52509.26,1.9692307692307693,2026-07-10 17:38:00
2026-07-14 14:00:00,long,52055.3,52085.3,51955.3,52345.3,1.9692307692307693,2026-07-14 15:30:00
2026-07-15 15:00:00,short,52723.46,52693.46,52823.46,52433.46,-1.0307692307692307,2026-07-15 16:37:00
2026-07-15 17:00:00,short,52847.9,52817.9,52947.9,52557.9,1.9692307692307693,2026-07-15 19:15:00
2026-07-16 12:00:00,short,52840.45,52810.45,52940.45,52550.45,1.9692307692307693,2026-07-16 20:39:00
2026-07-16 21:00:00,long,52431.65,52461.65,52331.65,52721.65,-1.0307692307692307,2026-07-17 04:05:00
2026-07-17 16:00:00,long,52004.66,52034.66,51904.66,52294.66,1.9692307692307693,2026-07-17 16:40:00
2026-07-20 17:00:00,long,51932.45,51962.45,51832.45,52222.45,-1.0307692307692307,2026-07-20 21:44:00
2026-07-22 16:00:00,short,52416.25,52386.25,52516.25,52126.25,1.9692307692307693,2026-07-23 09:34:00
2026-07-23 10:00:00,long,52051.66,52081.66,51951.66,52341.66,-1.0307692307692307,2026-07-23 10:11:00
2026-07-23 15:00:00,long,51781.25,51811.25,51681.25,52071.25,-1.0307692307692307,2026-07-23 15:58:00
2026-07-27 08:00:00,short,52371.65,52341.65,52471.65,52081.65,-1.0307692307692307,2026-07-27 12:44:00
2026-07-27 13:00:00,short,52505.8,52475.8,52605.8,52215.8,-1.0307692307692307,2026-07-27 16:36:00
2026-07-28 14:00:00,short,52607.15,52577.15,52707.15,52317.15,-1.0307692307692307,2026-07-28 15:44:00
2026-07-29 17:00:00,long,51990.15,52020.15,51890.15,52280.15,-1.0307692307692307,2026-07-29 17:40:00
2026-07-29 22:00:00,long,51526.95,51556.95,51426.95,51816.95,1.9692307692307693,2026-07-30 14:25:00
2026-08-03 13:00:00,short,52918.4,52888.4,53018.4,52628.4,-1.0307692307692307,2026-08-03 14:21:00
2026-08-11 16:00:00,short,54086.86,54056.86,54186.86,53796.86,-1.0307692307692307,2026-08-11 16:47:00
