trade_id,type,entry_time,entry_price,exit_time,exit_price,stop_loss,take_profit,pnl,pnl_pct,status,be_activated,trailing_activated,rr_ratio,pattern,confidence,max_favorable,max_adverse
1,short,2026-03-09 01:20:00,46527.68,2026-03-09 01:30:00,46570.0,46570.0,46374.21,-42.31999999999971,-0.04231999999999971,closed_sl,False,False,3.626417769376234,engulfing_bearish,0.6666666666666667,24.0,65.0
2,short,2026-03-09 01:35:00,46601.18,2026-03-09 01:40:00,46570.0,46570.0,46374.21,31.18000000000029,0.031193200962647688,closed_sl,False,False,7.279345734445126,pin_bar_bearish,0.6107142857142858,41.5,0.0
3,short,2026-03-09 02:25:00,46643.31,2026-03-09 02:30:00,46570.0,46570.0,46374.21,73.30999999999767,0.07331816764387321,closed_sl,False,False,3.6707134088119915,engulfing_bearish,0.8999999999999999,46.5,0.0
4,short,2026-03-09 04:05:00,46569.31,2026-03-09 04:10:00,46570.0,46570.0,46374.21,-0.6900000000023283,-0.0006895712935291414,closed_sl,False,False,282.7536231874496,pin_bar_bearish,0.8999999999999999,0.0,0.0
5,short,2026-03-09 04:25:00,46493.31,2026-03-09 04:50:00,46374.21,46570.0,46374.21,119.09999999999854,0.11902682230964261,closed_tp,False,False,1.5530056069891112,engulfing_bearish,0.7,103.5,41.0
6,short,2026-03-09 05:00:00,46384.31,2026-03-09 05:05:00,46334.81,46334.81,46196.1,49.5,0.04941077402426698,closed_sl,False,False,3.8022222222222046,pin_bar_bearish,0.6818181818181818,0.0,6.0
7,short,2026-03-09 05:10:00,46386.81,2026-03-09 05:15:00,46334.81,46334.81,46196.1,52.0,0.05188063303950272,closed_sl,False,False,3.667499999999983,pin_bar_bearish,0.8999999999999999,81.0,0.0
8,short,2026-03-09 05:25:00,46374.31,2026-03-09 05:30:00,46334.81,46334.81,46196.1,39.5,0.03938889181397116,closed_sl,False,False,4.511645569620231,pin_bar_bearish,0.8999999999999999,13.0,0.0
9,short,2026-03-09 05:55:00,46436.31,2026-03-09 06:00:00,46334.81,46334.81,46196.1,101.5,0.10117464258437717,closed_sl,False,False,2.366600985221666,pin_bar_bearish,0.8,0.0,13.5
10,short,2026-03-09 06:00:00,46449.81,2026-03-09 06:05:00,46334.81,46334.81,46196.1,115.0,0.11451550778964359,closed_sl,False,False,2.2061739130434708,pin_bar_bearish,0.551923076923077,0.0,18.0
11,short,2026-03-09 06:20:00,46445.31,2026-03-09 06:25:00,46334.81,46334.81,46196.1,110.5,0.10990860378475499,closed_sl,False,False,2.255294117647051,pin_bar_bearish,0.7035714285714285,6.5,0.0
12,short,2026-03-09 06:45:00,46419.31,2026-03-09 06:50:00,46334.81,46334.81,46196.1,84.5,0.08395548153784187,closed_sl,False,False,2.641538461538451,pin_bar_bearish,0.8,0.0,1.5
13,short,2026-03-09 06:50:00,46420.81,2026-03-09 06:55:00,46334.81,46334.81,46196.1,86.0,0.08537413925991344,closed_sl,False,False,2.612906976744176,pin_bar_bearish,0.8,0.0,38.0
14,short,2026-03-09 07:10:00,46490.31,2026-03-09 07:15:00,46334.81,46334.81,46196.1,155.5,0.15423667821606785,closed_sl,False,False,1.8920257234726632,engulfing_bearish,0.5866666666666667,5.5,0.0
15,short,2026-03-09 07:35:00,46504.81,2026-03-09 08:20:00,46570.0,46570.0,46374.21,-65.19000000000233,-0.06456080332297727,closed_sl,False,False,2.0033747507285455,engulfing_bearish,0.8,37.0,157.5
16,short,2026-03-09 08:35:00,46606.81,2026-03-09 08:40:00,46570.0,46570.0,46374.21,36.80999999999767,0.036478270258097564,closed_sl,False,False,6.318935071991667,engulfing_bearish,0.8999999999999999,0.0,48.5
17,short,2026-03-09 08:50:00,46652.81,2026-03-09 08:55:00,46570.0,46570.0,46374.21,82.80999999999767,0.0820337962201625,closed_sl,False,False,3.364327979712672,engulfing_bearish,0.6234375,0.0,34.0
18,short,2026-03-09 09:10:00,46709.41,2026-03-09 09:15:00,46570.0,46570.0,46374.21,139.4100000000035,0.13799006839718958,closed_sl,False,False,2.4044186213327308,pin_bar_bearish,0.8,18.5,0.0
19,short,2026-03-09 09:25:00,46691.41,2026-03-09 09:30:00,46570.0,46570.0,46374.21,121.41000000000349,0.12000780480707667,closed_sl,False,False,2.6126348735688594,engulfing_bearish,0.5173076923076922,1.5,0.0
20,short,2026-03-09 09:30:00,46689.91,2026-03-09 09:35:00,46570.0,46570.0,46374.21,119.91000000000349,0.11838305978004257,closed_sl,False,False,2.632807939287759,pin_bar_bearish,0.8,55.0,0.0
21,short,2026-03-09 09:45:00,46602.41,2026-03-09 09:50:00,46570.0,46570.0,46374.21,32.41000000000349,0.03195945478215751,closed_sl,False,False,7.041036717062011,engulfing_bearish,0.8999999999999999,0.0,11.0
22,short,2026-03-09 09:55:00,46609.91,2026-03-09 10:00:00,46570.0,46570.0,46374.21,39.91000000000349,0.03934262039990625,closed_sl,False,False,5.90578802305146,pin_bar_bearish,0.8999999999999999,20.0,0.0
23,short,2026-03-09 10:15:00,46629.41,2026-03-09 10:20:00,46570.0,46570.0,46374.21,59.41000000000349,0.05854236699570692,closed_sl,False,False,4.2955731358355385,pin_bar_bearish,0.8999999999999999,0.0,87.0
24,short,2026-03-09 10:25:00,46714.91,2026-03-09 10:30:00,46570.0,46570.0,46374.21,144.9100000000035,0.14271016561017236,closed_sl,False,False,2.3511144848526406,pin_bar_bearish,0.8,25.0,0.0
25,short,2026-03-09 10:40:00,46703.41,2026-03-09 10:45:00,46570.0,46570.0,46374.21,133.4100000000035,0.13119751140713581,closed_sl,False,False,2.4675811408439827,pin_bar_bearish,0.8,8.0,0.0
26,short,2026-03-09 10:50:00,46692.41,2026-03-09 10:55:00,46570.0,46570.0,46374.21,122.41000000000349,0.12022220827601734,closed_sl,False,False,2.5994608283636573,pin_bar_bearish,0.8,0.0,15.5
27,short,2026-03-09 10:55:00,46707.91,2026-03-09 11:00:00,46570.0,46570.0,46374.21,137.9100000000035,0.13528254246033877,closed_sl,False,False,2.4196940033354792,pin_bar_bearish,0.5045454545454545,0.0,1.0
28,short,2026-03-09 11:00:00,46708.91,2026-03-09 11:05:00,46570.0,46570.0,46374.21,138.9100000000035,0.13607939881726563,closed_sl,False,False,2.409473759988453,pin_bar_bearish,0.8,0.0,49.0
29,short,2026-03-09 13:20:00,46924.91,2026-03-09 13:25:00,46570.0,46570.0,46374.21,354.9100000000035,0.3472054418052564,closed_sl,False,False,1.5516609844749343,pin_bar_bearish,0.4048387096774193,35.0,0.0
30,short,2026-03-09 13:40:00,46927.41,2026-03-09 13:45:00,46570.0,46570.0,46374.21,357.4100000000035,0.34844136321968305,closed_sl,False,False,1.5478022439215438,pin_bar_bearish,0.5421052631578948,32.5,0.0
31,short,2026-03-09 13:45:00,46894.91,2026-03-09 13:50:00,46570.0,46570.0,46374.21,324.9100000000035,0.31565701952389175,closed_sl,False,False,1.602597642424052,engulfing_bearish,0.7,0.0,26.5
32,short,2026-03-09 14:10:00,46930.41,2026-03-09 14:15:00,46570.0,46570.0,46374.21,360.4100000000035,0.3490442467163038,closed_sl,False,False,1.5432424183568685,engulfing_bearish,0.7,41.0,0.0
33,short,2026-03-09 14:25:00,46844.91,2026-03-09 14:30:00,46570.0,46570.0,46374.21,274.9100000000035,0.26531447742091224,closed_sl,False,False,1.7121967189261882,engulfing_bearish,0.7,0.0,62.0
34,short,2026-03-09 14:45:00,46881.91,2026-03-09 14:50:00,46570.0,46570.0,46374.21,311.9100000000035,0.300226476508155,closed_sl,False,False,1.6277131223750398,pin_bar_bearish,0.7,0.0,44.5
35,short,2026-03-09 15:05:00,46954.41,2026-03-09 15:10:00,46570.0,46570.0,46374.21,384.4100000000035,0.36890322664847985,closed_sl,False,False,1.5093259800733567,pin_bar_bearish,0.47777777777777775,0.0,52.0
36,short,2026-03-09 15:50:00,46867.91,2026-03-09 15:55:00,46570.0,46570.0,46374.21,297.9100000000035,0.28484177279033296,closed_sl,False,False,1.657211909637134,pin_bar_bearish,0.7,0.0,42.0
37,short,2026-03-09 17:45:00,46934.6,2026-03-09 17:50:00,46570.0,46570.0,46374.21,364.59999999999854,0.3476161692049814,closed_sl,False,False,1.5369994514536525,pin_bar_bearish,0.7,0.0,95.0
38,short,2026-03-12 05:15:00,46945.81,2026-03-12 05:20:00,46570.0,46570.0,46374.21,375.8099999999977,0.3570627760084498,closed_sl,False,False,1.5209813469572446,pin_bar_bearish,0.4107142857142857,25.5,0.0
39,short,2026-03-12 06:10:00,46862.31,2026-03-12 06:15:00,46570.0,46570.0,46374.21,292.3099999999977,0.276740025037344,closed_sl,False,False,1.6698026068215335,engulfing_bearish,0.467741935483871,0.0,3.5
40,short,2026-03-12 06:35:00,46823.81,2026-03-12 06:40:00,46570.0,46570.0,46374.21,253.80999999999767,0.23962759298373654,closed_sl,False,False,1.7714038059966222,pin_bar_bearish,0.4833333333333333,0.0,10.0
41,short,2026-03-12 06:45:00,46839.81,2026-03-12 06:50:00,46570.0,46570.0,46374.21,269.8099999999977,0.2541245915955669,closed_sl,False,False,1.7256587969311832,pin_bar_bearish,0.475,0.0,10.5
42,short,2026-03-12 07:45:00,46854.81,2026-03-12 07:50:00,46570.0,46570.0,46374.21,284.8099999999977,0.2675725985967565,closed_sl,False,False,1.6874407499736754,pin_bar_bearish,0.7,0.0,10.60000000000582
43,short,2026-03-12 08:10:00,46919.81,2026-03-12 08:15:00,46570.0,46570.0,46374.21,349.8099999999977,0.32776163846151096,closed_sl,False,False,1.5597038392270153,pin_bar_bearish,0.6499999999999999,10.0,0.0
44,short,2026-03-12 08:15:00,46909.81,2026-03-12 08:20:00,46570.0,46570.0,46374.21,339.8099999999977,0.31735177642655377,closed_sl,False,False,1.576174921279545,engulfing_bearish,0.7,3.0,0.0
45,short,2026-03-12 08:20:00,46906.81,2026-03-12 08:25:00,46570.0,46570.0,46374.21,336.8099999999977,0.3135549757360504,closed_sl,False,False,1.5813069683204246,pin_bar_bearish,0.625,3.5,0.0
46,short,2026-03-12 08:30:00,46906.81,2026-03-12 08:35:00,46570.0,46570.0,46374.21,336.8099999999977,0.31257488164176156,closed_sl,False,False,1.5813069683204246,pin_bar_bearish,0.4136363636363636,4.0,0.0
47,short,2026-03-12 08:45:00,46884.31,2026-03-12 08:50:00,46570.0,46570.0,46374.21,314.3099999999977,0.29078494542381467,closed_sl,False,False,1.622920047087278,engulfing_bearish,0.7,0.0,10.5
48,short,2026-03-12 09:15:00,46901.91,2026-03-12 09:20:00,46570.0,46570.0,46374.21,331.9100000000035,0.3061773265869991,closed_sl,False,False,1.589888825283959,pin_bar_bearish,0.7,0.0,29.0
49,short,2026-03-12 17:15:00,46854.6,2026-03-12 17:20:00,46570.0,46570.0,46374.21,284.59999999999854,0.26173385713212205,closed_sl,False,False,1.6879479971890439,engulfing_bearish,0.7,34.0,0.0
50,short,2026-03-12 17:45:00,46829.6,2026-03-12 17:50:00,46570.0,46570.0,46374.21,259.59999999999854,0.23811923958510242,closed_sl,False,False,1.7541987673343682,pin_bar_bearish,0.7,0.0,0.5
51,short,2026-03-12 17:55:00,46834.6,2026-03-12 18:00:00,46570.0,46570.0,46374.21,264.59999999999854,0.24212895590535083,closed_sl,False,False,1.7399470899470972,pin_bar_bearish,0.7,37.0,0.0
52,short,2026-03-12 18:15:00,46737.6,2026-03-12 18:20:00,46570.0,46570.0,46374.21,167.59999999999854,0.15299619216577198,closed_sl,False,False,2.1681980906921394,pin_bar_bearish,0.8,0.0,45.0
53,short,2026-03-12 18:25:00,46775.6,2026-03-12 18:30:00,46570.0,46570.0,46374.21,205.59999999999854,0.1873983539387957,closed_sl,False,False,1.9522859922179099,pin_bar_bearish,0.7,31.0,0.0
54,short,2026-03-12 20:30:00,46854.6,2026-03-12 20:35:00,46570.0,46570.0,46374.21,284.59999999999854,0.25891932024853564,closed_sl,False,False,1.6879479971890439,pin_bar_bearish,0.5166666666666666,0.0,68.0
55,short,2026-03-12 20:40:00,46836.6,2026-03-12 20:45:00,46570.0,46570.0,46374.21,266.59999999999854,0.24191716723526735,closed_sl,False,False,1.7343960990247635,engulfing_bearish,0.4985401459854014,20.0,0.0
56,short,2026-03-12 20:50:00,46814.1,2026-03-12 20:55:00,46570.0,46570.0,46374.21,244.09999999999854,0.220965747955477,closed_sl,False,False,1.802089307660803,pin_bar_bearish,0.7,0.0,1.0
57,short,2026-03-12 21:05:00,46839.15,2026-03-12 21:10:00,46570.0,46570.0,46374.21,269.15000000000146,0.2431044899498005,closed_sl,False,False,1.72743823146944,pin_bar_bearish,0.7,0.0,23.150000000001455
58,short,2026-03-12 21:15:00,46796.35,2026-03-12 21:20:00,46570.0,46570.0,46374.21,226.34999999999854,0.20395041180232548,closed_sl,False,False,1.8649878506737447,engulfing_bearish,0.7,21.549999999995634,0.0
59,short,2026-03-12 22:20:00,46802.3,2026-03-12 22:25:00,46570.0,46570.0,46374.21,232.3000000000029,0.20888557701291355,closed_sl,False,False,1.8428325441239708,pin_bar_bearish,0.7,0.0,9.5
60,short,2026-03-12 23:05:00,46694.92,2026-03-12 23:10:00,46570.0,46570.0,46374.21,124.91999999999825,0.11209467639122815,closed_sl,False,False,2.5673230867755654,pin_bar_bearish,0.6327702702704422,18.040000000000873,0.0
61,short,2026-03-12 23:25:00,46697.58,2026-03-12 23:30:00,46570.0,46570.0,46374.21,127.58000000000175,0.11435339465464806,closed_sl,False,False,2.5346449286721917,pin_bar_bearish,0.6363636363636364,3.0,0.0
62,short,2026-03-13 01:05:00,46702.68,2026-03-13 01:10:00,46570.0,46570.0,46374.21,132.6800000000003,0.11878882314279897,closed_sl,False,False,2.4756557129936723,pin_bar_bearish,0.5888888888888889,3.0,0.0
63,short,2026-03-13 01:10:00,46699.68,2026-03-13 01:15:00,46570.0,46570.0,46374.21,129.6800000000003,0.11596516001680833,closed_sl,False,False,2.509793337446024,pin_bar_bearish,0.5642857142857143,20.5,0.0
64,short,2026-03-13 02:05:00,46790.31,2026-03-13 02:10:00,46570.0,46570.0,46374.21,220.30999999999767,0.19678201427931033,closed_sl,False,False,1.8887022831464888,pin_bar_bearish,0.7,8.39999999999418,0.0
65,short,2026-03-13 02:45:00,46761.91,2026-03-13 02:50:00,46570.0,46570.0,46374.21,191.9100000000035,0.17107833820719542,closed_sl,False,False,2.0202178104319595,engulfing_bearish,0.8,0.0,4.0
66,short,2026-03-13 02:55:00,46735.91,2026-03-13 03:00:00,46570.0,46570.0,46374.21,165.9100000000035,0.14764802156901977,closed_sl,False,False,2.180097643300565,engulfing_bearish,0.8,14.5,0.0
67,short,2026-03-13 03:20:00,46885.41,2026-03-13 03:25:00,46570.0,46570.0,46374.21,315.4100000000035,0.2802784923734528,closed_sl,False,False,1.62074759836403,pin_bar_bearish,0.7,0.0,15.5
68,short,2026-03-13 03:40:00,46912.41,2026-03-13 03:45:00,46570.0,46570.0,46374.21,342.4100000000035,0.3034207116337117,closed_sl,False,False,1.5717998890219296,pin_bar_bearish,0.4666666666666667,1.5,0.0
69,short,2026-03-13 03:45:00,46910.91,2026-03-13 03:50:00,46570.0,46570.0,46374.21,340.9100000000035,0.30117767707208687,closed_sl,False,False,1.5743158018245251,pin_bar_bearish,0.7,20.0,0.0
70,short,2026-03-13 04:25:00,46913.41,2026-03-13 04:30:00,46570.0,46570.0,46374.21,343.4100000000035,0.3024753193404285,closed_sl,False,False,1.5701348242625401,pin_bar_bearish,0.53125,12.5,0.0
71,short,2026-03-13 04:30:00,46900.91,2026-03-13 04:35:00,46570.0,46570.0,46374.21,330.9100000000035,0.2905863748702132,closed_sl,False,False,1.591671451452053,engulfing_bearish,0.7,4.5,0.0
72,short,2026-03-13 04:40:00,46892.91,2026-03-13 04:45:00,46570.0,46570.0,46374.21,322.9100000000035,0.2827396262331196,closed_sl,False,False,1.6063299371341822,pin_bar_bearish,0.7,12.0,0.0
73,short,2026-03-13 05:40:00,46853.91,2026-03-13 05:45:00,46570.0,46570.0,46374.21,283.9100000000035,0.24789038653996784,closed_sl,False,False,1.6896199499841444,pin_bar_bearish,0.43000000000000005,0.0,3.5
74,short,2026-03-13 05:45:00,46857.41,2026-03-13 05:50:00,46570.0,46570.0,46374.21,287.4100000000035,0.25032580852031255,closed_sl,False,False,1.6812219477401569,pin_bar_bearish,0.7,7.5,0.0
75,short,2026-03-13 06:00:00,46849.91,2026-03-13 06:05:00,46570.0,46570.0,46374.21,279.9100000000035,0.2431847709045014,closed_sl,False,False,1.699474831195736,pin_bar_bearish,0.61,0.0,21.0
76,short,2026-03-13 06:45:00,46880.91,2026-03-13 06:50:00,46570.0,46570.0,46374.21,310.9100000000035,0.26946216509742854,closed_sl,False,False,1.6297320768067887,pin_bar_bearish,0.48750000000000004,0.0,11.5
77,short,2026-03-13 07:00:00,46883.91,2026-03-13 07:05:00,46570.0,46570.0,46374.21,313.9100000000035,0.27133109637090286,closed_sl,False,False,1.6237138033194185,pin_bar_bearish,0.4750000000002099,7.0,0.0
78,short,2026-03-13 08:05:00,46820.91,2026-03-13 08:10:00,46570.0,46570.0,46374.21,250.9100000000035,0.21628958581721253,closed_sl,False,False,1.7803196365230487,pin_bar_bearish,0.6749999999999999,14.5,0.0
79,short,2026-03-13 08:20:00,46827.91,2026-03-13 08:25:00,46570.0,46570.0,46374.21,257.9100000000035,0.22184390467292597,closed_sl,False,False,1.7591407855453385,pin_bar_bearish,0.7,0.0,5.5
80,short,2026-03-13 08:50:00,46831.91,2026-03-13 08:55:00,46570.0,46570.0,46374.21,261.9100000000035,0.2247858715243764,closed_sl,False,False,1.7475468672444667,pin_bar_bearish,0.7,0.0,10.0
81,short,2026-03-13 09:55:00,46670.51,2026-03-13 10:00:00,46570.0,46570.0,46374.21,100.51000000000204,0.08606985402292598,closed_sl,False,False,2.947965376579414,pin_bar_bearish,0.8,31.5,0.0
82,short,2026-03-13 10:35:00,46599.01,2026-03-13 10:40:00,46570.0,46570.0,46374.21,29.010000000002037,0.024820806355360197,closed_sl,False,False,7.749052051016447,pin_bar_bearish,0.8999999999999999,5.0,0.0
84,short,2026-03-13 11:20:00,46472.51,2026-03-13 11:25:00,46334.81,46334.81,46196.1,137.70000000000437,0.11778617421268384,closed_sl,False,False,2.00733478576612,pin_bar_bearish,0.5840000000000001,21.5,0.0
83,short,2026-03-13 11:00:00,46510.01,2026-03-13 11:45:00,46570.0,46570.0,46374.21,-59.98999999999796,-0.05125402774296013,closed_sl,False,False,2.2637106184365314,engulfing_bearish,0.8,68.0,65.5
85,short,2026-03-13 12:05:00,46665.51,2026-03-13 12:10:00,46570.0,46570.0,46374.21,95.51000000000204,0.08164331556146033,closed_sl,False,False,3.049942414406834,pin_bar_bearish,0.6107142857142858,0.0,4.0
86,short,2026-03-13 12:10:00,46669.51,2026-03-13 12:15:00,46570.0,46570.0,46374.21,99.51000000000204,0.08499318158407773,closed_sl,False,False,2.967540950658194,pin_bar_bearish,0.8,1.5,0.0
87,short,2026-03-13 12:35:00,46658.01,2026-03-13 12:40:00,46570.0,46570.0,46374.21,88.01000000000204,0.07510700038035828,closed_sl,False,False,3.224633564367644,pin_bar_bearish,0.8999999999999999,0.0,24.5
88,short,2026-03-13 12:50:00,46694.01,2026-03-13 12:55:00,46570.0,46570.0,46374.21,124.01000000000204,0.10574967488861094,closed_sl,False,False,2.5788242883638226,pin_bar_bearish,0.8,12.5,0.0
89,short,2026-03-13 14:25:00,46832.01,2026-03-13 14:30:00,46570.0,46570.0,46374.21,262.01000000000204,0.22319331270208684,closed_sl,False,False,1.7472615549024821,pin_bar_bearish,0.42068965517241375,15.0,0.0
90,short,2026-03-13 14:35:00,46822.01,2026-03-13 14:40:00,46570.0,46570.0,46374.21,252.01000000000204,0.21419673631524289,closed_sl,False,False,1.7769136145391027,pin_bar_bearish,0.7,0.0,32.5
91,short,2026-03-13 14:45:00,46844.51,2026-03-13 14:50:00,46570.0,46570.0,46374.21,274.51000000000204,0.2328219889262204,closed_sl,False,False,1.7132344905467904,pin_bar_bearish,0.475,0.0,21.5
92,short,2026-03-13 15:00:00,46883.01,2026-03-13 15:05:00,46570.0,46570.0,46374.21,313.01000000000204,0.264858600487867,closed_sl,False,False,1.6255071722948136,pin_bar_bearish,0.7,31.5,0.0
93,short,2026-03-13 15:15:00,46844.01,2026-03-13 15:20:00,46570.0,46570.0,46374.21,274.01000000000204,0.2312456300179643,closed_sl,False,False,1.7145359658406607,engulfing_bearish,0.6499999999999999,11.0,0.0
94,short,2026-03-13 15:30:00,46876.01,2026-03-13 15:35:00,46570.0,46570.0,46374.21,306.01000000000204,0.2576556159595105,closed_sl,False,False,1.639815692297636,pin_bar_bearish,0.490417690417704,5.0,0.0
95,short,2026-03-13 17:00:00,46932.7,2026-03-13 17:05:00,46570.0,46570.0,46374.21,362.6999999999971,0.3046028795595816,closed_sl,False,False,1.5398125172318788,pin_bar_bearish,0.7,49.5,0.0
96,short,2026-03-13 19:35:00,46677.2,2026-03-13 19:40:00,46570.0,46570.0,46374.21,107.19999999999709,0.0897553555354454,closed_sl,False,False,2.826399253731401,pin_bar_bearish,0.7906249999999999,53.5,0.0
97,short,2026-03-13 19:40:00,46623.7,2026-03-13 19:45:00,46570.0,46570.0,46374.21,53.69999999999709,0.044921085698303276,closed_sl,False,False,4.645996275605428,engulfing_bearish,0.8999999999999999,0.0,33.5
98,short,2026-03-13 19:55:00,46627.2,2026-03-13 20:00:00,46570.0,46570.0,46374.21,57.19999999999709,0.04782741860621785,closed_sl,False,False,4.422902097902288,engulfing_bearish,0.7752475247524753,0.0,3.5
99,short,2026-03-13 20:00:00,46630.7,2026-03-13 20:05:00,46570.0,46570.0,46374.21,60.69999999999709,0.05072965880668712,closed_sl,False,False,4.225535420099016,pin_bar_bearish,0.8999999999999999,0.0,25.5
100,short,2026-03-13 20:20:00,46698.7,2026-03-13 20:25:00,46570.0,46570.0,46374.21,128.6999999999971,0.1075057112931173,closed_sl,False,False,2.5212898212898627,engulfing_bearish,0.8,16.0,0.0
101,short,2026-03-13 21:35:00,46685.25,2026-03-13 21:40:00,46570.0,46570.0,46374.21,115.25,0.09616726913409468,closed_sl,False,False,2.6988286334056473,pin_bar_bearish,0.8,0.0,11.94999999999709
102,short,2026-03-13 22:10:00,46646.75,2026-03-13 22:15:00,46570.0,46570.0,46374.21,76.75,0.0639804492419545,closed_sl,False,False,3.551009771986982,pin_bar_bearish,0.7593749999999999,0.0,16.5
103,short,2026-03-13 22:30:00,46575.25,2026-03-13 22:35:00,46570.0,46570.0,46374.21,5.25,0.004373714492415429,closed_sl,False,False,38.2933333333335,pin_bar_bearish,0.8999999999999999,49.55000000000291,0.0
104,short,2026-03-13 22:50:00,46540.7,2026-03-13 22:55:00,46570.0,46570.0,46374.21,-29.30000000000291,-0.024408424755243355,closed_sl,False,False,5.6822525597263285,pin_bar_bearish,0.7532374100721322,0.0,20.05000000000291
106,short,2026-03-16 01:10:00,46474.28,2026-03-16 01:15:00,46334.81,46334.81,46196.1,139.47000000000116,0.11621413397847374,closed_sl,False,False,1.9945507994550653,pin_bar_bearish,0.7,44.0,0.0
105,short,2026-03-13 23:05:00,46515.32,2026-03-16 01:40:00,46570.0,46570.0,46374.21,-54.68000000000029,-0.04550951808932614,closed_sl,False,False,2.580651060716895,pin_bar_bearish,0.6025423728812567,85.04000000000087,59.95999999999913
107,short,2026-03-16 02:00:00,46673.41,2026-03-16 02:05:00,46570.0,46570.0,46374.21,103.41000000000349,0.08610610793814323,closed_sl,False,False,2.893337201431141,pin_bar_bearish,0.8,22.5,0.0
108,short,2026-03-16 04:05:00,46724.41,2026-03-16 04:10:00,46570.0,46570.0,46374.21,154.4100000000035,0.1284615183667302,closed_sl,False,False,2.2679878246227347,pin_bar_bearish,0.6363636363636364,0.0,0.0
109,short,2026-03-16 04:10:00,46724.41,2026-03-16 04:15:00,46570.0,46570.0,46374.21,154.4100000000035,0.12829670646958485,closed_sl,False,False,2.2679878246227347,pin_bar_bearish,0.8,0.0,24.5
110,short,2026-03-16 05:45:00,46715.91,2026-03-16 05:50:00,46570.0,46570.0,46374.21,145.9100000000035,0.1210788573461891,closed_sl,False,False,2.341854567884286,pin_bar_bearish,0.5,13.0,0.0
111,short,2026-03-16 05:50:00,46702.91,2026-03-16 05:55:00,46570.0,46570.0,46374.21,132.9100000000035,0.11015783543293224,closed_sl,False,False,2.4731020991648163,engulfing_bearish,0.6499999999999999,0.0,6.0
112,short,2026-03-16 05:55:00,46708.91,2026-03-16 06:00:00,46570.0,46570.0,46374.21,138.9100000000035,0.1150040409957848,closed_sl,False,False,2.409473759988453,pin_bar_bearish,0.695,0.0,1.5
113,short,2026-03-16 06:00:00,46710.41,2026-03-16 06:05:00,46570.0,46570.0,46374.21,140.4100000000035,0.11611236196823825,closed_sl,False,False,2.3944163521116444,pin_bar_bearish,0.8,0.0,13.0
114,short,2026-03-16 07:05:00,46763.41,2026-03-16 07:10:00,46570.0,46570.0,46374.21,193.4100000000035,0.1597553342224349,closed_sl,False,False,2.012305465074181,pin_bar_bearish,0.6903846153848898,0.0,3.0
115,short,2026-03-16 07:10:00,46766.41,2026-03-16 07:15:00,46570.0,46570.0,46374.21,196.4100000000035,0.16197455067339556,closed_sl,False,False,1.9968433379155714,pin_bar_bearish,0.5285714285714286,0.0,17.5
116,short,2026-03-16 07:25:00,46770.91,2026-03-16 07:30:00,46570.0,46570.0,46374.21,200.9100000000035,0.16541765673551703,closed_sl,False,False,1.9745159524164924,pin_bar_bearish,0.7,9.400000000001455,0.0
117,short,2026-03-16 08:40:00,46762.51,2026-03-16 08:45:00,46570.0,46570.0,46374.21,192.51000000000204,0.15823982667351016,closed_sl,False,False,2.0170380759441007,pin_bar_bearish,0.8,0.0,30.400000000001455
118,short,2026-03-16 08:50:00,46787.91,2026-03-16 08:55:00,46570.0,46570.0,46374.21,217.9100000000035,0.1788351904585365,closed_sl,False,False,1.8984902023771177,pin_bar_bearish,0.5166666666666666,0.0,8.0
119,short,2026-03-16 09:25:00,46759.31,2026-03-16 09:30:00,46570.0,46570.0,46374.21,189.30999999999767,0.155086287074046,closed_sl,False,False,2.034229570545683,pin_bar_bearish,0.5633217993080317,0.0,3.9400000000023283
120,short,2026-03-16 09:30:00,46763.25,2026-03-16 09:35:00,46570.0,46570.0,46374.21,193.25,0.15806886551296398,closed_sl,False,False,2.0131435963777538,pin_bar_bearish,0.6324873096444367,0.0,6.0
121,short,2026-03-16 09:40:00,46766.7,2026-03-16 09:45:00,46570.0,46570.0,46374.21,196.6999999999971,0.16063687662458773,closed_sl,False,False,1.9953736654804461,pin_bar_bearish,0.7,0.0,2.5500000000029104
122,short,2026-03-16 11:10:00,46702.31,2026-03-16 11:15:00,46570.0,46570.0,46374.21,132.30999999999767,0.10787889352831603,closed_sl,False,False,2.4797823293780086,engulfing_bearish,0.5684210526315789,11.0,0.0
123,short,2026-03-16 11:30:00,46701.31,2026-03-16 11:35:00,46570.0,46570.0,46374.21,131.30999999999767,0.1069481695174483,closed_sl,False,False,2.491051709694649,pin_bar_bearish,0.665,23.0,0.0
124,short,2026-03-16 12:25:00,46642.31,2026-03-16 12:30:00,46570.0,46570.0,46374.21,72.30999999999767,0.058831469197765676,closed_sl,False,False,3.7076476282672823,pin_bar_bearish,0.796875,47.5,0.0
125,short,2026-03-16 12:35:00,46598.31,2026-03-16 12:40:00,46570.0,46570.0,46374.21,28.30999999999767,0.023019494120798116,closed_sl,False,False,7.915930766514199,pin_bar_bearish,0.8999999999999999,9.0,0.0
126,short,2026-03-16 12:40:00,46589.31,2026-03-16 12:45:00,46570.0,46570.0,46374.21,19.30999999999767,0.015697779296700163,closed_sl,False,False,11.139306059038036,pin_bar_bearish,0.6236842105263158,0.0,45.0
127,short,2026-03-16 13:30:00,46718.81,2026-03-16 13:35:00,46570.0,46570.0,46374.21,148.80999999999767,0.12095390454094279,closed_sl,False,False,2.3157045897453394,engulfing_bearish,0.5428571428571428,0.0,7.5
128,short,2026-03-16 13:40:00,46729.31,2026-03-16 13:45:00,46570.0,46570.0,46374.21,159.30999999999767,0.12933195268841954,closed_sl,False,False,2.2289875086309947,pin_bar_bearish,0.8,0.0,32.0
129,short,2026-03-16 14:10:00,46782.31,2026-03-16 14:15:00,46570.0,46570.0,46374.21,212.30999999999767,0.1721360879647737,closed_sl,False,False,1.9221892515661203,pin_bar_bearish,0.5269230769230769,0.0,11.5
130,short,2026-03-16 14:20:00,46776.31,2026-03-16 14:25:00,46570.0,46570.0,46374.21,206.30999999999767,0.16698398561174263,closed_sl,False,False,1.9490087732053856,engulfing_bearish,0.6142857142857142,24.0,0.0
131,short,2026-03-16 15:25:00,46872.31,2026-03-16 15:30:00,46570.0,46570.0,46374.21,302.3099999999977,0.2442769334893786,closed_sl,False,False,1.6476464556250285,pin_bar_bearish,0.7,0.0,26.0
132,short,2026-03-16 15:35:00,46901.31,2026-03-16 15:40:00,46570.0,46570.0,46374.21,331.3099999999977,0.26705757621409953,closed_sl,False,False,1.5909571096556163,pin_bar_bearish,0.6625,0.0,31.0
133,short,2026-03-16 15:45:00,46937.31,2026-03-16 15:50:00,46570.0,46570.0,46374.21,367.3099999999977,0.29528734865226813,closed_sl,False,False,1.5330374887697098,pin_bar_bearish,0.6863636363636363,31.5,0.0
134,short,2026-03-16 16:05:00,46924.31,2026-03-16 16:10:00,46570.0,46570.0,46374.21,354.3099999999977,0.28399779701519523,closed_sl,False,False,1.5525951850074855,pin_bar_bearish,0.509090909090909,2.0,0.0
135,short,2026-03-16 16:15:00,46920.81,2026-03-16 16:20:00,46570.0,46570.0,46374.21,350.8099999999977,0.2803960473277108,closed_sl,False,False,1.558108377754346,pin_bar_bearish,0.7,0.0,9.5
136,short,2026-03-16 16:30:00,46899.0,2026-03-16 16:35:00,46570.0,46570.0,46374.21,329.0,0.2622284331659822,closed_sl,False,False,1.595106382978726,engulfing_bearish,0.7,0.0,11.0
137,short,2026-03-16 19:20:00,46847.8,2026-03-16 19:25:00,46570.0,46570.0,46374.21,277.8000000000029,0.22084052476097063,closed_sl,False,False,1.7047876169906364,engulfing_bearish,0.7,2.889999999999418,0.0
138,short,2026-03-16 19:30:00,46836.8,2026-03-16 19:35:00,46570.0,46570.0,46374.21,266.8000000000029,0.21162857788530726,closed_sl,False,False,1.7338455772113897,pin_bar_bearish,0.5098243688254307,0.0,60.5
139,short,2026-03-16 19:50:00,46923.85,2026-03-16 19:55:00,46570.0,46570.0,46374.21,353.84999999999854,0.280084817772312,closed_sl,False,False,1.5533135509396685,pin_bar_bearish,0.7,17.549999999995634,0.0
140,short,2026-03-16 19:55:00,46906.3,2026-03-16 20:00:00,46570.0,46570.0,46374.21,336.3000000000029,0.2654498858557615,closed_sl,False,False,1.5821885221528373,engulfing_bearish,0.7,0.0,11.0
141,short,2026-03-16 20:00:00,46917.3,2026-03-16 20:05:00,46570.0,46570.0,46374.21,347.3000000000029,0.27340669943243684,closed_sl,False,False,1.5637489202418635,pin_bar_bearish,0.7,0.0,15.5
142,short,2026-03-16 20:30:00,46929.8,2026-03-16 20:35:00,46570.0,46570.0,46374.21,359.8000000000029,0.28247483124130984,closed_sl,False,False,1.5441634241245117,pin_bar_bearish,0.40625,11.450000000004366,0.0
143,short,2026-03-16 20:35:00,46918.35,2026-03-16 20:40:00,46570.0,46570.0,46374.21,348.34999999999854,0.27271521642087554,closed_sl,False,False,1.5620496626955696,pin_bar_bearish,0.43241206030129586,7.549999999995634,0.0
144,short,2026-03-16 20:40:00,46910.8,2026-03-16 20:45:00,46570.0,46570.0,46374.21,340.8000000000029,0.2660788572475237,closed_sl,False,False,1.5745011737089178,pin_bar_bearish,0.49473684210546465,44.950000000004366,0.0
145,short,2026-03-16 23:00:00,46936.18,2026-03-16 23:05:00,46570.0,46570.0,46374.21,366.1800000000003,0.2851355515163036,closed_sl,False,False,1.5346823966355363,pin_bar_bearish,0.7,0.0,19.540000000000873
146,short,2026-03-16 23:15:00,46943.88,2026-03-16 23:20:00,46570.0,46570.0,46374.21,373.8799999999974,0.2903035974026079,closed_sl,False,False,1.52367069648016,engulfing_bearish,0.7,34.5,0.0
147,short,2026-03-16 23:30:00,46904.38,2026-03-16 23:35:00,46570.0,46570.0,46374.21,334.3799999999974,0.258881806805791,closed_sl,False,False,1.5855314313057074,pin_bar_bearish,0.7,8.5,0.0
148,short,2026-03-16 23:40:00,46901.88,2026-03-16 23:45:00,46570.0,46570.0,46374.21,331.8799999999974,0.25628280129117226,closed_sl,False,False,1.5899421477642595,pin_bar_bearish,0.573076923076923,0.0,12.0
149,short,2026-03-17 01:30:00,46917.08,2026-03-17 01:35:00,46570.0,46570.0,46374.21,347.08000000000175,0.26733533878484506,closed_sl,False,False,1.564106257923245,engulfing_bearish,0.7,10.5,0.0
150,short,2026-03-17 01:40:00,46905.68,2026-03-17 01:45:00,46570.0,46570.0,46374.21,335.6800000000003,0.25786522347768803,closed_sl,False,False,1.5832638226882767,pin_bar_bearish,0.7,3.900000000001455,0.0
151,short,2026-03-17 02:10:00,46913.31,2026-03-17 02:15:00,46570.0,46570.0,46374.21,343.3099999999977,0.263048185300055,closed_sl,False,False,1.570300894235537,pin_bar_bearish,0.7,1.0,0.0
152,short,2026-03-17 02:20:00,46911.21,2026-03-17 02:25:00,46570.0,46570.0,46374.21,341.2099999999991,0.26075323379556203,closed_sl,False,False,1.5738108496234031,pin_bar_bearish,0.7,0.0,9.099999999998545
153,short,2026-03-17 02:55:00,46929.71,2026-03-17 03:00:00,46570.0,46570.0,46374.21,359.7099999999991,0.2741760408205284,closed_sl,False,False,1.5442995746573667,engulfing_bearish,0.5721311475410247,41.0,0.0
154,short,2026-03-17 03:05:00,46893.71,2026-03-17 03:10:00,46570.0,46570.0,46374.21,323.7099999999991,0.24606169032849967,closed_sl,False,False,1.6048314849711205,pin_bar_bearish,0.7,14.0,0.0
155,short,2026-03-17 03:10:00,46879.71,2026-03-17 03:15:00,46570.0,46570.0,46374.21,309.7099999999991,0.23484201375263716,closed_sl,False,False,1.632172031900815,engulfing_bearish,0.7,7.0,0.0
156,short,2026-03-17 03:35:00,46868.71,2026-03-17 03:40:00,46570.0,46570.0,46374.21,298.7099999999991,0.22597043373825992,closed_sl,False,False,1.6554517759700091,pin_bar_bearish,0.6499999999999999,16.900000000001455,0.0
157,short,2026-03-17 04:10:00,46851.71,2026-03-17 04:15:00,46570.0,46570.0,46374.21,281.7099999999991,0.21262966307206624,closed_sl,False,False,1.6950055021121064,pin_bar_bearish,0.7,12.0,0.0
158,short,2026-03-17 04:15:00,46839.71,2026-03-17 04:20:00,46570.0,46570.0,46374.21,269.7099999999991,0.20314034134747525,closed_sl,False,False,1.7259278484298006,engulfing_bearish,0.7,0.0,5.099999999998545
159,short,2026-03-17 05:25:00,46853.71,2026-03-17 05:30:00,46570.0,46570.0,46374.21,283.7099999999991,0.21325166966714193,closed_sl,False,False,1.6901060942511772,pin_bar_bearish,0.7,0.0,4.099999999998545
160,short,2026-03-17 05:30:00,46857.81,2026-03-17 05:35:00,46570.0,46570.0,46374.21,287.8099999999977,0.21587309683124395,closed_sl,False,False,1.6802751815433878,pin_bar_bearish,0.5645161290327577,5.0,0.0
161,short,2026-03-17 06:20:00,46850.81,2026-03-17 06:25:00,46570.0,46570.0,46374.21,280.8099999999977,0.2101690191211799,closed_sl,False,False,1.6972330045226398,pin_bar_bearish,0.7,18.5,0.0
162,short,2026-03-17 06:30:00,46833.21,2026-03-17 06:35:00,46570.0,46570.0,46374.21,263.2099999999991,0.19658334398866095,closed_sl,False,False,1.743854716766086,pin_bar_bearish,0.7,15.5,0.0
163,short,2026-03-17 06:35:00,46817.71,2026-03-17 06:40:00,46570.0,46570.0,46374.21,247.70999999999913,0.18464389801896258,closed_sl,False,False,1.790400064591666,engulfing_bearish,0.7,8.0,0.0
164,short,2026-03-17 06:50:00,46820.21,2026-03-17 06:55:00,46570.0,46570.0,46374.21,250.20999999999913,0.18616366688779137,closed_sl,False,False,1.7825026977339098,pin_bar_bearish,0.7,3.5,0.0
165,short,2026-03-17 07:05:00,46810.81,2026-03-17 07:10:00,46570.0,46570.0,46374.21,240.80999999999767,0.17883685861743412,closed_sl,False,False,1.813047630912349,pin_bar_bearish,0.5875,0.0,6.600000000005821
166,short,2026-03-17 07:20:00,46812.81,2026-03-17 07:25:00,46570.0,46570.0,46374.21,242.80999999999767,0.1800002461186987,closed_sl,False,False,1.806350644536892,engulfing_bearish,0.5418604651164785,0.0,16.400000000001455
167,short,2026-03-17 07:55:00,46865.21,2026-03-17 08:00:00,46570.0,46570.0,46374.21,295.2099999999991,0.2184522722003657,closed_sl,False,False,1.6632227905558803,engulfing_bearish,0.7,1.0,0.0
168,short,2026-03-17 08:00:00,46864.21,2026-03-17 08:05:00,46570.0,46570.0,46374.21,294.2099999999991,0.21723772205562716,closed_sl,False,False,1.6654770402093793,pin_bar_bearish,0.5,0.0,2.0
169,short,2026-03-17 08:25:00,46872.71,2026-03-17 08:30:00,46570.0,46570.0,46374.21,302.7099999999991,0.22302941747038385,closed_sl,False,False,1.6467906577252203,pin_bar_bearish,0.7,5.400000000001455,0.0
170,short,2026-03-17 08:30:00,46867.31,2026-03-17 08:35:00,46570.0,46570.0,46374.21,297.3099999999977,0.21856336727702386,closed_sl,False,False,1.658538226093984,engulfing_bearish,0.7,10.599999999998545,0.0
171,short,2026-03-17 09:20:00,46715.31,2026-03-17 09:25:00,46570.0,46570.0,46374.21,145.30999999999767,0.10658968677478614,closed_sl,False,False,2.3473952240038813,pin_bar_bearish,0.8,0.0,11.0
172,short,2026-03-17 09:50:00,46706.91,2026-03-17 09:55:00,46570.0,46570.0,46374.21,136.9100000000035,0.10032107727441705,closed_sl,False,False,2.4300635453947548,pin_bar_bearish,0.8,0.0,10.89999999999418
173,short,2026-03-17 10:05:00,46717.31,2026-03-17 10:10:00,46570.0,46570.0,46374.21,147.30999999999767,0.10783351839959093,closed_sl,False,False,2.3291018939651345,pin_bar_bearish,0.6499999999999999,0.0,5.0
174,short,2026-03-17 10:40:00,46779.81,2026-03-17 10:45:00,46570.0,46570.0,46374.21,209.80999999999767,0.15341918353295214,closed_sl,False,False,1.9331776369095994,engulfing_bearish,0.7,7.5,0.0
175,short,2026-03-17 11:30:00,46768.81,2026-03-17 11:35:00,46570.0,46570.0,46374.21,198.80999999999767,0.14515297061274576,closed_sl,False,False,1.9848096172224896,pin_bar_bearish,0.5875,0.0,7.5
176,short,2026-03-17 12:50:00,46926.81,2026-03-17 12:55:00,46570.0,46570.0,46374.21,356.8099999999977,0.26013260266893623,closed_sl,False,False,1.5487234102183296,engulfing_bearish,0.7,0.0,7.5
177,short,2026-03-17 13:20:00,46856.81,2026-03-17 13:25:00,46570.0,46570.0,46374.21,286.8099999999977,0.20855652575557646,closed_sl,False,False,1.6826470485687475,pin_bar_bearish,0.7,0.0,0.0
178,short,2026-03-17 14:10:00,46896.81,2026-03-17 14:15:00,46570.0,46570.0,46374.21,326.8099999999977,0.23714830487688937,closed_sl,False,False,1.5990942749609935,engulfing_bearish,0.7,0.0,5.5
179,short,2026-03-17 14:40:00,46947.81,2026-03-17 14:45:00,46570.0,46570.0,46374.21,377.8099999999977,0.27350762214003504,closed_sl,False,False,1.5182234456472885,pin_bar_bearish,0.42000000000000004,11.5,0.0
180,short,2026-03-17 14:45:00,46936.31,2026-03-17 14:50:00,46570.0,46570.0,46374.21,366.3099999999977,0.2644591225799166,closed_sl,False,False,1.534492642843499,engulfing_bearish,0.58,30.5,0.0
181,short,2026-03-17 14:55:00,46903.31,2026-03-17 15:00:00,46570.0,46570.0,46374.21,333.3099999999977,0.23999992511477947,closed_sl,False,False,1.5874111187783213,pin_bar_bearish,0.7,0.0,61.0
182,short,2026-03-18 02:35:00,46949.01,2026-03-18 02:40:00,46570.0,46570.0,46374.21,379.01000000000204,0.27225281174423227,closed_sl,False,False,1.5165826759188408,engulfing_bearish,0.7,0.0,1.5
183,short,2026-03-18 02:45:00,46949.51,2026-03-18 02:50:00,46570.0,46570.0,46374.21,379.51000000000204,0.2718717962329102,closed_sl,False,False,1.5159020842665538,pin_bar_bearish,0.7,0.0,1.5
184,short,2026-03-18 02:50:00,46951.01,2026-03-18 02:55:00,46570.0,46570.0,46374.21,381.01000000000204,0.27220630781910427,closed_sl,False,False,1.5138710270071647,pin_bar_bearish,0.7,0.9000000000014552,0.0
185,short,2026-03-18 15:50:00,46753.01,2026-03-18 15:55:00,46570.0,46570.0,46374.21,183.01000000000204,0.13039353539902113,closed_sl,False,False,2.0698322496038397,pin_bar_bearish,0.6173913043478261,2.5,0.0
186,short,2026-03-18 15:55:00,46750.51,2026-03-18 16:00:00,46570.0,46570.0,46374.21,180.51000000000204,0.12844481654613576,closed_sl,False,False,2.0846490499141246,pin_bar_bearish,0.8,0.0,0.0
187,short,2026-03-18 16:05:00,46743.01,2026-03-18 16:10:00,46570.0,46570.0,46374.21,173.01000000000204,0.12295014688140182,closed_sl,False,False,2.131668689671109,pin_bar_bearish,0.8,8.0,0.0
188,short,2026-03-18 16:10:00,46735.01,2026-03-18 16:15:00,46570.0,46570.0,46374.21,165.01000000000204,0.11712091923987156,closed_sl,False,False,2.1865341494454786,pin_bar_bearish,0.5970588235294118,0.0,7.5
189,short,2026-03-18 17:05:00,46743.2,2026-03-18 17:10:00,46570.0,46570.0,46374.21,173.1999999999971,0.12279021044412754,closed_sl,False,False,2.1304272517321254,pin_bar_bearish,0.8,140.0,0.0
190,short,2026-03-18 17:30:00,46567.2,2026-03-18 17:35:00,46570.0,46570.0,46374.21,-2.8000000000029104,-0.001982626667364532,closed_sl,False,False,68.92499999992764,pin_bar_bearish,0.74,10.5,0.0
191,short,2026-03-18 17:35:00,46556.7,2026-03-18 17:45:00,46570.0,46570.0,46374.21,-13.30000000000291,-0.009417663387079554,closed_sl,False,False,13.721052631575791,pin_bar_bearish,0.691304347826087,23.5,0.0
192,short,2026-03-18 17:45:00,46533.2,2026-03-18 17:55:00,46570.0,46570.0,46374.21,-36.80000000000291,-0.026060349963591883,closed_sl,False,False,4.320380434782211,pin_bar_bearish,0.8999999999999999,2.9499999999970896,63.0
193,short,2026-03-18 17:50:00,46530.25,2026-03-18 17:55:00,46570.0,46570.0,46374.21,-39.75,-0.02815676468219437,closed_sl,False,False,3.9255345911949906,pin_bar_bearish,0.8999999999999999,0.0,65.94999999999709
194,short,2026-03-18 18:00:00,46606.2,2026-03-18 18:05:00,46570.0,46570.0,46374.21,36.19999999999709,0.025649357412740128,closed_sl,False,False,6.408563535912061,pin_bar_bearish,0.8999999999999999,0.0,54.0
195,short,2026-03-18 18:35:00,46595.75,2026-03-18 18:40:00,46570.0,46570.0,46374.21,25.75,0.018240375421635983,closed_sl,False,False,8.603495145631102,pin_bar_bearish,0.8999999999999999,23.5,0.0
196,short,2026-03-18 18:40:00,46572.25,2026-03-18 18:45:00,46570.0,46570.0,46374.21,2.25,0.0015935285460100177,closed_sl,False,False,88.01777777777816,engulfing_bearish,0.8999999999999999,14.55000000000291,0.0
197,short,2026-03-18 19:05:00,46528.25,2026-03-18 19:10:00,46570.0,46570.0,46374.21,-41.75,-0.029568336284973268,closed_sl,False,False,3.689580838323374,pin_bar_bearish,0.8999999999999999,0.0,52.0
198,short,2026-03-18 20:40:00,46525.25,2026-03-18 20:55:00,46570.0,46570.0,46374.21,-44.75,-0.031702381022380835,closed_sl,False,False,3.3751955307262764,engulfing_bearish,0.6445269016697637,0.0,45.5
199,short,2026-03-18 20:45:00,46531.75,2026-03-18 20:55:00,46570.0,46570.0,46374.21,-38.25,-0.02710615919968156,closed_sl,False,False,4.1186928104575395,pin_bar_bearish,0.8999999999999999,0.0,39.0
200,short,2026-03-18 21:15:00,46498.7,2026-03-18 21:50:00,46374.21,46570.0,46374.21,124.48999999999796,0.08824472390615262,closed_tp,False,False,1.7460028050489884,engulfing_bearish,0.7,179.0,34.05000000000291
201,short,2026-03-18 21:55:00,46310.7,2026-03-18 22:00:00,46334.81,46334.81,46196.1,-24.110000000000582,-0.01707530300695345,closed_sl,False,False,4.753214433844702,pin_bar_bearish,0.6675,0.0,53.0
202,short,2026-03-18 22:45:00,46199.25,2026-03-18 22:50:00,46082.95,46082.95,46004.81,116.30000000000291,0.08238062583350365,closed_sl,False,False,1.6718830610489894,pin_bar_bearish,0.7,0.0,18.94999999999709
203,short,2026-03-18 23:25:00,46066.48,2026-03-18 23:30:00,46082.95,46082.95,46004.81,-16.469999999993888,-0.01165685365311699,closed_sl,False,False,3.7443837279920107,engulfing_bearish,0.7615384615384615,0.0,10.0
204,short,2026-03-19 01:50:00,46096.98,2026-03-19 01:55:00,46082.95,46082.95,46004.81,14.030000000006112,0.009931070021480335,closed_sl,False,False,6.569493941551346,pin_bar_bearish,0.73125,0.0,7.599999999998545
205,short,2026-03-19 02:30:00,46153.21,2026-03-19 02:35:00,46082.95,46082.95,46004.81,70.26000000000204,0.049728274544241995,closed_sl,False,False,2.1121548534016106,pin_bar_bearish,0.8,0.0,3.400000000001455
206,short,2026-03-19 02:40:00,46147.11,2026-03-19 02:45:00,46082.95,46082.95,46004.81,64.16000000000349,0.04538827597345392,closed_sl,False,False,2.217892768079725,pin_bar_bearish,0.5525,0.0,9.0
207,short,2026-03-19 02:55:00,46152.11,2026-03-19 03:00:00,46082.95,46082.95,46004.81,69.16000000000349,0.04890319592567886,closed_sl,False,False,2.1298438403700906,pin_bar_bearish,0.8,0.0,23.5
208,short,2026-03-19 03:35:00,46125.61,2026-03-19 03:40:00,46082.95,46082.95,46004.81,42.66000000000349,0.030150240215998565,closed_sl,False,False,2.831692451945453,pin_bar_bearish,0.8,27.5,0.0
209,short,2026-03-19 04:00:00,46127.11,2026-03-19 04:05:00,46082.95,46082.95,46004.81,44.16000000000349,0.031200968077865217,closed_sl,False,False,2.7694746376810064,engulfing_bearish,0.8,0.0,12.5
210,short,2026-03-19 04:55:00,46163.61,2026-03-19 05:00:00,46082.95,46082.95,46004.81,80.66000000000349,0.056972035884332875,closed_sl,False,False,1.9687577485742132,engulfing_bearish,0.7,2.5,0.0
211,short,2026-03-19 05:40:00,46288.61,2026-03-19 07:45:00,46196.1,46334.81,46196.1,92.51000000000204,0.06530476131784024,closed_tp,False,False,2.0023809523811225,pin_bar_bearish,0.8,88.0,0.09999999999854481
212,short,2026-03-19 06:20:00,46283.71,2026-03-19 07:45:00,46196.1,46334.81,46196.1,87.61000000000058,0.06180538604909751,closed_tp,False,False,1.714481409002017,pin_bar_bearish,0.7,83.09999999999854,0.0
213,short,2026-03-19 08:05:00,46226.61,2026-03-19 08:10:00,46082.95,46082.95,46004.81,143.6600000000035,0.1012838428581835,closed_sl,False,False,1.5439231518863812,pin_bar_bearish,0.7,0.0,1.5
214,short,2026-03-19 08:20:00,46222.11,2026-03-19 08:25:00,46082.95,46082.95,46004.81,139.1600000000035,0.09801196160066801,closed_sl,False,False,1.5615119287151298,engulfing_bearish,0.6769230769230768,15.5,0.0
215,short,2026-03-19 08:45:00,46151.11,2026-03-19 08:50:00,46082.95,46082.95,46004.81,68.16000000000349,0.04795885333027541,closed_sl,False,False,2.14642018779336,pin_bar_bearish,0.8,0.0,40.0
216,short,2026-03-19 09:15:00,46229.71,2026-03-19 09:20:00,46082.95,46082.95,46004.81,146.76000000000204,0.10321401668289149,closed_sl,False,False,1.5324339056963636,pin_bar_bearish,0.4,1.0,0.0
217,short,2026-03-19 09:40:00,46193.21,2026-03-19 09:45:00,46082.95,46082.95,46004.81,110.26000000000204,0.07746418265135448,closed_sl,False,False,1.7086885543261199,pin_bar_bearish,0.7,0.0,1.0
218,short,2026-03-19 11:00:00,46111.71,2026-03-19 11:05:00,46082.95,46082.95,46004.81,28.760000000002037,0.020189963973271163,closed_sl,False,False,3.716968011126352,pin_bar_bearish,0.8999999999999999,0.0,58.5
219,short,2026-03-19 11:15:00,46158.21,2026-03-19 11:20:00,46082.95,46082.95,46004.81,75.26000000000204,0.052823016854024976,closed_sl,False,False,2.038267339888351,pin_bar_bearish,0.8,0.0,6.0
220,short,2026-03-19 12:15:00,46139.21,2026-03-19 12:20:00,46082.95,46082.95,46004.81,56.26000000000204,0.03946656856846415,closed_sl,False,False,2.3889086384642124,engulfing_bearish,0.5214285714285714,0.0,3.5
221,short,2026-03-19 12:20:00,46142.71,2026-03-19 12:25:00,46082.95,46082.95,46004.81,59.76000000000204,0.04190529109697119,closed_sl,False,False,2.3075635876840153,pin_bar_bearish,0.8,108.5,0.0
222,short,2026-03-19 12:40:00,46092.21,2026-03-19 12:45:00,46082.95,46082.95,46004.81,9.260000000002037,0.00649063676581384,closed_sl,False,False,9.438444924404129,pin_bar_bearish,0.8999999999999999,0.0,113.0
223,short,2026-03-19 12:55:00,46237.21,2026-03-19 13:00:00,46082.95,46082.95,46004.81,154.26000000000204,0.10811886009667732,closed_sl,False,False,1.5065473875275404,pin_bar_bearish,0.7,34.0,0.0
224,short,2026-03-19 13:05:00,46197.21,2026-03-19 13:10:00,46082.95,46082.95,46004.81,114.26000000000204,0.07999688021969088,closed_sl,False,False,1.6838788727463507,pin_bar_bearish,0.7,16.0,0.0
225,short,2026-03-19 13:10:00,46181.21,2026-03-19 13:15:00,46082.95,46082.95,46004.81,98.26000000000204,0.06873980681917756,closed_sl,False,False,1.795237125992243,pin_bar_bearish,0.42499999999999993,0.0,0.0
226,short,2026-03-19 14:00:00,46143.21,2026-03-19 14:05:00,46082.95,46082.95,46004.81,60.26000000000204,0.04212716601689873,closed_sl,False,False,2.2967142383006434,pin_bar_bearish,0.8,11.0,0.0
227,short,2026-03-19 14:05:00,46132.21,2026-03-19 14:10:00,46082.95,46082.95,46004.81,49.26000000000204,0.034422674242078816,closed_sl,False,False,2.5862768980916804,engulfing_bearish,0.8,0.0,13.0
228,short,2026-03-19 14:10:00,46145.21,2026-03-19 14:15:00,46082.95,46082.95,46004.81,62.26000000000204,0.04349204670456365,closed_sl,False,False,2.255059428204254,pin_bar_bearish,0.5803571428571428,25.5,0.0
229,short,2026-03-19 14:30:00,46074.71,2026-03-19 14:50:00,46082.95,46082.95,46004.81,-8.239999999997963,-0.0057535924865888145,closed_sl,False,False,8.483009708740138,engulfing_bearish,0.875,42.0,12.5
230,long,2026-03-19 15:30:00,45940.21,2026-03-19 15:35:00,45929.9,45929.9,46082.21,-10.309999999997672,-0.007199387346799265,closed_sl,False,False,13.773035887490986,pin_bar_bullish,0.8999999999999999,0.0,24.0
231,long,2026-03-19 15:40:00,45967.71,2026-03-19 15:45:00,45929.9,45929.9,46082.21,-37.80999999999767,-0.02640430983142413,closed_sl,False,False,3.028299391695505,engulfing_bullish,0.8999999999999999,0.0,44.0
232,long,2026-03-19 15:50:00,45911.21,2026-03-19 15:55:00,45929.9,45929.9,46082.21,18.69000000000233,0.013055458596210781,closed_sl,False,False,9.14927768860239,pin_bar_bullish,0.8,1.0,0.0
233,long,2026-03-19 16:15:00,45970.21,2026-03-19 16:20:00,45929.9,45929.9,46082.21,-40.30999999999767,-0.028153923948783428,closed_sl,False,False,2.7784668816672404,engulfing_bullish,0.8,0.0,72.5
234,long,2026-03-19 16:30:00,45914.9,2026-03-19 16:35:00,45929.9,45929.9,46082.21,15.0,0.010479478770287626,closed_sl,False,False,11.153999999999845,pin_bar_bullish,0.8999999999999999,0.0,29.5
235,long,2026-03-19 16:40:00,45988.4,2026-03-19 16:45:00,45929.9,45929.9,46082.21,-58.5,-0.04086568469336997,closed_sl,False,False,1.6035897435897037,engulfing_bullish,0.7,21.0,0.0
236,long,2026-03-19 17:30:00,45916.9,2026-03-19 17:35:00,45929.9,45929.9,46082.21,13.0,0.009084975902800234,closed_sl,False,False,12.716153846153667,engulfing_bullish,0.8999999999999999,0.0,85.0
237,long,2026-03-19 18:35:00,45806.9,2026-03-19 18:40:00,45929.9,45929.9,46082.21,123.0,0.085950040386037,closed_sl,False,False,2.23829268292681,pin_bar_bullish,0.8,0.0,38.0
238,long,2026-03-19 19:15:00,45855.9,2026-03-19 19:20:00,45929.9,45929.9,46082.21,74.0,0.05166537398504579,closed_sl,False,False,3.058243243243212,pin_bar_bullish,0.778125,2.5,0.0
239,long,2026-03-19 19:20:00,45858.4,2026-03-19 19:25:00,45929.9,45929.9,46082.21,71.5,0.049894144165047165,closed_sl,False,False,3.1302097902097574,pin_bar_bullish,0.8999999999999999,20.5,0.0
240,long,2026-03-19 19:35:00,45891.9,2026-03-19 19:40:00,45929.9,45929.9,46082.21,38.0,0.026503943612441398,closed_sl,False,False,5.00815789473678,pin_bar_bullish,0.8999999999999999,32.5,0.0
241,long,2026-03-19 19:40:00,45924.4,2026-03-19 19:45:00,45929.9,45929.9,46082.21,5.5,0.0038350806541866513,closed_sl,False,False,28.69272727272685,engulfing_bullish,0.8999999999999999,0.0,44.5
242,long,2026-03-19 19:55:00,45822.95,2026-03-19 20:00:00,45929.9,45929.9,46082.21,106.95000000000437,0.07457202664177448,closed_sl,False,False,2.424123422159808,pin_bar_bullish,0.8,0.0,39.0
243,long,2026-03-19 21:05:00,45852.95,2026-03-19 21:10:00,45929.9,45929.9,46082.21,76.95000000000437,0.053614225892099694,closed_sl,False,False,2.9793372319686684,engulfing_bullish,0.8,78.0,0.0
244,long,2026-03-19 21:30:00,45820.9,2026-03-19 21:35:00,45929.9,45929.9,46082.21,109.0,0.07590408203100357,closed_sl,False,False,2.397339449541263,pin_bar_bullish,0.8,0.0,25.0
245,short,2026-03-19 22:30:00,46053.4,2026-03-19 22:35:00,46082.95,46082.95,46004.81,-29.549999999995634,-0.020562058833370388,closed_sl,False,False,1.644331641286327,pin_bar_bearish,0.7,0.0,32.5
246,short,2026-03-19 22:40:00,46097.6,2026-03-19 22:45:00,46082.95,46082.95,46004.81,14.650000000001455,0.010196146009925413,closed_sl,False,False,6.333788395903867,pin_bar_bearish,0.6549107142858065,31.5,0.0
247,short,2026-03-19 23:15:00,46101.88,2026-03-19 23:20:00,46082.95,46082.95,46004.81,18.93000000000029,0.013173608606312396,closed_sl,False,False,5.127839408346445,pin_bar_bearish,0.8999999999999999,0.0,8.0
248,short,2026-03-19 23:30:00,46101.88,2026-03-19 23:35:00,46082.95,46082.95,46004.81,18.93000000000029,0.013171873395265188,closed_sl,False,False,5.127839408346445,engulfing_bearish,0.8999999999999999,5.5,0.0
249,short,2026-03-19 23:45:00,46093.88,2026-03-20 01:05:00,46082.95,46082.95,46004.81,10.930000000000291,0.007604311428904563,closed_sl,False,False,8.149130832570663,pin_bar_bearish,0.8999999999999999,0.0,5.80000000000291
250,short,2026-03-20 02:20:00,46136.61,2026-03-20 02:25:00,46082.95,46082.95,46004.81,53.66000000000349,0.037329947341541,closed_sl,False,False,2.456205739843353,engulfing_bearish,0.8,0.0,2.5
251,short,2026-03-20 02:30:00,46142.61,2026-03-20 02:35:00,46082.95,46082.95,46004.81,59.66000000000349,0.04148851270288641,closed_sl,False,False,2.309755279919458,pin_bar_bearish,0.8,0.0,9.599999999998545
252,short,2026-03-20 02:45:00,46135.61,2026-03-20 02:50:00,46082.95,46082.95,46004.81,52.66000000000349,0.03660541434812911,closed_sl,False,False,2.483858716293092,pin_bar_bearish,0.8,0.0,5.0
253,short,2026-03-20 02:55:00,46134.61,2026-03-20 03:00:00,46082.95,46082.95,46004.81,51.66000000000349,0.035897146545134734,closed_sl,False,False,2.5125822686797163,pin_bar_bearish,0.7318181818181817,24.5,0.0
254,short,2026-03-20 03:25:00,46111.61,2026-03-20 03:30:00,46082.95,46082.95,46004.81,28.660000000003492,0.0199079178915802,closed_sl,False,False,3.7264480111650347,pin_bar_bearish,0.8999999999999999,0.0,3.0
255,short,2026-03-20 03:30:00,46114.61,2026-03-20 03:35:00,46082.95,46082.95,46004.81,31.660000000003492,0.021987412032992083,closed_sl,False,False,3.4680985470622487,pin_bar_bearish,0.6857142857142857,0.0,10.5
256,short,2026-03-20 03:50:00,46109.61,2026-03-20 03:55:00,46082.95,46082.95,46004.81,26.660000000003492,0.018510914287803614,closed_sl,False,False,3.930982745686016,pin_bar_bearish,0.6125,0.0,8.5
257,short,2026-03-20 04:05:00,46144.11,2026-03-20 04:10:00,46082.95,46082.95,46004.81,61.16000000000349,0.04245753898999047,closed_sl,False,False,2.2776324395028604,pin_bar_bearish,0.6125,0.0,18.5
258,short,2026-03-20 04:45:00,46222.61,2026-03-20 04:50:00,46082.95,46082.95,46004.81,139.6600000000035,0.09691143546611793,closed_sl,False,False,1.5595016468566336,pin_bar_bearish,0.7,35.5,0.0
259,short,2026-03-20 05:10:00,46183.21,2026-03-20 05:15:00,46082.95,46082.95,46004.81,100.26000000000204,0.06950403402079082,closed_sl,False,False,1.7793736285657074,pin_bar_bearish,0.7,0.0,2.400000000001455
260,short,2026-03-20 05:25:00,46175.11,2026-03-20 05:30:00,46082.95,46082.95,46004.81,92.16000000000349,0.06384443239972155,closed_sl,False,False,1.8478732638888504,pin_bar_bearish,0.45000000000034646,2.0,0.0
261,short,2026-03-20 06:15:00,46146.21,2026-03-20 06:20:00,46082.95,46082.95,46004.81,63.26000000000204,0.04379581044541974,closed_sl,False,False,2.235219728106179,pin_bar_bearish,0.8,1.5,0.0
262,short,2026-03-20 06:20:00,46144.71,2026-03-20 06:25:00,46082.95,46082.95,46004.81,61.76000000000204,0.042738621084341524,closed_sl,False,False,2.2652202072538348,pin_bar_bearish,0.5375,1.0,0.0
263,short,2026-03-20 06:35:00,46141.11,2026-03-20 06:40:00,46082.95,46082.95,46004.81,58.16000000000349,0.04023018639110415,closed_sl,False,False,2.3435350756532793,engulfing_bearish,0.5402061855669849,0.0,0.09999999999854481
264,short,2026-03-20 06:40:00,46141.21,2026-03-20 06:45:00,46082.95,46082.95,46004.81,58.26000000000204,0.0402831519761782,closed_sl,False,False,2.3412289735667127,pin_bar_bearish,0.8,0.0,4.0
265,short,2026-03-20 06:50:00,46136.81,2026-03-20 06:55:00,46082.95,46082.95,46004.81,53.86000000000058,0.037225830994451085,closed_sl,False,False,2.450798366134396,engulfing_bearish,0.7933333333334303,0.0,5.0
266,short,2026-03-20 08:05:00,46093.11,2026-03-20 08:10:00,46082.95,46082.95,46004.81,10.160000000003492,0.007019563717535695,closed_sl,False,False,8.690944881887063,pin_bar_bearish,0.6375,0.0,2.5
267,short,2026-03-20 08:35:00,46116.61,2026-03-20 08:40:00,46082.95,46082.95,46004.81,33.66000000000349,0.0232541269857742,closed_sl,False,False,3.321449792037769,pin_bar_bearish,0.8999999999999999,0.0,12.599999999998545
268,short,2026-03-20 08:45:00,46133.71,2026-03-20 08:50:00,46082.95,46082.95,46004.81,50.76000000000204,0.03505956811253668,closed_sl,False,False,2.539401103230817,pin_bar_bearish,0.5642857142857143,4.0,0.0
269,short,2026-03-20 08:50:00,46129.71,2026-03-20 08:55:00,46082.95,46082.95,46004.81,46.76000000000204,0.03228547763864863,closed_sl,False,False,2.6710863986312234,engulfing_bearish,0.6285714285714286,9.0,0.0
270,short,2026-03-20 09:05:00,46119.81,2026-03-20 09:10:00,46082.95,46082.95,46004.81,36.86000000000058,0.025441801086253393,closed_sl,False,False,3.1199131850243673,pin_bar_bearish,0.8062499999999999,7.899999999994179,0.0
271,short,2026-03-20 09:30:00,46067.71,2026-03-20 10:00:00,46004.81,46082.95,46004.81,62.900000000001455,0.043404293257347445,closed_tp,False,False,4.127296587927156,pin_bar_bearish,0.8499999999999999,77.0,0.0
272,short,2026-03-20 10:35:00,46112.71,2026-03-20 10:40:00,46082.95,46082.95,46004.81,29.760000000002037,0.020527048524950797,closed_sl,False,False,3.6256720430105536,pin_bar_bearish,0.8999999999999999,0.0,32.5
273,short,2026-03-20 10:55:00,46144.71,2026-03-20 11:00:00,46082.95,46082.95,46004.81,61.76000000000204,0.04259040116075518,closed_sl,False,False,2.2652202072538348,pin_bar_bearish,0.8,17.5,0.0
274,short,2026-03-20 11:00:00,46127.21,2026-03-20 11:05:00,46082.95,46082.95,46004.81,44.26000000000204,0.03050920735618063,closed_sl,False,False,2.7654767284228607,engulfing_bearish,0.8,0.0,33.0
275,long,2026-03-20 13:10:00,45758.21,2026-03-20 13:15:00,45929.9,45929.9,46082.21,171.69000000000233,0.1183128826872892,closed_sl,False,False,1.8871221387383983,pin_bar_bullish,0.7,0.0,9.5
276,long,2026-03-20 13:25:00,45753.71,2026-03-20 13:30:00,45929.9,45929.9,46082.21,176.19000000000233,0.12127038836465145,closed_sl,False,False,1.8644644985526742,engulfing_bullish,0.48478260869565215,43.0,0.0
277,long,2026-03-20 14:25:00,45904.71,2026-03-20 14:30:00,45929.9,45929.9,46082.21,25.19000000000233,0.017317106537673287,closed_sl,False,False,7.046447002778229,pin_bar_bullish,0.84375,17.5,0.0
278,long,2026-03-20 14:50:00,45877.21,2026-03-20 14:55:00,45929.9,45929.9,46082.21,52.69000000000233,0.03621597312058731,closed_sl,False,False,3.890681343708312,pin_bar_bullish,0.8999999999999999,24.0,0.0
279,long,2026-03-20 15:05:00,45951.71,2026-03-20 15:10:00,45929.9,45929.9,46082.21,-21.80999999999767,-0.01498547007172659,closed_sl,False,False,5.983493810179456,engulfing_bullish,0.8999999999999999,0.0,37.0
280,long,2026-03-20 15:15:00,45908.71,2026-03-20 15:20:00,45929.9,45929.9,46082.21,21.19000000000233,0.014561655347540973,closed_sl,False,False,8.187824445492257,pin_bar_bullish,0.8999999999999999,0.0,20.0
281,long,2026-03-20 15:40:00,45875.71,2026-03-20 15:45:00,45929.9,45929.9,46082.21,54.19000000000233,0.03723365807258008,closed_sl,False,False,3.81066617457079,pin_bar_bullish,0.8999999999999999,18.5,0.0
282,long,2026-03-20 16:10:00,45877.71,2026-03-20 16:15:00,45929.9,45929.9,46082.21,52.19000000000233,0.03584612198739727,closed_sl,False,False,3.9183751676564644,pin_bar_bullish,0.8999999999999999,0.0,10.5
283,long,2026-03-20 17:20:00,45743.4,2026-03-20 17:25:00,45929.9,45929.9,46082.21,186.5,0.1280495533233351,closed_sl,False,False,1.8166756032171456,pin_bar_bullish,0.6583333333333333,0.0,40.0
284,long,2026-03-20 17:30:00,45810.4,2026-03-20 17:35:00,45929.9,45929.9,46082.21,119.5,0.08194290958631895,closed_sl,False,False,2.2745606694560476,engulfing_bullish,0.8,0.0,33.5
285,long,2026-03-20 17:45:00,45806.9,2026-03-20 17:50:00,45929.9,45929.9,46082.21,123.0,0.08427385467377968,closed_sl,False,False,2.23829268292681,engulfing_bullish,0.8,0.0,131.0
286,long,2026-03-20 18:40:00,45747.4,2026-03-20 18:45:00,45929.9,45929.9,46082.21,182.5,0.12493518773206232,closed_sl,False,False,1.8345753424657407,pin_bar_bullish,0.559375,0.0,4.0
287,long,2026-03-20 18:45:00,45743.4,2026-03-20 18:50:00,45929.9,45929.9,46082.21,186.5,0.12751418313251905,closed_sl,False,False,1.8166756032171456,pin_bar_bullish,0.7,38.0,0.0
288,long,2026-03-20 18:50:00,45781.4,2026-03-20 18:55:00,45929.9,45929.9,46082.21,148.5,0.10140343722826739,closed_sl,False,False,2.02565656565655,engulfing_bullish,0.8,1.5,0.0
289,long,2026-03-20 18:55:00,45782.9,2026-03-20 19:00:00,45929.9,45929.9,46082.21,147.0,0.10027747527785004,closed_sl,False,False,2.036122448979576,pin_bar_bullish,0.8,60.5,0.0
290,long,2026-03-20 19:35:00,45779.9,2026-03-20 19:40:00,45929.9,45929.9,46082.21,150.0,0.1022214492766261,closed_sl,False,False,2.0153999999999845,pin_bar_bullish,0.8,10.049999999995634,0.0
291,long,2026-03-20 19:45:00,45789.45,2026-03-20 19:50:00,45929.9,45929.9,46082.21,140.45000000000437,0.09561561067638244,closed_sl,False,False,2.0844428622285007,pin_bar_bullish,0.8,6.5,0.0
292,long,2026-03-20 19:50:00,45795.95,2026-03-20 19:55:00,45929.9,45929.9,46082.21,133.95000000000437,0.09110342881476229,closed_sl,False,False,2.137066069428837,pin_bar_bullish,0.8,31.0,0.0
293,long,2026-03-20 20:05:00,45867.9,2026-03-20 20:10:00,45929.9,45929.9,46082.21,62.0,0.04212968550053854,closed_sl,False,False,3.456612903225769,pin_bar_bullish,0.8999999999999999,0.0,58.0
294,long,2026-03-20 20:20:00,45841.0,2026-03-20 20:25:00,45929.9,45929.9,46082.21,88.90000000000146,0.06038309371184527,closed_sl,False,False,2.7132733408323415,engulfing_bullish,0.8,0.0,17.94999999999709
295,long,2026-03-20 20:50:00,45778.55,2026-03-20 20:55:00,45929.9,45929.9,46082.21,151.34999999999854,0.10273865201186373,closed_sl,False,False,2.00634291377601,engulfing_bullish,0.6499999999999999,0.0,0.5
296,long,2026-03-20 21:10:00,45711.0,2026-03-20 21:15:00,45929.9,45929.9,46082.21,218.90000000000146,0.14844010068972127,closed_sl,False,False,1.695797167656449,pin_bar_bullish,0.5075916230364793,0.0,18.0
297,long,2026-03-20 23:30:00,45706.28,2026-03-20 23:35:00,45929.9,45929.9,46082.21,223.62000000000262,0.15141605702214253,closed_sl,False,False,1.6811108129862977,engulfing_bullish,0.6142857142857142,32.5,0.0
298,short,2026-03-23 15:35:00,46329.31,2026-03-23 15:40:00,46334.81,46334.81,46196.1,-5.5,-0.00371849228524404,closed_sl,False,False,24.219999999999843,pin_bar_bearish,0.8999999999999999,0.0,254.5
299,short,2026-03-23 15:50:00,46565.81,2026-03-23 15:55:00,46570.0,46570.0,46374.21,-4.190000000002328,-0.0028329203737766707,closed_sl,False,False,45.72792362765921,pin_bar_bearish,0.6878048780487804,0.0,15.0
300,short,2026-03-23 16:00:00,46525.31,2026-03-23 16:20:00,46374.21,46570.0,46374.21,151.09999999999854,0.10216381748389916,closed_tp,False,False,3.3810695905122103,engulfing_bearish,0.8999999999999999,115.0,0.0
301,short,2026-03-23 16:40:00,46387.0,2026-03-23 16:45:00,46334.81,46334.81,46196.1,52.19000000000233,0.03525140894187693,closed_sl,False,False,3.657788848438263,pin_bar_bearish,0.8999999999999999,0.0,24.0
302,short,2026-03-23 17:25:00,46520.0,2026-03-23 17:45:00,46570.0,46570.0,46374.21,-50.0,-0.03376028616839036,closed_sl,False,False,2.9158000000000173,engulfing_bearish,0.8,27.0,68.0
303,short,2026-03-23 18:05:00,46695.5,2026-03-23 18:10:00,46570.0,46570.0,46374.21,125.5,0.0847669358427765,closed_sl,False,False,2.560079681274907,pin_bar_bearish,0.8,3.5,0.0
304,short,2026-03-23 18:10:00,46692.0,2026-03-23 18:15:00,46570.0,46570.0,46374.21,122.0,0.08233312644323355,closed_sl,False,False,2.6048360655737777,pin_bar_bearish,0.8,61.0,0.0
305,short,2026-03-23 18:25:00,46611.5,2026-03-23 18:30:00,46570.0,46570.0,46374.21,41.5,0.027983720352681072,closed_sl,False,False,5.717831325301226,engulfing_bearish,0.6975,16.5,0.0
306,short,2026-03-23 19:10:00,46304.5,2026-03-23 19:25:00,46196.1,46334.81,46196.1,108.40000000000146,0.07307437724485533,closed_tp,False,False,3.576377433190689,pin_bar_bearish,0.8999999999999999,183.5,0.0
307,short,2026-03-23 19:35:00,46219.0,2026-03-23 19:40:00,46082.95,46082.95,46004.81,136.0500000000029,0.09164676608168501,closed_sl,False,False,1.5743476662991382,pin_bar_bearish,0.7,0.0,29.5
308,short,2026-03-23 21:10:00,46386.0,2026-03-23 21:15:00,46334.81,46334.81,46196.1,51.19000000000233,0.03445132214604353,closed_sl,False,False,3.7097089275247668,pin_bar_bearish,0.6166666666666667,22.0,0.0
309,short,2026-03-23 21:15:00,46364.0,2026-03-23 21:20:00,46334.81,46334.81,46196.1,29.19000000000233,0.0196383621511792,closed_sl,False,False,5.751969852688868,engulfing_bearish,0.8111111111111111,0.0,4.0
310,short,2026-03-23 21:25:00,46367.0,2026-03-23 21:30:00,46334.81,46334.81,46196.1,32.19000000000233,0.021652441122715863,closed_sl,False,False,5.309102205653591,pin_bar_bearish,0.8999999999999999,0.0,99.5
311,short,2026-03-23 21:35:00,46487.0,2026-03-23 21:40:00,46334.81,46334.81,46196.1,152.19000000000233,0.10234767503190956,closed_sl,False,False,1.9114265063407385,pin_bar_bearish,0.41500000000000004,21.5,0.0
312,short,2026-03-23 21:40:00,46465.5,2026-03-23 21:45:00,46334.81,46334.81,46196.1,130.69000000000233,0.08779907883858916,closed_sl,False,False,2.0613665927002573,engulfing_bearish,0.5375,0.0,26.5
313,short,2026-03-23 22:10:00,46411.5,2026-03-23 22:15:00,46334.81,46334.81,46196.1,76.69000000000233,0.05147604833365475,closed_sl,False,False,2.8087103924891763,engulfing_bearish,0.8,31.44999999999709,0.0
314,short,2026-03-23 22:45:00,46362.55,2026-03-23 22:50:00,46334.81,46334.81,46196.1,27.74000000000524,0.01861013051243278,closed_sl,False,False,6.000360490265787,pin_bar_bearish,0.6981927710844654,60.05000000000291,0.0
315,short,2026-03-23 23:15:00,46191.78,2026-03-23 23:20:00,46082.95,46082.95,46004.81,108.83000000000175,0.07299796882799678,closed_sl,False,False,1.7180005513185534,pin_bar_bearish,0.7,0.0,16.5
316,short,2026-03-23 23:25:00,46209.78,2026-03-23 23:30:00,46082.95,46082.95,46004.81,126.83000000000175,0.08500945439453651,closed_sl,False,False,1.6161002917290732,pin_bar_bearish,0.52,0.0,5.5
317,short,2026-03-24 01:55:00,46331.68,2026-03-24 03:05:00,46196.1,46334.81,46196.1,135.58000000000175,0.09079706942044787,closed_tp,False,False,43.316293929749264,pin_bar_bearish,0.7928571428571428,131.37000000000262,0.0
318,short,2026-03-24 02:00:00,46309.81,2026-03-24 03:05:00,46196.1,46334.81,46196.1,113.70999999999913,0.07608178855833116,closed_tp,False,False,4.548399999999965,engulfing_bearish,0.8999999999999999,109.5,7.5
319,short,2026-03-24 03:05:00,46200.31,2026-03-24 03:10:00,46082.95,46082.95,46004.81,117.36000000000058,0.07846425607481226,closed_sl,False,False,1.6658145875937205,pin_bar_bearish,0.7,30.5,0.0
320,short,2026-03-24 03:30:00,46168.81,2026-03-24 03:35:00,46082.95,46082.95,46004.81,85.86000000000058,0.057359058285314346,closed_sl,False,False,1.9100861868157337,engulfing_bearish,0.4535714285714286,123.0,0.0
321,short,2026-03-24 03:45:00,46097.81,2026-03-24 03:50:00,46082.95,46082.95,46004.81,14.860000000000582,0.009921581449340423,closed_sl,False,False,6.258411843875932,pin_bar_bearish,0.6357142857142857,3.5,0.0
322,short,2026-03-24 03:50:00,46094.31,2026-03-24 03:55:00,46082.95,46082.95,46004.81,11.360000000000582,0.007583982761927989,closed_sl,False,False,7.87852112676016,pin_bar_bearish,0.8999999999999999,17.5,0.0
323,long,2026-03-24 05:00:00,45983.81,2026-03-24 08:05:00,45929.9,45929.9,46082.21,-53.90999999999622,-0.0359878086041343,closed_sl,False,False,1.8252643294381072,pin_bar_bullish,0.6,61.5,56.0
324,long,2026-03-24 05:05:00,45974.31,2026-03-24 08:05:00,45929.9,45929.9,46082.21,-44.40999999999622,-0.02965672326129933,closed_sl,False,False,2.4296329655485396,pin_bar_bullish,0.5,71.0,46.5
325,short,2026-03-24 10:15:00,46307.41,2026-03-24 11:05:00,46334.81,46334.81,46196.1,-27.39999999999418,-0.018302978555919083,closed_sl,False,False,4.062408759125131,pin_bar_bearish,0.6136363636363635,60.5,20.5
326,short,2026-03-24 11:20:00,46200.91,2026-03-24 11:25:00,46082.95,46082.95,46004.81,117.9600000000064,0.0788107513739307,closed_sl,False,False,1.6624279416751033,pin_bar_bearish,0.48571428571428577,31.5,0.0
327,short,2026-03-24 11:35:00,46188.91,2026-03-24 11:40:00,46082.95,46082.95,46004.81,105.9600000000064,0.07073763207980052,closed_sl,False,False,1.737448093620184,pin_bar_bearish,0.6833333333333332,31.0,0.0
328,short,2026-03-24 11:50:00,46151.41,2026-03-24 11:55:00,46082.95,46082.95,46004.81,68.4600000000064,0.04567077296682913,closed_sl,False,False,2.141396435874848,engulfing_bearish,0.6047619047619048,17.0,0.0
329,short,2026-03-24 12:30:00,46088.91,2026-03-24 12:35:00,46082.95,46082.95,46004.81,5.960000000006403,0.003974197323835786,closed_sl,False,False,14.110738255019374,pin_bar_bearish,0.8999999999999999,0.0,11.0
330,short,2026-03-24 13:15:00,46193.91,2026-03-24 13:20:00,46082.95,46082.95,46004.81,110.9600000000064,0.07398647826430889,closed_sl,False,False,1.7042177361210789,pin_bar_bearish,0.45625000000000004,29.0,0.0
331,short,2026-03-24 13:30:00,46115.41,2026-03-24 13:35:00,46082.95,46082.95,46004.81,32.4600000000064,0.02162784370998291,closed_sl,False,False,3.407270486752434,pin_bar_bearish,0.6214285714285714,0.0,73.0
332,short,2026-03-24 14:50:00,46084.41,2026-03-24 14:55:00,46082.95,46082.95,46004.81,1.4600000000064028,0.000972576215173292,closed_sl,False,False,54.52054794497037,engulfing_bearish,0.835344827586207,0.0,89.0
333,short,2026-03-24 15:25:00,46118.91,2026-03-24 15:30:00,46082.95,46082.95,46004.81,35.9600000000064,0.02395445243392906,closed_sl,False,False,3.1729699666291853,pin_bar_bearish,0.675,84.0,0.0
334,long,2026-03-24 16:40:00,45840.88,2026-03-24 16:45:00,45929.9,45929.9,46082.21,89.02000000000407,0.05928572489385986,closed_sl,False,False,2.7109638283530746,pin_bar_bullish,0.8,0.0,42.279999999998836
335,short,2026-03-24 17:25:00,46069.6,2026-03-24 17:30:00,46082.95,46082.95,46004.81,-13.349999999998545,-0.008885592899671457,closed_sl,False,False,4.8531835205998455,pin_bar_bearish,0.7111111111111111,0.0,76.0
336,short,2026-03-24 17:45:00,46070.6,2026-03-24 17:50:00,46082.95,46082.95,46004.81,-12.349999999998545,-0.008220735877673375,closed_sl,False,False,5.327125506073573,engulfing_bearish,0.7248447204968944,0.0,140.0
337,short,2026-03-24 17:55:00,46206.6,2026-03-24 18:00:00,46082.95,46082.95,46004.81,123.65000000000146,0.08231397258548676,closed_sl,False,False,1.6319450060654954,pin_bar_bearish,0.7,0.0,62.0
338,short,2026-03-24 18:25:00,46369.1,2026-03-24 18:30:00,46334.81,46334.81,46196.1,34.29000000000087,0.022808125200045482,closed_sl,False,False,5.0452026829978305,pin_bar_bearish,0.8,34.5,0.0
339,short,2026-03-24 19:50:00,46290.55,2026-03-24 20:00:00,46196.1,46334.81,46196.1,94.45000000000437,0.06280945460180096,closed_tp,False,False,2.1339810212384895,pin_bar_bearish,0.8,104.95000000000437,12.549999999995634
340,short,2026-03-24 20:15:00,46141.6,2026-03-24 20:20:00,46082.95,46082.95,46004.81,58.650000000001455,0.03897789524682421,closed_sl,False,False,2.332310315430477,pin_bar_bearish,0.6499999999999999,0.0,22.0
341,short,2026-03-24 20:40:00,46107.6,2026-03-24 20:45:00,46082.95,46082.95,46004.81,24.650000000001455,0.016375631067994296,closed_sl,False,False,4.16997971602413,engulfing_bearish,0.8660944206008252,0.0,19.0
342,short,2026-03-24 20:50:00,46138.6,2026-03-24 20:55:00,46082.95,46082.95,46004.81,55.650000000001455,0.03696367795570016,closed_sl,False,False,2.4041329739442476,pin_bar_bearish,0.8,0.0,95.5
343,short,2026-03-24 21:00:00,46231.6,2026-03-24 21:05:00,46082.95,46082.95,46004.81,148.65000000000146,0.09869937921974752,closed_sl,False,False,1.525664312142608,pin_bar_bearish,0.7,28.0,0.0
344,short,2026-03-24 21:10:00,46200.55,2026-03-24 21:15:00,46082.95,46082.95,46004.81,117.60000000000582,0.07800606934978706,closed_sl,False,False,1.6644557823128874,pin_bar_bearish,0.7,0.0,9.549999999995634
345,short,2026-03-24 21:50:00,46285.55,2026-03-24 22:35:00,46196.1,46334.81,46196.1,89.45000000000437,0.05928745034800568,closed_tp,False,False,1.8158749492491653,pin_bar_bearish,0.7,77.95000000000437,38.549999999995634
346,short,2026-03-24 23:40:00,46428.78,2026-03-24 23:45:00,46334.81,46334.81,46196.1,93.97000000000116,0.062246401555862405,closed_sl,False,False,2.4761093966159136,engulfing_bearish,0.5401785714285714,0.0,3.5
347,short,2026-03-25 01:10:00,46441.18,2026-03-25 01:15:00,46334.81,46334.81,46196.1,106.37000000000262,0.07041641874950323,closed_sl,False,False,2.304033092037188,engulfing_bearish,0.8,0.0,3.0
348,short,2026-03-25 01:35:00,46434.18,2026-03-25 01:40:00,46334.81,46334.81,46196.1,99.37000000000262,0.06573616399945921,closed_sl,False,False,2.3958941330380945,pin_bar_bearish,0.8,0.0,27.0
349,short,2026-03-25 01:45:00,46456.68,2026-03-25 01:50:00,46334.81,46334.81,46196.1,121.87000000000262,0.0805676106173408,closed_sl,False,False,2.138180027898549,pin_bar_bearish,0.56,0.5,0.0
350,short,2026-03-25 02:00:00,46429.81,2026-03-25 02:05:00,46334.81,46334.81,46196.1,95.0,0.06275343718740913,closed_sl,False,False,2.4601052631578857,engulfing_bearish,0.8,0.0,9.5
351,short,2026-03-25 02:55:00,46450.31,2026-03-25 03:00:00,46334.81,46334.81,46196.1,115.5,0.07624712068097156,closed_sl,False,False,2.200952380952373,pin_bar_bearish,0.8,3.5,0.0
352,short,2026-03-25 03:25:00,46473.81,2026-03-25 03:30:00,46334.81,46334.81,46196.1,139.0,0.09169069259653022,closed_sl,False,False,1.9979136690647419,pin_bar_bearish,0.7,0.0,68.0
353,short,2026-03-25 04:35:00,46531.31,2026-03-25 11:00:00,46570.0,46570.0,46374.21,-38.69000000000233,-0.025498295950662435,closed_sl,False,False,4.06048074437811,engulfing_bearish,0.8999999999999999,136.5,44.10000000000582
354,short,2026-03-25 04:40:00,46524.31,2026-03-25 11:00:00,46570.0,46570.0,46374.21,-45.69000000000233,-0.030119262788031256,closed_sl,False,False,3.2851827533375113,pin_bar_bearish,0.8999999999999999,129.5,51.10000000000582
355,short,2026-03-25 11:25:00,46641.41,2026-03-25 11:30:00,46570.0,46570.0,46374.21,71.41000000000349,0.0470883029318935,closed_sl,False,False,3.7417728609437235,pin_bar_bearish,0.8999999999999999,0.0,31.5
356,short,2026-03-25 11:35:00,46611.91,2026-03-25 11:40:00,46570.0,46570.0,46374.21,41.91000000000349,0.027622769070884526,closed_sl,False,False,5.6716774039605005,engulfing_bearish,0.8999999999999999,5.0,0.0
357,short,2026-03-25 11:40:00,46606.91,2026-03-25 11:45:00,46570.0,46570.0,46374.21,36.91000000000349,0.02432056441105016,closed_sl,False,False,6.3045245191000365,pin_bar_bearish,0.8999999999999999,20.0,0.0
358,short,2026-03-25 12:35:00,46499.91,2026-03-25 13:00:00,46570.0,46570.0,46374.21,-70.08999999999651,-0.04617214535721006,closed_sl,False,False,1.7934084748182426,pin_bar_bearish,0.7,48.0,45.0
359,short,2026-03-25 13:15:00,46518.91,2026-03-25 14:05:00,46570.0,46570.0,46374.21,-51.08999999999651,-0.03367134513168056,closed_sl,False,False,2.8322568017227296,pin_bar_bearish,0.8,29.5,62.5
360,short,2026-03-25 13:20:00,46508.91,2026-03-25 14:05:00,46570.0,46570.0,46374.21,-61.08999999999651,-0.040275500509951656,closed_sl,False,False,2.204943525945524,engulfing_bearish,0.8,19.5,72.5
361,short,2026-03-25 15:00:00,46616.41,2026-03-25 15:05:00,46570.0,46570.0,46374.21,46.41000000000349,0.03060957777052344,closed_sl,False,False,5.218702865761391,pin_bar_bearish,0.8999999999999999,0.0,32.5
363,short,2026-03-25 15:25:00,46471.91,2026-03-25 15:30:00,46334.81,46334.81,46196.1,137.10000000000582,0.09039622822891906,closed_sl,False,False,2.0117432530998776,pin_bar_bearish,0.8,48.0,0.0
362,short,2026-03-25 15:15:00,46504.91,2026-03-25 15:55:00,46570.0,46570.0,46374.21,-65.08999999999651,-0.042878019576985296,closed_sl,False,False,2.007988938393169,engulfing_bearish,0.8,81.0,43.5
364,short,2026-03-25 16:10:00,46559.41,2026-03-25 16:15:00,46570.0,46570.0,46374.21,-10.589999999996508,-0.006979152106169347,closed_sl,False,False,17.48819641171534,pin_bar_bearish,0.6173076923076923,0.0,21.0
365,short,2026-03-25 16:35:00,46641.6,2026-03-25 16:40:00,46570.0,46570.0,46374.21,71.59999999999854,0.047190006474784045,closed_sl,False,False,3.7344972067039786,pin_bar_bearish,0.7038461538461538,97.0,0.0
366,short,2026-03-25 16:55:00,46390.1,2026-03-25 17:00:00,46334.81,46334.81,46196.1,55.29000000000087,0.03642325122280449,closed_sl,False,False,3.508771929824506,pin_bar_bearish,0.8999999999999999,0.0,29.0
367,short,2026-03-25 17:40:00,46483.1,2026-03-25 17:45:00,46334.81,46334.81,46196.1,148.29000000000087,0.09765305382613416,closed_sl,False,False,1.9353968575089238,pin_bar_bearish,0.4984375,0.0,45.0
368,short,2026-03-25 17:50:00,46522.1,2026-03-25 18:10:00,46374.21,46570.0,46374.21,147.88999999999942,0.0972946316178794,closed_tp,False,False,3.087473903966491,pin_bar_bearish,0.8999999999999999,164.1999999999971,21.5
369,short,2026-03-25 17:55:00,46527.1,2026-03-25 18:10:00,46374.21,46570.0,46374.21,152.88999999999942,0.10048628949397317,closed_tp,False,False,3.5638694638693296,pin_bar_bearish,0.8999999999999999,169.1999999999971,16.5
370,short,2026-03-25 18:30:00,46489.9,2026-03-25 18:35:00,46334.81,46334.81,46196.1,155.09000000000378,0.10182990486070724,closed_sl,False,False,1.8943839061190002,pin_bar_bearish,0.7,92.0,0.0
371,short,2026-03-25 19:00:00,46399.4,2026-03-25 19:05:00,46334.81,46334.81,46196.1,64.59000000000378,0.04236574129979159,closed_sl,False,False,3.1475460597614338,engulfing_bearish,0.8999999999999999,0.0,12.5
372,short,2026-03-25 19:10:00,46395.4,2026-03-25 19:15:00,46334.81,46334.81,46196.1,60.59000000000378,0.039725239551261136,closed_sl,False,False,3.289321670242457,engulfing_bearish,0.7038461538461538,31.5,0.0
373,short,2026-03-25 19:25:00,46447.9,2026-03-25 19:30:00,46334.81,46334.81,46196.1,113.09000000000378,0.07411690678801365,closed_sl,False,False,2.2265452294632104,pin_bar_bearish,0.8,0.0,49.0
374,short,2026-03-25 20:00:00,46463.9,2026-03-25 20:05:00,46334.81,46334.81,46196.1,129.09000000000378,0.08454032565020089,closed_sl,False,False,2.074521651560888,pin_bar_bearish,0.6038461538461539,30.5,0.0
376,short,2026-03-25 20:55:00,46476.9,2026-03-25 21:00:00,46334.81,46334.81,46196.1,142.09000000000378,0.09297535194563669,closed_sl,False,False,1.9762122598352836,pin_bar_bearish,0.6423076923076922,0.0,8.549999999995634
375,short,2026-03-25 20:45:00,46504.45,2026-03-25 21:55:00,46374.21,46570.0,46374.21,130.23999999999796,0.0851422465184426,closed_tp,False,False,1.9868802440883628,engulfing_bearish,0.7,69.54999999999563,2.4500000000043656
377,short,2026-03-25 21:15:00,46503.9,2026-03-25 21:55:00,46374.21,46570.0,46374.21,129.69000000000233,0.08471056863136857,closed_tp,False,False,1.962027231467552,pin_bar_bearish,0.7,69.0,0.0
378,short,2026-03-25 21:55:00,46434.9,2026-03-25 22:00:00,46334.81,46334.81,46196.1,100.09000000000378,0.06532118555504654,closed_sl,False,False,2.3858527325406524,engulfing_bearish,0.8,19.0,0.0
379,short,2026-03-25 22:20:00,46464.4,2026-03-25 22:25:00,46334.81,46334.81,46196.1,129.59000000000378,0.08451839969279047,closed_sl,False,False,2.07037580060186,pin_bar_bearish,0.63,31.0,0.0
380,short,2026-03-25 22:25:00,46433.4,2026-03-25 22:30:00,46334.81,46334.81,46196.1,98.59000000000378,0.06424594748436503,closed_sl,False,False,2.406937823308589,engulfing_bearish,0.8,24.5,0.0
381,short,2026-03-25 22:40:00,46407.45,2026-03-25 22:45:00,46334.81,46334.81,46196.1,72.63999999999942,0.04730529773748546,closed_sl,False,False,2.9095539647577127,pin_bar_bearish,0.7653846153846153,0.0,3.5
382,short,2026-03-25 22:55:00,46435.45,2026-03-25 23:00:00,46334.81,46334.81,46196.1,100.63999999999942,0.0655087295719703,closed_sl,False,False,2.3782790143084256,pin_bar_bearish,0.7382352941176471,0.0,21.62000000000262
383,short,2026-03-25 23:35:00,46402.68,2026-03-25 23:40:00,46334.81,46334.81,46196.1,67.87000000000262,0.0441491138107836,closed_sl,False,False,3.043760129659552,pin_bar_bearish,0.8999999999999999,0.0,1.0
384,short,2026-03-26 01:10:00,46381.58,2026-03-26 01:15:00,46334.81,46334.81,46196.1,46.770000000004075,0.030410237814304204,closed_sl,False,False,3.9657900363478094,pin_bar_bearish,0.8999999999999999,22.0,0.0
385,short,2026-03-26 02:30:00,46329.71,2026-03-26 02:35:00,46334.81,46334.81,46196.1,-5.099999999998545,-0.0033150537370201143,closed_sl,False,False,26.198039215693864,pin_bar_bearish,0.6642857142857143,0.0,1.0
386,short,2026-03-26 03:00:00,46363.21,2026-03-26 03:05:00,46334.81,46334.81,46196.1,28.400000000001455,0.018460911230579195,closed_sl,False,False,5.884154929577184,pin_bar_bearish,0.8999999999999999,0.0,0.0
387,short,2026-03-26 03:05:00,46363.21,2026-03-26 03:10:00,46334.81,46334.81,46196.1,28.400000000001455,0.018457503807185967,closed_sl,False,False,5.884154929577184,pin_bar_bearish,0.8999999999999999,0.0,15.5
388,short,2026-03-26 03:45:00,46408.71,2026-03-26 03:50:00,46334.81,46334.81,46196.1,73.90000000000146,0.048019641397896,closed_sl,False,False,2.8769959404600325,pin_bar_bearish,0.8,45.0,0.0
389,short,2026-03-26 04:10:00,46384.71,2026-03-26 04:15:00,46334.81,46334.81,46196.1,49.900000000001455,0.03240906658900693,closed_sl,False,False,3.779759519037978,pin_bar_bearish,0.725,25.5,0.0
390,short,2026-03-26 04:15:00,46359.21,2026-03-26 04:20:00,46334.81,46334.81,46196.1,24.400000000001455,0.015842184829472732,closed_sl,False,False,6.684836065573395,engulfing_bearish,0.8999999999999999,0.0,8.5
391,short,2026-03-26 04:40:00,46370.21,2026-03-26 04:45:00,46334.81,46334.81,46196.1,35.400000000001455,0.022980512784826112,closed_sl,False,False,4.918361581920718,pin_bar_bearish,0.6923076923076923,0.0,5.0
392,short,2026-03-26 04:45:00,46375.21,2026-03-26 04:50:00,46334.81,46334.81,46196.1,40.400000000001455,0.02622032235939369,closed_sl,False,False,4.433415841584013,pin_bar_bearish,0.8999999999999999,5.5,0.0
393,short,2026-03-26 05:15:00,46371.71,2026-03-26 05:20:00,46334.81,46334.81,46196.1,36.900000000001455,0.0239424819827965,closed_sl,False,False,4.759078590785736,engulfing_bearish,0.6461538461538461,7.5,0.0
394,short,2026-03-26 05:20:00,46364.21,2026-03-26 05:25:00,46334.81,46334.81,46196.1,29.400000000001455,0.01907155765195738,closed_sl,False,False,5.718027210884091,pin_bar_bearish,0.6166666666666667,16.0,0.0
395,short,2026-03-26 06:00:00,46292.71,2026-03-26 06:20:00,46334.81,46334.81,46196.1,-42.099999999998545,-0.027304744163626077,closed_sl,False,False,2.2947743467934423,pin_bar_bearish,0.5136363636363637,13.5,41.5
396,short,2026-03-26 06:25:00,46334.21,2026-03-26 06:30:00,46334.81,46334.81,46196.1,-0.5999999999985448,-0.0003892475300288523,closed_sl,False,False,230.18333333389256,pin_bar_bearish,0.8999999999999999,0.0,79.5
397,short,2026-03-26 06:40:00,46431.21,2026-03-26 06:45:00,46334.81,46334.81,46196.1,96.40000000000146,0.06253934659098347,closed_sl,False,False,2.4389004149377285,pin_bar_bearish,0.5,28.0,0.0
398,short,2026-03-26 06:45:00,46403.21,2026-03-26 06:50:00,46334.81,46334.81,46196.1,68.40000000000146,0.044346657040071444,closed_sl,False,False,3.027923976608131,engulfing_bearish,0.8999999999999999,8.0,0.0
399,short,2026-03-26 07:00:00,46378.21,2026-03-26 07:05:00,46334.81,46334.81,46196.1,43.400000000001455,0.028125610792355007,closed_sl,False,False,4.196082949308629,engulfing_bearish,0.8999999999999999,0.0,10.0
400,short,2026-03-26 07:10:00,46384.21,2026-03-26 07:15:00,46334.81,46334.81,46196.1,49.400000000001455,0.032004942496059785,closed_sl,False,False,3.807894736842005,pin_bar_bearish,0.7285714285714285,11.5,0.0
401,short,2026-03-26 07:30:00,46364.21,2026-03-26 07:35:00,46334.81,46334.81,46196.1,29.400000000001455,0.019041381715196707,closed_sl,False,False,5.718027210884091,engulfing_bearish,0.8941176470589074,2.400000000001455,0.0
402,short,2026-03-26 07:35:00,46361.81,2026-03-26 07:40:00,46334.81,46334.81,46196.1,27.0,0.01748365407852199,closed_sl,False,False,6.137407407407375,pin_bar_bearish,0.8999999999999999,0.0,0.5
403,short,2026-03-26 07:45:00,46360.21,2026-03-26 07:50:00,46334.81,46334.81,46196.1,25.400000000001455,0.016444710552377402,closed_sl,False,False,6.461023622046897,pin_bar_bearish,0.8999999999999999,22.0,0.0
404,short,2026-03-26 08:05:00,46305.21,2026-03-26 10:20:00,46196.1,46334.81,46196.1,109.11000000000058,0.0706294233205656,closed_tp,False,False,3.6861486486488495,engulfing_bearish,0.8999999999999999,76.40000000000146,4.5
405,short,2026-03-26 08:35:00,46280.21,2026-03-26 10:20:00,46196.1,46334.81,46196.1,84.11000000000058,0.054407917849542554,closed_tp,False,False,1.5404761904762423,pin_bar_bearish,0.7,51.400000000001455,8.599999999998545
406,short,2026-03-26 11:15:00,46216.81,2026-03-26 11:20:00,46082.95,46082.95,46004.81,133.86000000000058,0.08654242641275371,closed_sl,False,False,1.5837442103690353,pin_bar_bearish,0.7,0.0,2.5
407,short,2026-03-26 11:20:00,46219.31,2026-03-26 11:25:00,46082.95,46082.95,46004.81,136.36000000000058,0.08808248385886547,closed_sl,False,False,1.5730419477852675,pin_bar_bearish,0.7,25.0,0.0
408,short,2026-03-26 11:25:00,46194.31,2026-03-26 11:30:00,46082.95,46082.95,46004.81,111.36000000000058,0.07187029270880535,closed_sl,False,False,1.7016882183907958,engulfing_bearish,0.7,0.0,15.0
409,short,2026-03-26 11:45:00,46138.31,2026-03-26 11:50:00,46082.95,46082.95,46004.81,55.36000000000058,0.03570296270098096,closed_sl,False,False,2.411488439306333,pin_bar_bearish,0.8,0.0,36.0
410,short,2026-03-26 12:05:00,46179.81,2026-03-26 12:10:00,46082.95,46082.95,46004.81,96.86000000000058,0.0624449915454924,closed_sl,False,False,1.8067313648564831,pin_bar_bearish,0.7,19.5,0.0
411,short,2026-03-26 12:10:00,46160.31,2026-03-26 12:15:00,46082.95,46082.95,46004.81,77.36000000000058,0.04984234844569336,closed_sl,False,False,2.0100827300930564,engulfing_bearish,0.8,0.0,0.0
412,short,2026-03-26 12:20:00,46126.31,2026-03-26 12:25:00,46082.95,46082.95,46004.81,43.36000000000058,0.02792253865333281,closed_sl,False,False,2.8021217712176747,engulfing_bearish,0.8,6.5,0.0
413,short,2026-03-26 12:25:00,46119.81,2026-03-26 12:30:00,46082.95,46082.95,46004.81,36.86000000000058,0.023730107686791194,closed_sl,False,False,3.1199131850243673,pin_bar_bearish,0.7,47.5,0.0
414,short,2026-03-26 12:35:00,46074.31,2026-03-26 12:40:00,46082.95,46082.95,46004.81,-8.639999999999418,-0.005561027904516756,closed_sl,False,False,8.043981481482023,pin_bar_bearish,0.8999999999999999,0.0,15.0
415,short,2026-03-26 12:45:00,46074.31,2026-03-26 12:50:00,46082.95,46082.95,46004.81,-8.639999999999418,-0.005561337172028758,closed_sl,False,False,8.043981481482023,engulfing_bearish,0.7038461538461538,0.0,40.0
416,short,2026-03-26 12:55:00,46108.81,2026-03-26 13:00:00,46082.95,46082.95,46004.81,25.860000000000582,0.01664631687686804,closed_sl,False,False,4.021655065738502,pin_bar_bearish,0.81,0.0,10.5
417,short,2026-03-26 13:15:00,46133.31,2026-03-26 13:20:00,46082.95,46082.95,46004.81,50.36000000000058,0.03241179403141602,closed_sl,False,False,2.5516282764098195,engulfing_bearish,0.8,0.0,12.5
418,short,2026-03-26 13:35:00,46111.31,2026-03-26 13:40:00,46082.95,46082.95,46004.81,28.360000000000582,0.01824663714348799,closed_sl,False,False,3.7552891396332093,engulfing_bearish,0.8999999999999999,5.5,0.0
419,short,2026-03-26 13:40:00,46105.81,2026-03-26 13:45:00,46082.95,46082.95,46004.81,22.860000000000582,0.014705290160591617,closed_sl,False,False,4.418197725284227,pin_bar_bearish,0.8999999999999999,0.0,10.0
420,short,2026-03-26 13:50:00,46107.31,2026-03-26 13:55:00,46082.95,46082.95,46004.81,24.360000000000582,0.01566790020293694,closed_sl,False,False,4.207717569786435,pin_bar_bearish,0.721875,0.0,12.0
421,short,2026-03-26 14:10:00,46123.81,2026-03-26 14:15:00,46082.95,46082.95,46004.81,40.86000000000058,0.026276277241863207,closed_sl,False,False,2.912383749388113,engulfing_bearish,0.6125,0.0,6.0
422,short,2026-03-26 14:40:00,46076.31,2026-03-26 14:45:00,46082.95,46082.95,46004.81,-6.639999999999418,-0.00426893410501565,closed_sl,False,False,10.76807228915757,engulfing_bearish,0.8999999999999999,7.0,0.0
423,short,2026-03-26 14:45:00,46069.31,2026-03-26 14:50:00,46082.95,46082.95,46004.81,-13.639999999999418,-0.008769690816963167,closed_sl,False,False,4.728739002932753,pin_bar_bearish,0.7124999999999999,0.0,17.0
424,short,2026-03-26 15:15:00,46108.31,2026-03-26 15:20:00,46082.95,46082.95,46004.81,25.360000000000582,0.016306368369863745,closed_sl,False,False,4.081230283911578,pin_bar_bearish,0.6576923076923077,18.5,0.0
425,short,2026-03-26 15:50:00,46060.81,2026-03-26 15:55:00,46082.95,46082.95,46004.81,-22.139999999999418,-0.014233601560218332,closed_sl,False,False,2.529358626919669,pin_bar_bearish,0.8,0.0,19.0
426,short,2026-03-26 16:30:00,46187.0,2026-03-26 16:35:00,46082.95,46082.95,46004.81,104.05000000000291,0.06690230681468805,closed_sl,False,False,1.750985103315687,pin_bar_bearish,0.6328661188979583,24.5,0.0
427,short,2026-03-26 17:20:00,46467.0,2026-03-26 17:25:00,46334.81,46334.81,46196.1,132.19000000000233,0.08493900217908927,closed_sl,False,False,2.0493229442468923,pin_bar_bearish,0.8,16.94999999999709,0.0
428,short,2026-03-26 17:45:00,46398.5,2026-03-26 17:50:00,46334.81,46334.81,46196.1,63.69000000000233,0.04088943148474808,closed_sl,False,False,3.177892918825468,pin_bar_bearish,0.8999999999999999,127.0,0.0
429,short,2026-03-26 18:00:00,46335.0,2026-03-26 18:05:00,46334.81,46334.81,46196.1,0.1900000000023283,0.00012193148977776307,closed_sl,False,False,731.0526315699965,pin_bar_bearish,0.8999999999999999,0.0,3.5
430,short,2026-03-26 18:05:00,46338.5,2026-03-26 18:10:00,46334.81,46334.81,46196.1,3.6900000000023283,0.0023680349930128974,closed_sl,False,False,38.59078590783513,pin_bar_bearish,0.8999999999999999,0.0,1.0
431,short,2026-03-26 18:20:00,46323.5,2026-03-26 18:45:00,46196.1,46334.81,46196.1,127.40000000000146,0.08175623691314705,closed_tp,False,False,11.264367816094401,pin_bar_bearish,0.8999999999999999,119.94999999999709,0.0
432,short,2026-03-26 18:25:00,46280.5,2026-03-26 18:45:00,46196.1,46334.81,46196.1,84.40000000000146,0.05411765807245422,closed_tp,False,False,1.5540416129627155,engulfing_bearish,0.7,76.94999999999709,0.0
433,short,2026-03-26 18:45:00,46220.7,2026-03-26 18:50:00,46082.95,46082.95,46004.81,137.75,0.0882781429918784,closed_sl,False,False,1.5672595281306674,pin_bar_bearish,0.602970297029925,0.0,27.5
434,short,2026-03-26 18:55:00,46219.25,2026-03-26 19:00:00,46082.95,46082.95,46004.81,136.3000000000029,0.08727185740636657,closed_sl,False,False,1.5732942039618323,engulfing_bearish,0.4099999999999694,19.5,0.0
435,short,2026-03-26 19:35:00,46058.75,2026-03-26 19:40:00,46082.95,46082.95,46004.81,-24.19999999999709,-0.01548156561362403,closed_sl,False,False,2.228925619835075,pin_bar_bearish,0.8,0.0,32.0
436,short,2026-03-26 20:00:00,46099.7,2026-03-26 20:05:00,46082.95,46082.95,46004.81,16.75,0.010717205638670572,closed_sl,False,False,5.6650746268656365,pin_bar_bearish,0.8999999999999999,0.0,15.0
437,long,2026-03-26 22:10:00,45963.9,2026-03-26 22:30:00,45929.9,45929.9,46082.21,-34.0,-0.02175199665735783,closed_sl,False,False,3.4797058823528726,pin_bar_bullish,0.7022727272727272,23.5,33.0
438,long,2026-03-26 22:25:00,45959.45,2026-03-26 22:30:00,45929.9,45929.9,46082.21,-29.549999999995634,-0.018909157272929383,closed_sl,False,False,4.154314720812866,pin_bar_bullish,0.8999999999999999,0.0,28.549999999995634
439,long,2026-03-26 22:45:00,45968.95,2026-03-26 22:50:00,45929.9,45929.9,46082.21,-39.049999999995634,-0.02499296932731954,closed_sl,False,False,2.9003841229197107,engulfing_bullish,0.8,0.0,37.549999999995634
440,short,2026-03-26 23:30:00,46105.18,2026-03-26 23:35:00,46082.95,46082.95,46004.81,22.2300000000032,0.014231308635730385,closed_sl,False,False,4.515069725595509,pin_bar_bearish,0.8999999999999999,0.0,32.0
441,short,2026-03-27 02:05:00,46116.71,2026-03-27 02:10:00,46082.95,46082.95,46004.81,33.76000000000204,0.021609564331725475,closed_sl,False,False,3.314573459715483,engulfing_bearish,0.7666666666666666,3.5,0.0
442,short,2026-03-27 02:10:00,46113.21,2026-03-27 02:15:00,46082.95,46082.95,46004.81,30.260000000002037,0.019365051572730142,closed_sl,False,False,3.582286847323006,pin_bar_bearish,0.8999999999999999,0.0,23.5
443,short,2026-03-27 02:20:00,46109.21,2026-03-27 02:25:00,46082.95,46082.95,46004.81,26.260000000002037,0.016801976106900218,closed_sl,False,False,3.9756283320637227,engulfing_bearish,0.6799999999999999,0.0,5.0
