trade_id,entry_time,exit_time,direction,entry_price,sl,tp,exit_price,exit_reason,pnl_usd,pnl_r,balance,orh,orl,or_range,pnl_fixed,month,date
1,2024-10-29 17:00:00,2024-10-29 23:00:00,long,42380.59,42175.84,42790.09,42270.24,end_of_session,-26.95,-0.539,9973.05,42355.59,42185.84,169.8,-26.950000000000003,2024-10,2024-10-29
2,2024-10-30 17:00:00,2024-10-30 23:00:00,long,42415.55,42148.3,42950.05,42197.8,end_of_session,-40.74,-0.815,9932.31,42385.55,42158.3,227.2,-40.75,2024-10,2024-10-30
3,2024-10-31 17:25:00,2024-10-31 23:00:00,short,41847.01,42012.01,41517.01,41776.26,end_of_session,21.44,0.429,9953.75,42002.01,41859.51,142.5,21.45,2024-10,2024-10-31
4,2024-11-01 17:05:00,2024-11-01 23:00:00,long,42164.98,41923.23,42648.48,42037.98,end_of_session,-26.27,-0.525,9927.48,42116.48,41933.23,183.2,-26.25,2024-11,2024-11-01
5,2024-11-04 18:25:00,2024-11-04 23:00:00,short,41860.64,42052.14,41477.64,41821.64,end_of_session,10.18,0.204,9937.66,42042.14,41867.64,174.5,10.2,2024-11,2024-11-04
6,2024-11-05 17:00:00,2024-11-05 23:00:00,long,42070.65,41772.9,42666.15,42247.15,end_of_session,29.64,0.593,9967.3,42026.9,41782.9,244.0,29.65,2024-11,2024-11-05
7,2024-11-06 17:20:00,2024-11-06 23:00:00,long,43639.65,43396.65,44125.65,43770.65,end_of_session,26.95,0.539,9994.25,43608.65,43406.65,202.0,26.950000000000003,2024-11,2024-11-06
8,2024-11-08 17:10:00,2024-11-08 23:00:00,long,43932.94,43751.44,44295.94,44032.94,end_of_session,27.55,0.551,10021.8,43922.19,43761.44,160.8,27.55,2024-11,2024-11-08
9,2024-11-12 17:00:00,2024-11-12 20:00:00,short,44290.93,44461.18,43950.43,43950.43,tp,100.0,2.0,10121.8,44451.18,44322.43,128.8,100.0,2024-11,2024-11-12
10,2024-11-13 17:00:00,2024-11-13 17:45:00,short,43937.92,44070.42,43672.92,44072.42,sl,-50.75,-1.015,10071.05,44060.42,43960.42,100.0,-50.74999999999999,2024-11,2024-11-13
11,2024-11-14 17:15:00,2024-11-14 23:00:00,short,43900.64,44134.64,43432.64,43806.64,end_of_session,20.09,0.402,10091.14,44124.64,43941.64,183.0,20.1,2024-11,2024-11-14
12,2024-11-15 17:00:00,2024-11-15 23:00:00,short,43506.23,43688.98,43140.73,43474.23,end_of_session,8.76,0.175,10099.9,43678.98,43545.23,133.8,8.75,2024-11,2024-11-15
13,2024-11-18 17:20:00,2024-11-18 17:45:00,short,43346.22,43471.22,43096.22,43473.22,sl,-50.8,-1.016,10049.1,43461.22,43360.97,100.2,-50.8,2024-11,2024-11-18
14,2024-11-19 17:25:00,2024-11-19 23:00:00,long,43132.45,42956.45,43484.45,43297.45,end_of_session,46.88,0.938,10095.98,43113.2,42966.45,146.8,46.9,2024-11,2024-11-19
15,2024-11-20 17:05:00,2024-11-20 22:30:00,short,43147.17,43388.92,42663.67,43390.92,sl,-50.41,-1.008,10045.57,43378.92,43204.67,174.2,-50.4,2024-11,2024-11-20
16,2024-11-21 17:10:00,2024-11-21 23:00:00,long,43609.79,43341.79,44145.79,43890.04,end_of_session,52.29,1.046,10097.86,43595.54,43351.79,243.8,52.300000000000004,2024-11,2024-11-21
17,2024-11-22 19:10:00,2024-11-22 23:00:00,long,44241.02,43908.02,44907.02,44301.02,end_of_session,9.01,0.18,10106.87,44222.02,43918.02,304.0,9.0,2024-11,2024-11-22
18,2024-11-25 18:35:00,2024-11-25 23:00:00,short,44630.54,44856.79,44178.04,44755.79,end_of_session,-27.68,-0.554,10079.19,44846.79,44655.54,191.2,-27.700000000000003,2024-11,2024-11-25
19,2024-11-26 17:00:00,2024-11-26 19:40:00,short,44518.39,44693.39,44168.39,44695.39,sl,-50.57,-1.011,10028.62,44683.39,44551.39,132.0,-50.55,2024-11,2024-11-26
20,2024-11-27 18:20:00,2024-11-27 23:00:00,short,44882.77,45052.77,44542.77,44749.92,end_of_session,39.07,0.781,10067.69,45042.77,44897.77,145.0,39.050000000000004,2024-11,2024-11-27
21,2024-11-29 17:45:00,2024-12-02 01:00:00,long,44933.0,44781.5,45236.0,44974.51,end_of_session,13.7,0.274,10081.39,44927.25,44791.5,135.8,13.700000000000001,2024-12,2024-12-02
22,2024-12-02 17:00:00,2024-12-02 23:00:00,short,44754.36,45066.11,44130.86,44823.61,end_of_session,-11.11,-0.222,10070.28,45056.11,44774.36,281.8,-11.1,2024-12,2024-12-02
23,2024-12-03 17:30:00,2024-12-03 23:00:00,short,44656.56,44921.31,44127.06,44734.31,end_of_session,-14.68,-0.294,10055.6,44911.31,44685.56,225.8,-14.7,2024-12,2024-12-03
24,2024-12-04 17:05:00,2024-12-04 22:10:00,short,44906.71,45061.96,44596.21,45063.96,sl,-50.64,-1.013,10004.96,45051.96,44925.21,126.8,-50.64999999999999,2024-12,2024-12-04
25,2024-12-05 17:35:00,2024-12-05 23:00:00,short,44909.87,45094.62,44540.37,44812.02,end_of_session,26.48,0.53,10031.44,45084.62,44945.37,139.2,26.5,2024-12,2024-12-05
26,2024-12-06 17:00:00,2024-12-06 23:00:00,short,44819.15,44936.65,44584.15,44643.8,end_of_session,74.62,1.492,10106.06,44926.65,44829.15,97.5,74.6,2024-12,2024-12-06
27,2024-12-09 17:40:00,2024-12-09 23:00:00,short,44605.21,44768.21,44279.21,44430.21,end_of_session,53.68,1.074,10159.74,44758.21,44639.21,119.0,53.7,2024-12,2024-12-09
28,2024-12-10 17:30:00,2024-12-10 23:00:00,long,44420.94,44201.94,44858.94,44289.09,end_of_session,-30.1,-0.602,10129.64,44378.44,44211.94,166.5,-30.099999999999998,2024-12,2024-12-10
29,2024-12-11 17:00:00,2024-12-11 23:00:00,short,44203.11,44405.86,43797.61,44176.11,end_of_session,6.66,0.133,10136.3,44395.86,44208.11,187.8,6.65,2024-12,2024-12-11
30,2024-12-12 17:00:00,2024-12-12 23:00:00,short,44106.3,44244.05,43830.8,43939.3,end_of_session,60.62,1.212,10196.92,44234.05,44125.3,108.8,60.6,2024-12,2024-12-12
31,2024-12-13 17:40:00,2024-12-13 23:00:00,short,43840.26,44065.76,43389.26,43836.76,end_of_session,0.78,0.016,10197.7,44055.76,43871.26,184.5,0.8,2024-12,2024-12-13
32,2024-12-16 17:00:00,2024-12-16 19:05:00,long,43941.48,43792.48,44239.48,43790.48,sl,-50.67,-1.013,10147.03,43896.73,43802.48,94.2,-50.64999999999999,2024-12,2024-12-16
33,2024-12-17 20:05:00,2024-12-17 23:00:00,short,43420.92,43588.67,43085.42,43462.17,end_of_session,-12.3,-0.246,10134.73,43578.67,43444.42,134.2,-12.3,2024-12,2024-12-17
34,2024-12-18 17:15:00,2024-12-18 21:05:00,long,43615.48,43453.23,43939.98,43451.23,sl,-50.62,-1.012,10084.11,43606.23,43463.23,143.0,-50.6,2024-12,2024-12-18
35,2024-12-19 17:00:00,2024-12-19 23:00:00,short,42479.1,42757.1,41923.1,42305.85,end_of_session,31.16,0.623,10115.27,42747.1,42508.6,238.5,31.15,2024-12,2024-12-19
36,2024-12-20 17:10:00,2024-12-20 18:35:00,long,42382.74,42109.24,42929.74,42929.74,tp,100.0,2.0,10215.27,42368.99,42119.24,249.8,100.0,2024-12,2024-12-20
37,2024-12-23 17:00:00,2024-12-23 19:55:00,short,42519.35,42770.1,42017.85,42772.1,sl,-50.4,-1.008,10164.87,42760.1,42526.85,233.2,-50.4,2024-12,2024-12-23
38,2024-12-24 17:00:00,2024-12-26 01:00:00,long,42931.93,42777.43,43240.93,43192.47,end_of_session,84.32,1.686,10249.19,42884.43,42787.43,97.0,84.3,2024-12,2024-12-26
39,2024-12-26 17:00:00,2024-12-26 23:00:00,long,43157.32,43022.32,43427.32,43259.97,end_of_session,38.02,0.76,10287.21,43150.82,43032.32,118.5,38.0,2024-12,2024-12-26
40,2024-12-27 17:10:00,2024-12-27 23:00:00,short,42933.54,43151.79,42497.04,42916.19,end_of_session,3.97,0.079,10291.18,43141.79,42948.29,193.5,3.95,2024-12,2024-12-27
41,2024-12-30 17:00:00,2024-12-30 18:20:00,short,42234.22,42479.72,41743.22,42481.72,sl,-50.41,-1.008,10240.77,42469.72,42239.22,230.5,-50.4,2024-12,2024-12-30
42,2024-12-31 17:15:00,2024-12-31 17:30:00,long,42662.64,42531.64,42924.64,42529.64,sl,-50.76,-1.015,10190.01,42652.64,42541.64,111.0,-50.74999999999999,2024-12,2024-12-31
43,2025-01-02 17:25:00,2025-01-02 23:00:00,short,42554.42,42836.17,41990.92,42304.42,end_of_session,44.37,0.887,10234.38,42826.17,42581.92,244.2,44.35,2025-01,2025-01-02
44,2025-01-03 20:25:00,2025-01-03 23:00:00,long,42627.35,42365.85,43150.35,42619.1,end_of_session,-1.58,-0.032,10232.8,42602.85,42375.85,227.0,-1.6,2025-01,2025-01-03
45,2025-01-06 17:00:00,2025-01-06 20:45:00,long,42953.91,42697.41,43466.91,42695.41,sl,-50.39,-1.008,10182.41,42892.91,42707.41,185.5,-50.4,2025-01,2025-01-06
46,2025-01-07 17:00:00,2025-01-07 23:00:00,short,42619.61,42852.11,42154.61,42438.36,end_of_session,38.98,0.78,10221.39,42842.11,42714.11,128.0,39.0,2025-01,2025-01-07
47,2025-01-08 18:35:00,2025-01-08 23:00:00,long,42500.99,42229.24,43044.49,42513.49,end_of_session,2.3,0.046,10223.69,42442.99,42239.24,203.8,2.3,2025-01,2025-01-08
48,2025-01-10 17:00:00,2025-01-10 23:00:00,short,41930.97,42329.22,41134.47,41814.97,end_of_session,14.56,0.291,10238.25,42319.22,42108.47,210.8,14.549999999999999,2025-01,2025-01-10
49,2025-01-13 17:35:00,2025-01-13 23:00:00,long,42053.17,41730.92,42697.67,42198.67,end_of_session,22.58,0.452,10260.83,42036.17,41740.92,295.2,22.6,2025-01,2025-01-13
50,2025-01-14 17:40:00,2025-01-14 18:00:00,long,42426.51,42236.26,42807.01,42234.26,sl,-50.53,-1.011,10210.3,42403.51,42246.26,157.2,-50.55,2025-01,2025-01-14
51,2025-01-15 17:10:00,2025-01-15 18:30:00,long,43180.11,42983.36,43573.61,42981.36,sl,-50.51,-1.01,10159.79,43174.86,42993.36,181.5,-50.5,2025-01,2025-01-15
52,2025-01-16 17:00:00,2025-01-16 23:00:00,short,43024.21,43221.71,42629.21,43070.71,end_of_session,-11.77,-0.235,10148.02,43211.71,43030.21,181.5,-11.75,2025-01,2025-01-16
53,2025-01-17 17:40:00,2025-01-17 23:00:00,long,43446.54,43306.54,43726.54,43390.54,end_of_session,-20.0,-0.4,10128.02,43439.54,43316.54,123.0,-20.0,2025-01,2025-01-17
54,2025-01-20 17:15:00,2025-01-21 01:00:00,short,43607.24,43731.74,43358.24,43642.56,end_of_session,-14.18,-0.284,10113.84,43721.74,43622.49,99.2,-14.2,2025-01,2025-01-21
55,2025-01-21 18:05:00,2025-01-21 23:00:00,long,43810.41,43560.66,44309.91,43966.91,end_of_session,31.33,0.627,10145.17,43767.91,43570.66,197.2,31.35,2025-01,2025-01-21
56,2025-01-22 18:00:00,2025-01-22 22:05:00,short,43998.49,44132.49,43730.49,44134.49,sl,-50.75,-1.015,10094.42,44122.49,44006.99,115.5,-50.74999999999999,2025-01,2025-01-22
57,2025-01-23 17:40:00,2025-01-23 23:00:00,long,44239.08,44090.83,44535.58,44486.08,end_of_session,83.31,1.666,10177.73,44222.33,44100.83,121.5,83.3,2025-01,2025-01-23
58,2025-01-24 19:20:00,2025-01-24 21:05:00,long,44466.21,44321.96,44754.71,44319.96,sl,-50.69,-1.014,10127.04,44459.71,44331.96,127.8,-50.7,2025-01,2025-01-24
59,2025-01-27 17:20:00,2025-01-27 23:00:00,long,44318.27,43988.52,44977.77,44657.77,end_of_session,51.48,1.03,10178.52,44304.77,43998.52,306.2,51.5,2025-01,2025-01-27
60,2025-01-28 17:10:00,2025-01-28 23:00:00,long,44758.61,44552.61,45170.61,44791.36,end_of_session,7.95,0.159,10186.47,44738.11,44562.61,175.5,7.95,2025-01,2025-01-28
61,2025-01-29 17:35:00,2025-01-29 19:45:00,long,44882.95,44751.7,45145.45,44749.7,sl,-50.76,-1.015,10135.71,44876.95,44761.7,115.2,-50.74999999999999,2025-01,2025-01-29
62,2025-01-30 18:50:00,2025-01-30 22:45:00,long,44835.02,44589.02,45327.02,44587.02,sl,-50.41,-1.008,10085.3,44826.27,44599.02,227.2,-50.4,2025-01,2025-01-30
63,2025-01-31 17:55:00,2025-01-31 21:45:00,short,44817.61,44992.86,44467.11,44467.11,tp,100.0,2.0,10185.3,44982.86,44823.61,159.2,100.0,2025-01,2025-01-31
64,2025-02-03 17:20:00,2025-02-03 23:00:00,long,44172.85,43840.35,44837.85,44376.35,end_of_session,30.6,0.612,10215.9,44122.35,43850.35,272.0,30.599999999999998,2025-02,2025-02-03
65,2025-02-04 17:05:00,2025-02-04 23:00:00,long,44396.16,44268.16,44652.16,44512.66,end_of_session,45.51,0.91,10261.41,44372.91,44278.16,94.8,45.5,2025-02,2025-02-04
66,2025-02-05 17:00:00,2025-02-05 18:30:00,short,44304.53,44582.53,43748.53,44584.53,sl,-50.36,-1.007,10211.05,44572.53,44376.53,196.0,-50.349999999999994,2025-02,2025-02-05
67,2025-02-06 17:00:00,2025-02-06 21:30:00,short,44810.9,44943.65,44545.4,44545.4,tp,100.0,2.0,10311.05,44933.65,44817.65,116.0,100.0,2025-02,2025-02-06
68,2025-02-07 17:00:00,2025-02-07 22:15:00,short,44616.24,44809.24,44230.24,44230.24,tp,100.0,2.0,10411.05,44799.24,44638.24,161.0,100.0,2025-02,2025-02-07
69,2025-02-10 18:15:00,2025-02-10 23:00:00,short,44306.67,44594.42,43731.17,44427.17,end_of_session,-20.94,-0.419,10390.11,44584.42,44316.67,267.8,-20.95,2025-02,2025-02-10
70,2025-02-11 17:25:00,2025-02-11 21:40:00,long,44367.39,44262.89,44576.39,44576.39,tp,100.0,2.0,10490.11,44350.39,44272.89,77.5,100.0,2025-02,2025-02-11
71,2025-02-12 17:35:00,2025-02-12 23:00:00,long,44301.58,44038.58,44827.58,44318.58,end_of_session,3.23,0.065,10493.34,44223.58,44048.58,175.0,3.25,2025-02,2025-02-12
72,2025-02-13 18:10:00,2025-02-13 23:00:00,long,44504.6,44319.3,44875.19999999999,44685.6,end_of_session,48.84,0.977,10542.18,44491.3,44329.3,162.0,48.85,2025-02,2025-02-13
73,2025-02-14 17:05:00,2025-02-14 17:25:00,long,44735.7,44595.2,45016.7,44593.2,sl,-50.71,-1.014,10491.47,44710.7,44605.2,105.5,-50.7,2025-02,2025-02-14
74,2025-02-18 17:15:00,2025-02-18 17:50:00,short,44387.0,44521.5,44118.0,44523.5,sl,-50.74,-1.015,10440.73,44511.5,44394.5,117.0,-50.74999999999999,2025-02,2025-02-18
75,2025-02-19 17:05:00,2025-02-19 17:55:00,long,44438.4,44344.4,44626.4,44342.4,sl,-51.06,-1.021,10389.67,44433.9,44354.4,79.5,-51.05,2025-02,2025-02-19
76,2025-02-20 17:00:00,2025-02-20 23:00:00,short,44222.5,44526.0,43615.5,44186.0,end_of_session,6.01,0.12,10395.68,44516.0,44289.0,227.0,6.0,2025-02,2025-02-20
77,2025-02-21 17:40:00,2025-02-21 21:25:00,short,43748.7,43954.2,43337.7,43337.7,tp,100.0,2.0,10495.68,43944.2,43765.2,179.0,100.0,2025-02,2025-02-21
78,2025-02-24 17:00:00,2025-02-24 19:45:00,short,43403.8,43666.3,42878.8,43668.3,sl,-50.38,-1.008,10445.3,43656.3,43448.8,207.5,-50.4,2025-02,2025-02-24
79,2025-02-25 17:00:00,2025-02-25 22:20:00,short,43433.5,43747.0,42806.5,43749.0,sl,-50.32,-1.006,10394.98,43737.0,43501.5,235.5,-50.3,2025-02,2025-02-25
80,2025-02-26 17:00:00,2025-02-26 19:50:00,long,43754.7,43542.2,44179.7,43540.2,sl,-50.47,-1.009,10344.51,43745.2,43552.2,193.0,-50.449999999999996,2025-02,2025-02-26
81,2025-02-27 17:15:00,2025-02-27 21:30:00,long,43742.3,43437.3,44352.3,43435.3,sl,-50.33,-1.007,10294.18,43684.8,43447.3,237.5,-50.349999999999994,2025-02,2025-02-27
82,2025-02-28 17:00:00,2025-02-28 19:45:00,long,43471.7,43218.7,43977.7,43216.7,sl,-50.4,-1.008,10243.78,43424.7,43228.7,196.0,-50.4,2025-02,2025-02-28
83,2025-03-03 17:00:00,2025-03-03 20:25:00,short,43855.9,44056.9,43453.9,43453.9,tp,100.0,2.0,10343.78,44046.9,43875.9,171.0,100.0,2025-03,2025-03-03
84,2025-03-04 17:05:00,2025-03-04 21:55:00,short,42558.4,42957.4,41760.4,42959.4,sl,-50.25,-1.005,10293.53,42947.4,42588.4,359.0,-50.24999999999999,2025-03,2025-03-04
85,2025-03-05 17:05:00,2025-03-05 18:10:00,long,42751.9,42463.9,43327.9,42461.9,sl,-50.35,-1.007,10243.18,42740.4,42473.9,266.5,-50.349999999999994,2025-03,2025-03-05
86,2025-03-06 17:05:00,2025-03-06 20:40:00,long,42678.9,42369.5,43297.700000000004,42367.5,sl,-50.32,-1.006,10192.86,42624.4,42379.5,244.9,-50.3,2025-03,2025-03-06
87,2025-03-07 17:35:00,2025-03-07 20:35:00,short,42360.3,42740.3,41600.3,42742.3,sl,-50.26,-1.005,10142.6,42730.3,42365.3,365.0,-50.24999999999999,2025-03,2025-03-07
88,2025-03-10 19:15:00,2025-03-10 23:00:00,short,42244.9,42568.4,41597.9,41912.0,end_of_session,51.45,1.029,10194.05,42558.4,42277.4,281.0,51.449999999999996,2025-03,2025-03-10
89,2025-03-11 17:00:00,2025-03-11 23:00:00,short,41508.9,41864.9,40796.9,41421.4,end_of_session,12.29,0.246,10206.34,41854.9,41605.9,249.0,12.3,2025-03,2025-03-11
90,2025-03-12 17:20:00,2025-03-12 23:00:00,short,41251.1,41720.6,40312.1,41344.6,end_of_session,-9.96,-0.199,10196.38,41710.6,41281.6,429.0,-9.950000000000001,2025-03,2025-03-12
91,2025-03-13 17:10:00,2025-03-13 18:05:00,long,41333.3,41098.8,41802.3,41096.8,sl,-50.43,-1.009,10145.95,41328.8,41108.8,220.0,-50.449999999999996,2025-03,2025-03-13
92,2025-03-14 17:50:00,2025-03-14 23:00:00,long,41253.5,40894.6,41971.3,41461.0,end_of_session,28.91,0.578,10174.86,41247.1,40904.6,342.5,28.9,2025-03,2025-03-14
93,2025-03-17 20:10:00,2025-03-17 23:00:00,long,41775.7,41400.9,42525.29999999999,41850.7,end_of_session,10.01,0.2,10184.87,41762.6,41410.9,351.7,10.0,2025-03,2025-03-17
94,2025-03-18 17:45:00,2025-03-18 23:00:00,short,41575.0,41794.4,41136.2,41578.3,end_of_session,-0.75,-0.015,10184.12,41784.4,41579.9,204.5,-0.75,2025-03,2025-03-18
95,2025-03-19 17:20:00,2025-03-19 23:00:00,long,41835.9,41608.9,42289.9,41975.2,end_of_session,30.68,0.614,10214.8,41824.9,41618.9,206.0,30.7,2025-03,2025-03-19
96,2025-03-20 17:00:00,2025-03-20 23:00:00,long,42020.4,41667.0,42727.200000000004,41929.9,end_of_session,-12.8,-0.256,10202.0,41943.9,41677.0,266.9,-12.8,2025-03,2025-03-20
97,2025-03-21 17:05:00,2025-03-21 17:55:00,short,41432.5,41628.0,41041.5,41630.0,sl,-50.51,-1.01,10151.49,41618.0,41453.3,164.7,-50.5,2025-03,2025-03-21
98,2025-03-24 17:20:00,2025-03-24 23:00:00,long,42516.9,42271.8,43007.1,42548.9,end_of_session,6.53,0.131,10158.02,42494.7,42281.8,212.9,6.550000000000001,2025-03,2025-03-24
99,2025-03-25 19:30:00,2025-03-25 23:00:00,short,42509.6,42704.2,42120.4,42580.1,end_of_session,-18.11,-0.362,10139.91,42694.2,42523.1,171.1,-18.099999999999998,2025-03,2025-03-25
100,2025-03-26 18:25:00,2025-03-26 23:00:00,short,42604.9,42828.9,42156.9,42435.1,end_of_session,37.9,0.758,10177.81,42818.9,42637.0,181.9,37.9,2025-03,2025-03-26
101,2025-03-27 17:00:00,2025-03-27 23:00:00,long,42418.0,42135.9,42982.2,42302.9,end_of_session,-20.4,-0.408,10157.41,42398.0,42145.9,252.1,-20.4,2025-03,2025-03-27
102,2025-03-28 17:05:00,2025-03-28 23:00:00,short,41925.7,42242.2,41292.7,41551.0,end_of_session,59.19,1.184,10216.6,42232.2,41989.0,243.2,59.199999999999996,2025-03,2025-03-28
103,2025-03-31 17:05:00,2025-03-31 23:00:00,long,41484.4,41136.7,42179.80000000001,41991.7,end_of_session,72.95,1.459,10289.55,41434.0,41146.7,287.3,72.95,2025-03,2025-03-31
104,2025-04-01 17:00:00,2025-04-01 17:50:00,short,41638.1,41864.7,41184.9,41866.7,sl,-50.44,-1.009,10239.11,41854.7,41651.0,203.7,-50.449999999999996,2025-04,2025-04-01
105,2025-04-02 17:00:00,2025-04-02 23:00:00,long,41915.6,41612.9,42520.99999999999,42219.4,end_of_session,50.18,1.004,10289.29,41889.0,41622.9,266.1,50.2,2025-04,2025-04-02
106,2025-04-03 17:00:00,2025-04-03 23:00:00,short,40742.5,41174.7,39878.100000000006,40530.4,end_of_session,24.54,0.491,10313.83,41164.7,40803.0,361.7,24.55,2025-04,2025-04-03
107,2025-04-04 17:20:00,2025-04-04 21:35:00,short,39232.9,39625.9,38446.9,38446.9,tp,100.0,2.0,10413.83,39615.9,39244.6,371.3,100.0,2025-04,2025-04-04
108,2025-04-08 17:05:00,2025-04-08 17:55:00,long,39383.7,38985.9,40179.29999999999,38983.9,sl,-50.25,-1.005,10363.58,39370.9,38995.9,375.0,-50.24999999999999,2025-04,2025-04-08
109,2025-04-09 17:00:00,2025-04-09 20:20:00,long,37942.9,37183.3,39462.1,39462.1,tp,100.0,2.0,10463.58,37869.0,37193.3,675.7,100.0,2025-04,2025-04-09
110,2025-04-10 17:10:00,2025-04-10 19:05:00,short,39608.9,40005.6,38815.50000000001,38815.50000000001,tp,100.0,2.0,10563.58,39995.6,39623.1,372.5,100.0,2025-04,2025-04-10
111,2025-04-11 19:30:00,2025-04-11 23:00:00,long,39892.4,39226.9,41223.4,40176.2,end_of_session,21.32,0.426,10584.9,39815.2,39236.9,578.3,21.3,2025-04,2025-04-11
112,2025-04-14 17:50:00,2025-04-14 18:25:00,long,40773.6,40439.0,41442.799999999996,40437.0,sl,-50.3,-1.006,10534.6,40764.7,40449.0,315.7,-50.3,2025-04,2025-04-14
113,2025-04-15 20:20:00,2025-04-15 23:00:00,short,40456.9,40778.4,39813.9,40372.2,end_of_session,13.17,0.263,10547.77,40768.4,40461.5,306.9,13.15,2025-04,2025-04-15
114,2025-04-16 18:05:00,2025-04-16 20:30:00,long,40294.4,40019.3,40844.6,40017.3,sl,-50.36,-1.007,10497.41,40279.4,40029.3,250.1,-50.349999999999994,2025-04,2025-04-16
115,2025-04-17 17:00:00,2025-04-17 17:15:00,long,39271.8,39084.0,39647.40000000001,39082.0,sl,-50.53,-1.011,10446.88,39243.8,39094.0,149.8,-50.55,2025-04,2025-04-17
116,2025-04-21 17:00:00,2025-04-21 23:00:00,short,38466.8,38866.9,37666.600000000006,38124.9,end_of_session,42.73,0.855,10489.61,38856.9,38501.9,355.0,42.75,2025-04,2025-04-21
117,2025-04-22 17:05:00,2025-04-22 23:00:00,long,38819.9,38503.3,39453.1,39182.1,end_of_session,57.2,1.144,10546.81,38778.7,38513.3,265.4,57.199999999999996,2025-04,2025-04-22
118,2025-04-23 18:25:00,2025-04-23 23:00:00,short,39876.7,40322.0,38986.09999999999,39579.4,end_of_session,33.38,0.668,10580.19,40312.0,39889.9,422.1,33.4,2025-04,2025-04-23
119,2025-04-24 17:05:00,2025-04-24 23:00:00,long,39659.5,39357.8,40262.899999999994,40080.3,end_of_session,69.74,1.395,10649.93,39624.6,39367.8,256.8,69.75,2025-04,2025-04-24
120,2025-04-25 17:20:00,2025-04-25 20:20:00,short,39782.0,40068.4,39209.2,40070.4,sl,-50.35,-1.007,10599.58,40058.4,39808.1,250.3,-50.349999999999994,2025-04,2025-04-25
121,2025-04-28 18:20:00,2025-04-28 23:00:00,short,40096.1,40415.4,39457.49999999999,40208.1,end_of_session,-17.54,-0.351,10582.04,40405.4,40162.0,243.4,-17.549999999999997,2025-04,2025-04-28
122,2025-04-29 17:50:00,2025-04-29 23:00:00,long,40453.4,40200.9,40958.4,40499.9,end_of_session,9.21,0.184,10591.25,40427.5,40210.9,216.6,9.2,2025-04,2025-04-29
123,2025-04-30 18:20:00,2025-04-30 23:00:00,long,40253.6,39725.8,41309.19999999999,40635.6,end_of_session,36.19,0.724,10627.44,40238.7,39735.8,502.9,36.199999999999996,2025-04,2025-04-30
124,2025-05-01 17:20:00,2025-05-01 22:55:00,long,40980.3,40727.9,41485.100000000006,40725.9,sl,-50.4,-1.008,10577.04,40932.2,40737.9,194.3,-50.4,2025-05,2025-05-01
125,2025-05-02 19:00:00,2025-05-02 23:00:00,long,41326.1,41000.8,41976.69999999999,41278.5,end_of_session,-7.32,-0.146,10569.72,41246.0,41010.8,235.2,-7.3,2025-05,2025-05-02
126,2025-05-05 17:00:00,2025-05-05 23:00:00,long,41190.6,41015.9,41539.99999999999,41210.2,end_of_session,5.61,0.112,10575.33,41163.0,41025.9,137.1,5.6000000000000005,2025-05,2025-05-05
127,2025-05-06 17:15:00,2025-05-06 23:00:00,long,41015.9,40733.9,41579.9,40822.7,end_of_session,-34.26,-0.685,10541.07,40966.9,40743.9,223.0,-34.25,2025-05,2025-05-06
128,2025-05-07 17:50:00,2025-05-07 19:00:00,short,40941.8,41087.2,40651.000000000015,41089.2,sl,-50.69,-1.014,10490.38,41077.2,40946.4,130.8,-50.7,2025-05,2025-05-07
129,2025-05-08 17:10:00,2025-05-08 17:30:00,short,41192.5,41390.2,40797.100000000006,41392.2,sl,-50.51,-1.01,10439.87,41380.2,41241.0,139.2,-50.5,2025-05,2025-05-08
130,2025-05-09 17:20:00,2025-05-09 23:00:00,short,41318.0,41484.7,40984.600000000006,41201.2,end_of_session,35.03,0.701,10474.9,41474.7,41342.8,131.9,35.05,2025-05,2025-05-09
131,2025-05-12 17:25:00,2025-05-12 20:05:00,short,42173.5,42361.7,41797.100000000006,42363.7,sl,-50.53,-1.011,10424.37,42351.7,42196.3,155.4,-50.55,2025-05,2025-05-12
132,2025-05-13 17:10:00,2025-05-13 22:50:00,long,42339.1,42169.8,42677.69999999999,42167.8,sl,-50.59,-1.012,10373.78,42294.9,42179.8,115.1,-50.6,2025-05,2025-05-13
133,2025-05-14 18:00:00,2025-05-14 23:00:00,short,42033.2,42259.9,41579.79999999999,42030.9,end_of_session,0.51,0.01,10374.29,42249.9,42105.7,144.2,0.5,2025-05,2025-05-14
134,2025-05-15 17:00:00,2025-05-15 21:30:00,long,41970.1,41814.5,42281.299999999996,42281.299999999996,tp,100.0,2.0,10474.29,41941.1,41824.5,116.6,100.0,2025-05,2025-05-15
135,2025-05-16 17:20:00,2025-05-16 22:05:00,long,42356.2,42210.8,42646.999999999985,42646.999999999985,tp,100.0,2.0,10574.29,42347.9,42220.8,127.1,100.0,2025-05,2025-05-16
136,2025-05-19 17:00:00,2025-05-19 23:00:00,long,42600.1,42318.4,43163.49999999999,42763.8,end_of_session,29.06,0.581,10603.35,42582.1,42328.4,253.7,29.049999999999997,2025-05,2025-05-19
137,2025-05-20 19:10:00,2025-05-20 23:00:00,short,42617.6,42795.7,42261.4,42663.9,end_of_session,-13.0,-0.26,10590.35,42785.7,42626.4,159.3,-13.0,2025-05,2025-05-20
138,2025-05-21 17:00:00,2025-05-21 17:30:00,long,42394.5,42265.2,42653.100000000006,42263.2,sl,-50.77,-1.015,10539.58,42389.6,42275.2,114.4,-50.74999999999999,2025-05,2025-05-21
139,2025-05-22 17:05:00,2025-05-22 17:55:00,long,41923.3,41728.4,42313.100000000006,41726.4,sl,-50.51,-1.01,10489.07,41887.0,41738.4,148.6,-50.5,2025-05,2025-05-22
140,2025-05-23 17:00:00,2025-05-23 23:00:00,long,41548.6,41308.9,42027.99999999999,41580.1,end_of_session,6.57,0.131,10495.64,41508.8,41318.9,189.9,6.550000000000001,2025-05,2025-05-23
141,2025-05-26 17:30:00,2025-05-27 01:00:00,short,42014.3,42111.2,41820.500000000015,42051.25,end_of_session,-19.07,-0.381,10476.57,42101.2,42023.8,77.4,-19.05,2025-05,2025-05-27
142,2025-05-27 17:15:00,2025-05-27 23:00:00,long,42044.6,41862.9,42407.99999999999,42344.8,end_of_session,82.61,1.652,10559.18,42033.6,41872.9,160.7,82.6,2025-05,2025-05-27
143,2025-05-28 17:05:00,2025-05-28 23:00:00,short,42300.5,42451.2,41999.100000000006,42097.0,end_of_session,67.52,1.35,10626.7,42441.2,42317.7,123.5,67.5,2025-05,2025-05-28
144,2025-05-29 17:05:00,2025-05-29 22:45:00,short,42065.4,42248.9,41698.4,42250.9,sl,-50.54,-1.011,10576.16,42238.9,42111.6,127.3,-50.55,2025-05,2025-05-29
145,2025-05-30 17:00:00,2025-05-30 19:25:00,long,42190.1,42030.5,42509.299999999996,42028.5,sl,-50.63,-1.013,10525.53,42183.9,42040.5,143.4,-50.64999999999999,2025-05,2025-05-30
146,2025-06-02 17:00:00,2025-06-02 21:15:00,short,41875.6,42161.7,41303.4,42163.7,sl,-50.35,-1.007,10475.18,42151.7,41943.5,208.2,-50.349999999999994,2025-06,2025-06-02
147,2025-06-03 18:00:00,2025-06-03 23:00:00,long,42377.9,42208.0,42717.700000000004,42530.2,end_of_session,44.82,0.896,10520.0,42364.0,42218.0,146.0,44.800000000000004,2025-06,2025-06-03
148,2025-06-04 17:00:00,2025-06-04 23:00:00,short,42537.1,42653.5,42304.299999999996,42412.1,end_of_session,53.69,1.074,10573.69,42643.5,42546.0,97.5,53.7,2025-06,2025-06-04
149,2025-06-05 18:15:00,2025-06-05 22:15:00,long,42534.0,42209.0,43184.0,42207.0,sl,-50.31,-1.006,10523.38,42511.5,42219.0,292.5,-50.3,2025-06,2025-06-05
150,2025-06-06 18:15:00,2025-06-06 23:00:00,short,42621.2,42910.1,42043.399999999994,42729.2,end_of_session,-18.69,-0.374,10504.69,42900.1,42643.6,256.5,-18.7,2025-06,2025-06-06
151,2025-06-09 17:00:00,2025-06-09 19:50:00,short,42603.4,42782.2,42245.80000000001,42784.2,sl,-50.56,-1.011,10454.13,42772.2,42617.5,154.7,-50.55,2025-06,2025-06-09
152,2025-06-10 17:40:00,2025-06-10 18:30:00,long,42814.6,42697.2,43049.4,42695.2,sl,-50.85,-1.017,10403.28,42789.9,42707.2,82.7,-50.849999999999994,2025-06,2025-06-10
153,2025-06-11 17:15:00,2025-06-11 21:15:00,long,42974.2,42778.4,43365.79999999999,42776.4,sl,-50.51,-1.01,10352.77,42942.2,42788.4,153.8,-50.5,2025-06,2025-06-11
154,2025-06-12 17:05:00,2025-06-12 23:00:00,long,42767.6,42603.3,43096.19999999999,42972.8,end_of_session,62.45,1.249,10415.22,42750.4,42613.3,137.1,62.45,2025-06,2025-06-12
155,2025-06-13 17:10:00,2025-06-13 18:45:00,short,42316.6,42575.4,41798.99999999999,42577.4,sl,-50.39,-1.008,10364.83,42565.4,42320.9,244.5,-50.4,2025-06,2025-06-13
156,2025-06-16 17:00:00,2025-06-16 23:00:00,long,42647.8,42369.8,43203.8,42521.2,end_of_session,-22.77,-0.455,10342.06,42634.3,42379.8,254.5,-22.75,2025-06,2025-06-16
157,2025-06-17 17:05:00,2025-06-17 20:25:00,long,42447.2,42304.1,42733.399999999994,42302.1,sl,-50.7,-1.014,10291.36,42414.6,42314.1,100.5,-50.7,2025-06,2025-06-17
158,2025-06-18 17:10:00,2025-06-18 21:55:00,long,42385.3,42166.3,42823.3,42164.3,sl,-50.46,-1.009,10240.9,42338.3,42176.3,162.0,-50.449999999999996,2025-06,2025-06-18
159,2025-06-20 17:20:00,2025-06-20 23:00:00,short,42256.4,42438.3,41892.6,42194.8,end_of_session,16.93,0.339,10257.83,42428.3,42277.8,150.5,16.950000000000003,2025-06,2025-06-20
160,2025-06-23 17:00:00,2025-06-23 19:30:00,long,42385.2,42113.2,42929.2,42111.2,sl,-50.37,-1.007,10207.46,42344.7,42123.2,221.5,-50.349999999999994,2025-06,2025-06-23
161,2025-06-24 18:20:00,2025-06-24 23:00:00,long,42992.3,42814.6,43347.70000000001,43083.4,end_of_session,25.63,0.513,10233.09,42988.1,42824.6,163.5,25.650000000000002,2025-06,2025-06-24
162,2025-06-25 17:35:00,2025-06-25 23:00:00,short,42992.6,43106.9,42763.99999999999,42997.4,end_of_session,-2.1,-0.042,10230.99,43096.9,42998.9,98.0,-2.1,2025-06,2025-06-25
163,2025-06-26 17:30:00,2025-06-26 23:00:00,long,43278.9,43090.2,43656.30000000001,43417.9,end_of_session,36.83,0.737,10267.82,43251.9,43100.2,151.7,36.85,2025-06,2025-06-26
164,2025-06-27 17:00:00,2025-06-27 23:00:00,long,43724.9,43514.6,44145.50000000001,43811.1,end_of_session,20.49,0.41,10288.31,43678.1,43524.6,153.5,20.5,2025-06,2025-06-27
165,2025-06-30 17:20:00,2025-06-30 22:45:00,short,43941.2,44066.5,43690.59999999999,44068.5,sl,-50.8,-1.016,10237.51,44056.5,43954.2,102.3,-50.8,2025-06,2025-06-30
166,2025-07-01 17:10:00,2025-07-01 23:00:00,long,44259.7,44000.7,44777.7,44502.6,end_of_session,46.89,0.938,10284.4,44248.2,44010.7,237.5,46.9,2025-07,2025-07-01
167,2025-07-02 18:35:00,2025-07-02 23:00:00,long,44534.9,44339.9,44924.9,44483.7,end_of_session,-13.13,-0.263,10271.27,44509.9,44349.9,160.0,-13.15,2025-07,2025-07-02
168,2025-07-03 17:00:00,2025-07-04 01:00:00,long,44776.3,44531.2,45266.500000000015,44789.4,end_of_session,2.67,0.053,10273.94,44748.2,44541.2,207.0,2.65,2025-07,2025-07-04
169,2025-07-04 17:30:00,2025-07-07 01:00:00,long,44626.3,44544.6,44789.70000000001,44702.0,end_of_session,46.33,0.927,10320.27,44614.1,44554.6,59.5,46.35,2025-07,2025-07-07
170,2025-07-07 17:10:00,2025-07-07 19:20:00,short,44635.8,44800.8,44305.8,44305.8,tp,100.0,2.0,10420.27,44790.8,44661.8,129.0,100.0,2025-07,2025-07-07
171,2025-07-08 17:05:00,2025-07-08 23:00:00,short,44264.2,44446.2,43900.2,44233.5,end_of_session,8.43,0.169,10428.7,44436.2,44281.2,155.0,8.450000000000001,2025-07,2025-07-08
172,2025-07-09 17:25:00,2025-07-09 23:00:00,short,44376.7,44573.7,43982.7,44448.4,end_of_session,-18.2,-0.364,10410.5,44563.7,44411.7,152.0,-18.2,2025-07,2025-07-09
173,2025-07-10 17:05:00,2025-07-10 23:00:00,long,44538.0,44349.0,44916.0,44644.6,end_of_session,28.2,0.564,10438.7,44517.5,44359.0,158.5,28.199999999999996,2025-07,2025-07-10
174,2025-07-14 20:50:00,2025-07-14 23:00:00,long,44450.6,44235.6,44880.6,44455.1,end_of_session,1.05,0.021,10439.75,44443.6,44245.6,198.0,1.05,2025-07,2025-07-14
175,2025-07-15 17:00:00,2025-07-15 23:00:00,short,44283.8,44524.8,43801.8,44016.4,end_of_session,55.48,1.11,10495.23,44514.8,44289.8,225.0,55.50000000000001,2025-07,2025-07-15
176,2025-07-16 17:50:00,2025-07-16 22:00:00,short,44039.1,44248.1,43621.1,44250.1,sl,-50.48,-1.01,10444.75,44238.1,44046.1,192.0,-50.5,2025-07,2025-07-16
177,2025-07-17 21:15:00,2025-07-17 23:00:00,long,44486.3,44178.6,45101.70000000001,44508.8,end_of_session,3.66,0.073,10448.41,44479.6,44188.6,291.0,3.65,2025-07,2025-07-17
178,2025-07-18 17:10:00,2025-07-18 23:00:00,short,44327.1,44589.9,43801.49999999999,44329.1,end_of_session,-0.38,-0.008,10448.03,44579.9,44366.1,213.8,-0.4,2025-07,2025-07-18
179,2025-07-21 17:00:00,2025-07-21 22:45:00,long,44512.4,44349.4,44838.4,44347.4,sl,-50.61,-1.012,10397.42,44494.9,44359.4,135.5,-50.6,2025-07,2025-07-21
180,2025-07-22 21:35:00,2025-07-22 23:00:00,long,44482.8,44276.4,44895.600000000006,44493.8,end_of_session,2.66,0.053,10400.08,44465.9,44286.4,179.5,2.65,2025-07,2025-07-22
181,2025-07-23 18:50:00,2025-07-23 23:00:00,long,44805.9,44622.9,45171.9,45021.8,end_of_session,58.99,1.18,10459.07,44789.4,44632.9,156.5,59.0,2025-07,2025-07-23
182,2025-07-24 17:00:00,2025-07-24 23:00:00,long,44826.0,44655.0,45168.0,44708.8,end_of_session,-34.27,-0.685,10424.8,44789.5,44665.0,124.5,-34.25,2025-07,2025-07-24
183,2025-07-25 17:00:00,2025-07-25 17:45:00,short,44635.0,44812.0,44281.0,44814.0,sl,-50.56,-1.011,10374.24,44802.0,44700.0,102.0,-50.55,2025-07,2025-07-25
184,2025-07-28 17:10:00,2025-07-28 21:00:00,long,44926.8,44773.3,45233.8,44771.3,sl,-50.65,-1.013,10323.59,44918.8,44783.3,135.5,-50.64999999999999,2025-07,2025-07-28
185,2025-07-29 17:35:00,2025-07-29 23:00:00,short,44749.0,44898.5,44450.0,44652.1,end_of_session,32.41,0.648,10356.0,44888.5,44758.5,130.0,32.4,2025-07,2025-07-29
186,2025-07-30 17:15:00,2025-07-30 18:15:00,long,44711.4,44552.4,45029.4,44550.4,sl,-50.63,-1.013,10305.37,44700.4,44562.4,138.0,-50.64999999999999,2025-07,2025-07-30
187,2025-07-31 17:55:00,2025-07-31 23:00:00,short,44417.6,44617.6,44017.6,44127.6,end_of_session,72.5,1.45,10377.87,44607.6,44428.1,179.5,72.5,2025-07,2025-07-31
188,2025-08-01 17:00:00,2025-08-01 23:00:00,short,43406.4,43770.4,42678.4,43572.5,end_of_session,-22.82,-0.456,10355.05,43760.4,43434.9,325.5,-22.8,2025-08,2025-08-01
189,2025-08-04 17:25:00,2025-08-04 23:00:00,long,44028.1,43756.0,44572.299999999996,44178.3,end_of_session,27.6,0.552,10382.65,44006.5,43766.0,240.5,27.6,2025-08,2025-08-04
190,2025-08-05 17:00:00,2025-08-05 23:00:00,short,44084.5,44306.5,43640.5,44115.5,end_of_session,-6.98,-0.14,10375.67,44296.5,44137.5,159.0,-7.000000000000001,2025-08,2025-08-05
191,2025-08-06 17:20:00,2025-08-06 17:55:00,short,44025.1,44226.1,43623.1,44228.1,sl,-50.5,-1.01,10325.17,44216.1,44030.6,185.5,-50.5,2025-08,2025-08-06
192,2025-08-07 17:00:00,2025-08-07 20:30:00,short,44272.0,44512.0,43792.0,43792.0,tp,100.0,2.0,10425.17,44502.0,44304.5,197.5,100.0,2025-08,2025-08-07
193,2025-08-08 17:00:00,2025-08-08 18:40:00,long,44213.4,44020.9,44598.4,44018.9,sl,-50.52,-1.01,10374.65,44162.4,44030.9,131.5,-50.5,2025-08,2025-08-08
194,2025-08-11 17:25:00,2025-08-11 23:00:00,short,44084.5,44288.0,43677.5,43990.9,end_of_session,23.0,0.46,10397.65,44278.0,44099.5,178.5,23.0,2025-08,2025-08-11
195,2025-08-12 17:00:00,2025-08-12 23:00:00,long,44347.9,44092.9,44857.9,44451.4,end_of_session,20.29,0.406,10417.94,44268.9,44102.9,166.0,20.3,2025-08,2025-08-12
196,2025-08-13 17:05:00,2025-08-13 23:00:00,long,44893.7,44580.7,45519.7,44933.2,end_of_session,6.31,0.126,10424.25,44866.7,44590.7,276.0,6.3,2025-08,2025-08-13
197,2025-08-14 17:00:00,2025-08-14 19:10:00,long,44844.9,44696.9,45140.9,44694.9,sl,-50.68,-1.014,10373.57,44825.9,44706.9,119.0,-50.7,2025-08,2025-08-14
198,2025-08-15 17:00:00,2025-08-15 23:00:00,short,45015.2,45215.7,44614.2,44955.7,end_of_session,14.84,0.297,10388.41,45205.7,45022.2,183.5,14.85,2025-08,2025-08-15
199,2025-08-19 17:00:00,2025-08-19 18:45:00,long,45148.1,44934.6,45575.1,44932.6,sl,-50.47,-1.009,10337.94,45092.6,44944.6,148.0,-50.449999999999996,2025-08,2025-08-19
200,2025-08-20 17:05:00,2025-08-20 23:00:00,short,44821.9,45058.4,44348.9,44924.4,end_of_session,-21.67,-0.433,10316.27,45048.4,44847.9,200.5,-21.65,2025-08,2025-08-20
201,2025-08-21 17:00:00,2025-08-21 23:00:00,long,44821.2,44558.2,45347.2,44783.0,end_of_session,-7.26,-0.145,10309.01,44760.2,44568.2,192.0,-7.249999999999999,2025-08,2025-08-21
202,2025-08-22 17:00:00,2025-08-22 23:00:00,long,45424.6,44991.3,46291.19999999999,45632.9,end_of_session,24.04,0.481,10333.05,45172.1,45001.3,170.8,24.05,2025-08,2025-08-22
203,2025-08-25 17:00:00,2025-08-25 23:00:00,short,45453.2,45590.7,45178.2,45278.5,end_of_session,63.53,1.271,10396.58,45580.7,45491.7,89.0,63.55,2025-08,2025-08-25
204,2025-08-26 20:25:00,2025-08-26 23:00:00,long,45320.3,45202.3,45556.3,45406.3,end_of_session,36.44,0.729,10433.02,45313.8,45212.3,101.5,36.449999999999996,2025-08,2025-08-26
205,2025-08-27 20:30:00,2025-08-27 23:00:00,long,45567.8,45370.2,45963.000000000015,45565.1,end_of_session,-0.68,-0.014,10432.34,45562.7,45380.2,182.5,-0.7000000000000001,2025-08,2025-08-27
206,2025-08-28 17:35:00,2025-08-28 22:00:00,short,45446.9,45627.4,45085.9,45629.4,sl,-50.55,-1.011,10381.79,45617.4,45460.4,157.0,-50.55,2025-08,2025-08-28
207,2025-08-29 17:00:00,2025-08-29 23:00:00,short,45434.9,45620.0,45064.700000000004,45552.0,end_of_session,-31.63,-0.633,10350.16,45610.0,45484.5,125.5,-31.65,2025-08,2025-08-29
208,2025-09-01 17:55:00,2025-09-02 01:00:00,long,45570.1,45460.1,45790.1,45549.3,end_of_session,-9.45,-0.189,10340.71,45560.6,45470.1,90.5,-9.45,2025-09,2025-09-02
209,2025-09-02 17:00:00,2025-09-02 23:00:00,long,45263.1,44925.1,45939.1,45286.6,end_of_session,3.48,0.07,10344.19,45212.6,44935.1,277.5,3.5000000000000004,2025-09,2025-09-02
210,2025-09-03 17:10:00,2025-09-03 23:00:00,short,45067.1,45314.1,44573.1,45257.1,end_of_session,-38.46,-0.769,10305.73,45304.1,45098.6,205.5,-38.45,2025-09,2025-09-03
211,2025-09-04 17:30:00,2025-09-04 23:00:00,long,45351.8,45157.8,45739.8,45614.2,end_of_session,67.63,1.353,10373.36,45332.8,45167.8,165.0,67.65,2025-09,2025-09-04
212,2025-09-05 17:05:00,2025-09-05 17:35:00,short,45614.2,45783.7,45275.2,45275.2,tp,100.0,2.0,10473.36,45773.7,45622.2,151.5,100.0,2025-09,2025-09-05
213,2025-09-08 17:55:00,2025-09-08 23:00:00,long,45470.4,45266.4,45878.4,45532.9,end_of_session,15.32,0.306,10488.68,45456.9,45276.4,180.5,15.299999999999999,2025-09,2025-09-08
214,2025-09-09 17:30:00,2025-09-09 17:55:00,short,45430.8,45584.8,45122.8,45586.8,sl,-50.65,-1.013,10438.03,45574.8,45466.8,108.0,-50.64999999999999,2025-09,2025-09-09
215,2025-09-10 17:30:00,2025-09-10 23:00:00,short,45555.1,45714.6,45236.1,45497.6,end_of_session,18.03,0.361,10456.06,45704.6,45585.9,118.7,18.05,2025-09,2025-09-10
216,2025-09-11 17:00:00,2025-09-11 23:00:00,long,45951.4,45557.4,46739.4,46101.0,end_of_session,18.98,0.38,10475.04,45939.4,45567.4,372.0,19.0,2025-09,2025-09-11
217,2025-09-12 17:25:00,2025-09-12 23:00:00,short,45965.5,46086.0,45724.5,45834.7,end_of_session,54.27,1.085,10529.31,46076.0,45972.0,104.0,54.25,2025-09,2025-09-12
218,2025-09-15 17:40:00,2025-09-15 18:30:00,long,45957.9,45791.4,46290.9,45789.4,sl,-50.6,-1.012,10478.71,45946.4,45801.4,145.0,-50.6,2025-09,2025-09-15
219,2025-09-16 17:00:00,2025-09-16 23:00:00,short,45677.9,45974.4,45084.9,45769.2,end_of_session,-15.4,-0.308,10463.31,45964.4,45734.4,230.0,-15.4,2025-09,2025-09-16
220,2025-09-17 18:40:00,2025-09-17 21:40:00,long,46094.3,45851.9,46579.100000000006,45849.9,sl,-50.41,-1.008,10412.9,46080.9,45861.9,219.0,-50.4,2025-09,2025-09-17
221,2025-09-18 17:00:00,2025-09-18 23:00:00,long,46139.7,45933.7,46551.7,46155.7,end_of_session,3.88,0.078,10416.78,46102.2,45943.7,158.5,3.9,2025-09,2025-09-18
222,2025-09-19 20:30:00,2025-09-19 23:00:00,long,46294.7,46093.7,46696.7,46303.2,end_of_session,2.11,0.042,10418.89,46284.2,46103.7,180.5,2.1,2025-09,2025-09-19
223,2025-09-22 17:05:00,2025-09-22 23:00:00,long,46228.4,46014.4,46656.4,46381.3,end_of_session,35.72,0.714,10454.61,46208.9,46024.4,184.5,35.699999999999996,2025-09,2025-09-22
224,2025-09-23 17:05:00,2025-09-23 18:55:00,long,46709.5,46427.5,47273.5,46425.5,sl,-50.35,-1.007,10404.26,46700.5,46437.5,263.0,-50.349999999999994,2025-09,2025-09-23
225,2025-09-24 18:05:00,2025-09-24 23:00:00,short,46295.1,46470.3,45944.69999999999,46115.7,end_of_session,51.2,1.024,10455.46,46460.3,46314.1,146.2,51.2,2025-09,2025-09-24
226,2025-09-25 17:20:00,2025-09-25 20:55:00,long,46096.3,45869.8,46549.3,45867.8,sl,-50.44,-1.009,10405.02,46061.6,45879.8,181.8,-50.449999999999996,2025-09,2025-09-25
227,2025-09-26 17:30:00,2025-09-26 23:00:00,short,46065.1,46350.1,45495.1,46242.3,end_of_session,-31.09,-0.622,10373.93,46340.1,46110.6,229.5,-31.1,2025-09,2025-09-26
228,2025-09-29 18:45:00,2025-09-29 23:00:00,short,46161.9,46408.1,45669.50000000001,46319.7,end_of_session,-32.05,-0.641,10341.88,46398.1,46169.6,228.5,-32.05,2025-09,2025-09-29
229,2025-09-30 17:05:00,2025-09-30 22:45:00,short,46260.0,46372.0,46036.0,46374.0,sl,-50.89,-1.018,10290.99,46362.0,46267.0,95.0,-50.9,2025-09,2025-09-30
230,2025-10-01 18:20:00,2025-10-01 23:00:00,long,46467.2,46263.8,46873.999999999985,46444.5,end_of_session,-5.58,-0.112,10285.41,46445.8,46273.8,172.0,-5.6000000000000005,2025-10,2025-10-01
231,2025-10-02 17:10:00,2025-10-02 21:30:00,short,46372.3,46594.3,45928.3,46596.3,sl,-50.45,-1.009,10234.96,46584.3,46395.3,189.0,-50.449999999999996,2025-10,2025-10-02
232,2025-10-03 17:15:00,2025-10-03 23:00:00,long,46871.8,46572.3,47470.8,46767.1,end_of_session,-17.48,-0.35,10217.48,46825.3,46582.3,243.0,-17.5,2025-10,2025-10-03
233,2025-10-06 17:00:00,2025-10-06 23:00:00,short,46482.1,46864.1,45718.1,46688.3,end_of_session,-26.99,-0.54,10190.49,46854.1,46520.9,333.2,-27.0,2025-10,2025-10-06
234,2025-10-07 17:00:00,2025-10-07 23:00:00,short,46671.9,46885.9,46243.9,46601.0,end_of_session,16.57,0.331,10207.06,46875.9,46687.4,188.5,16.55,2025-10,2025-10-07
235,2025-10-08 18:30:00,2025-10-08 23:00:00,long,46758.3,46495.3,47284.3,46618.1,end_of_session,-26.65,-0.533,10180.41,46752.8,46505.3,247.5,-26.650000000000002,2025-10,2025-10-08
236,2025-10-09 17:20:00,2025-10-09 23:00:00,short,46421.9,46697.9,45869.9,46358.3,end_of_session,11.52,0.23,10191.93,46687.9,46448.9,239.0,11.5,2025-10,2025-10-09
237,2025-10-10 17:55:00,2025-10-10 23:00:00,short,46234.1,46653.8,45394.69999999999,45476.1,end_of_session,90.3,1.806,10282.23,46643.8,46463.3,180.5,90.3,2025-10,2025-10-10
238,2025-10-13 18:15:00,2025-10-13 23:00:00,long,46048.4,45791.4,46562.4,46079.1,end_of_session,5.97,0.119,10288.2,46012.4,45801.4,211.0,5.949999999999999,2025-10,2025-10-13
239,2025-10-14 17:00:00,2025-10-14 19:45:00,long,45760.2,45440.7,46399.2,46399.2,tp,100.0,2.0,10388.2,45739.2,45450.7,288.5,100.0,2025-10,2025-10-14
240,2025-10-15 17:00:00,2025-10-15 18:35:00,long,46671.9,46414.9,47185.9,46412.9,sl,-50.39,-1.008,10337.81,46648.2,46424.9,223.3,-50.4,2025-10,2025-10-15
241,2025-10-16 17:05:00,2025-10-16 19:30:00,short,46284.5,46432.0,45989.5,45989.5,tp,100.0,2.0,10437.81,46422.0,46291.0,131.0,100.0,2025-10,2025-10-16
242,2025-10-17 18:10:00,2025-10-17 19:05:00,short,45907.1,46205.6,45310.1,46207.6,sl,-50.34,-1.007,10387.47,46195.6,45927.6,268.0,-50.349999999999994,2025-10,2025-10-17
243,2025-10-20 17:25:00,2025-10-20 23:00:00,long,46519.1,46339.6,46878.1,46711.0,end_of_session,53.45,1.069,10440.92,46490.1,46349.6,140.5,53.449999999999996,2025-10,2025-10-20
244,2025-10-21 17:05:00,2025-10-21 17:55:00,long,46803.3,46688.8,47032.3,47032.3,tp,100.0,2.0,10540.92,46798.8,46698.8,100.0,100.0,2025-10,2025-10-21
245,2025-10-22 17:25:00,2025-10-22 20:40:00,short,46786.4,46938.9,46481.4,46481.4,tp,100.0,2.0,10640.92,46928.9,46792.4,136.5,100.0,2025-10,2025-10-22
246,2025-10-23 17:15:00,2025-10-23 19:55:00,short,46498.6,46732.6,46030.6,46734.6,sl,-50.43,-1.009,10590.49,46722.6,46516.6,206.0,-50.449999999999996,2025-10,2025-10-23
247,2025-10-24 17:05:00,2025-10-24 23:00:00,long,47168.0,46913.0,47678.0,47218.1,end_of_session,9.82,0.196,10600.31,47150.5,46923.0,227.5,9.8,2025-10,2025-10-24
248,2025-10-27 22:45:00,2025-10-27 23:00:00,long,47531.0,47359.0,47875.0,47532.5,end_of_session,0.44,0.009,10600.75,47517.5,47369.0,148.5,0.44999999999999996,2025-10,2025-10-27
249,2025-10-28 20:00:00,2025-10-28 23:00:00,long,47934.9,47674.0,48456.700000000004,47715.0,end_of_session,-42.14,-0.843,10558.61,47916.5,47684.0,232.5,-42.15,2025-10,2025-10-28
250,2025-10-29 21:35:00,2025-10-29 23:00:00,short,47514.0,48053.0,46436.0,47653.0,end_of_session,-12.89,-0.258,10545.72,48043.0,47780.0,263.0,-12.9,2025-10,2025-10-29
251,2025-10-30 17:20:00,2025-10-30 23:00:00,long,47891.3,47390.3,48893.3,47507.8,end_of_session,-38.27,-0.765,10507.45,47873.3,47400.3,473.0,-38.25,2025-10,2025-10-30
252,2025-10-31 19:15:00,2025-10-31 22:20:00,short,47444.9,47644.9,47044.9,47646.9,sl,-50.5,-1.01,10456.95,47634.9,47476.9,158.0,-50.5,2025-10,2025-10-31
253,2025-11-03 17:10:00,2025-11-03 23:00:00,short,47348.6,47642.6,46760.6,47354.6,end_of_session,-1.02,-0.02,10455.93,47632.6,47357.6,275.0,-1.0,2025-11,2025-11-03
254,2025-11-04 17:00:00,2025-11-04 23:00:00,long,47191.9,46868.9,47837.9,47092.4,end_of_session,-15.4,-0.308,10440.53,47149.4,46878.9,270.5,-15.4,2025-11,2025-11-04
255,2025-11-05 19:00:00,2025-11-05 23:00:00,long,47283.4,47032.4,47785.4,47312.9,end_of_session,5.88,0.118,10446.41,47268.4,47042.4,226.0,5.8999999999999995,2025-11,2025-11-05
256,2025-11-06 17:00:00,2025-11-06 23:00:00,short,46938.4,47362.4,46090.4,46928.4,end_of_session,1.18,0.024,10447.59,47352.4,47040.4,312.0,1.2,2025-11,2025-11-06
257,2025-11-07 17:10:00,2025-11-07 18:10:00,long,46858.3,46639.8,47295.3,46637.8,sl,-50.46,-1.009,10397.13,46842.8,46649.8,193.0,-50.449999999999996,2025-11,2025-11-07
258,2025-11-10 17:15:00,2025-11-10 21:05:00,short,47101.0,47336.5,46630.0,47338.5,sl,-50.42,-1.008,10346.71,47326.5,47125.5,201.0,-50.4,2025-11,2025-11-10
259,2025-11-11 17:25:00,2025-11-11 20:00:00,long,47539.8,47382.3,47854.8,47854.8,tp,100.0,2.0,10446.71,47498.3,47392.3,106.0,100.0,2025-11,2025-11-11
260,2025-11-13 17:30:00,2025-11-13 20:15:00,short,48061.7,48237.7,47709.7,47709.7,tp,100.0,2.0,10546.71,48227.7,48090.7,137.0,100.0,2025-11,2025-11-13
261,2025-11-14 17:45:00,2025-11-14 23:00:00,long,47150.2,46845.6,47759.399999999994,47164.1,end_of_session,2.28,0.046,10548.99,47110.6,46855.6,255.0,2.3,2025-11,2025-11-14
262,2025-11-17 18:05:00,2025-11-17 22:00:00,short,46962.3,47221.8,46443.3,46443.3,tp,100.0,2.0,10648.99,47211.8,47002.8,209.0,100.0,2025-11,2025-11-17
263,2025-11-18 17:00:00,2025-11-18 20:10:00,short,45982.2,46329.7,45287.2,46331.7,sl,-50.29,-1.006,10598.7,46319.7,46048.2,271.5,-50.3,2025-11,2025-11-18
264,2025-11-19 17:00:00,2025-11-19 17:55:00,long,46210.5,46017.5,46596.5,46015.5,sl,-50.52,-1.01,10548.18,46206.0,46027.5,178.5,-50.5,2025-11,2025-11-19
265,2025-11-20 17:20:00,2025-11-20 18:10:00,long,46824.0,46592.8,47286.399999999994,46590.8,sl,-50.43,-1.009,10497.75,46818.8,46602.8,216.0,-50.449999999999996,2025-11,2025-11-20
266,2025-11-21 17:20:00,2025-11-21 20:50:00,long,46039.0,45771.5,46574.0,46574.0,tp,100.0,2.0,10597.75,46032.0,45781.5,250.5,100.0,2025-11,2025-11-21
267,2025-11-24 17:35:00,2025-11-24 23:00:00,long,46427.9,46089.9,47103.9,46435.7,end_of_session,1.15,0.023,10598.9,46402.9,46099.9,303.0,1.15,2025-11,2025-11-24
268,2025-11-25 17:40:00,2025-11-25 23:00:00,long,46802.1,46318.8,47768.69999999999,47107.5,end_of_session,31.6,0.632,10630.5,46783.6,46328.8,454.8,31.6,2025-11,2025-11-25
269,2025-11-26 17:55:00,2025-11-26 23:00:00,long,47428.6,47176.6,47932.6,47426.4,end_of_session,-0.44,-0.009,10630.06,47405.1,47186.6,218.5,-0.44999999999999996,2025-11,2025-11-26
270,2025-11-28 17:00:00,2025-12-01 01:00:00,long,47566.5,47456.5,47786.5,47719.4,end_of_session,69.5,1.39,10699.56,47562.0,47466.5,95.5,69.5,2025-12,2025-12-01
271,2025-12-01 17:25:00,2025-12-01 23:00:00,short,47385.7,47686.7,46783.7,47319.2,end_of_session,11.05,0.221,10710.61,47676.7,47401.7,275.0,11.05,2025-12,2025-12-01
272,2025-12-02 17:05:00,2025-12-02 23:00:00,long,47463.8,47252.6,47886.20000000001,47477.8,end_of_session,3.31,0.066,10713.92,47457.3,47262.6,194.7,3.3000000000000003,2025-12,2025-12-02
273,2025-12-03 17:00:00,2025-12-03 23:00:00,long,47602.6,47414.6,47978.6,47894.7,end_of_session,77.69,1.554,10791.61,47591.6,47424.6,167.0,77.7,2025-12,2025-12-03
274,2025-12-04 21:15:00,2025-12-04 23:00:00,short,47752.5,48069.6,47118.3,47846.5,end_of_session,-14.82,-0.296,10776.79,48059.6,47783.6,276.0,-14.799999999999999,2025-12,2025-12-04
275,2025-12-05 17:00:00,2025-12-05 19:35:00,long,48104.0,47868.5,48575.0,47866.5,sl,-50.42,-1.008,10726.37,48041.5,47878.5,163.0,-50.4,2025-12,2025-12-05
276,2025-12-08 18:00:00,2025-12-08 23:00:00,short,47729.8,47990.8,47207.8,47743.8,end_of_session,-2.68,-0.054,10723.69,47980.8,47770.3,210.5,-2.7,2025-12,2025-12-08
277,2025-12-09 19:35:00,2025-12-09 23:00:00,short,47664.8,47964.8,47064.8,47568.8,end_of_session,16.0,0.32,10739.69,47954.8,47716.8,238.0,16.0,2025-12,2025-12-09
278,2025-12-10 17:10:00,2025-12-10 22:30:00,long,47692.1,47443.1,48190.1,48190.1,tp,100.0,2.0,10839.69,47677.1,47453.1,224.0,100.0,2025-12,2025-12-10
279,2025-12-11 17:20:00,2025-12-11 23:00:00,long,48440.2,48109.2,49102.2,48708.2,end_of_session,40.48,0.81,10880.17,48431.7,48119.2,312.5,40.5,2025-12,2025-12-11
280,2025-12-12 17:10:00,2025-12-12 18:10:00,short,48735.2,48887.8,48429.999999999985,48429.999999999985,tp,100.0,2.0,10980.17,48877.8,48741.3,136.5,100.0,2025-12,2025-12-12
281,2025-12-15 17:00:00,2025-12-15 23:00:00,short,48440.8,48696.3,47929.8,48419.5,end_of_session,4.17,0.083,10984.34,48686.3,48478.8,207.5,4.15,2025-12,2025-12-15
282,2025-12-16 17:15:00,2025-12-16 23:00:00,short,48230.4,48471.4,47748.4,48098.7,end_of_session,27.32,0.546,11011.66,48461.4,48269.1,192.3,27.3,2025-12,2025-12-16
283,2025-12-17 17:40:00,2025-12-17 23:00:00,short,48127.9,48381.1,47621.50000000001,47887.2,end_of_session,47.53,0.951,11059.19,48371.1,48158.6,212.5,47.55,2025-12,2025-12-17
284,2025-12-18 17:35:00,2025-12-18 19:05:00,long,48319.7,48027.7,48903.7,48025.7,sl,-50.34,-1.007,11008.85,48313.4,48037.7,275.7,-50.349999999999994,2025-12,2025-12-18
285,2025-12-19 17:00:00,2025-12-19 23:00:00,long,48262.7,48036.7,48714.7,48130.5,end_of_session,-29.25,-0.585,10979.6,48220.2,48046.7,173.5,-29.25,2025-12,2025-12-19
286,2025-12-22 18:10:00,2025-12-22 23:00:00,long,48408.6,48180.6,48864.6,48357.7,end_of_session,-11.16,-0.223,10968.44,48378.6,48190.6,188.0,-11.15,2025-12,2025-12-22
287,2025-12-23 17:15:00,2025-12-23 23:00:00,long,48391.5,48220.0,48734.5,48436.4,end_of_session,13.09,0.262,10981.53,48378.0,48230.0,148.0,13.100000000000001,2025-12,2025-12-23
288,2025-12-24 17:20:00,2025-12-26 01:00:00,long,48595.4,48359.9,49066.4,48731.7,end_of_session,28.94,0.579,11010.47,48574.9,48369.9,205.0,28.95,2025-12,2025-12-26
289,2025-12-26 18:10:00,2025-12-26 23:00:00,short,48633.1,48775.1,48349.1,48698.6,end_of_session,-23.06,-0.461,10987.41,48765.1,48657.6,107.5,-23.05,2025-12,2025-12-26
290,2025-12-29 17:00:00,2025-12-29 23:00:00,short,48510.6,48708.6,48114.6,48476.5,end_of_session,8.61,0.172,10996.02,48698.6,48516.0,182.6,8.6,2025-12,2025-12-29
291,2025-12-31 17:10:00,2025-12-31 23:00:00,short,48207.8,48398.3,47826.8,48064.3,end_of_session,37.66,0.753,11033.68,48388.3,48228.8,159.5,37.65,2025-12,2025-12-31
292,2026-01-02 18:15:00,2026-01-02 23:00:00,long,48209.3,47807.6,49012.70000000001,48369.8,end_of_session,19.98,0.4,11053.66,48183.1,47817.6,365.5,20.0,2026-01,2026-01-02
293,2026-01-05 17:00:00,2026-01-05 23:00:00,long,48987.0,48422.0,50117.0,48988.1,end_of_session,0.1,0.002,11053.76,48961.0,48432.0,529.0,0.1,2026-01,2026-01-05
294,2026-01-06 17:00:00,2026-01-06 23:00:00,long,49115.1,48875.9,49593.49999999999,49459.9,end_of_session,72.07,1.441,11125.83,49094.9,48885.9,209.0,72.05,2026-01,2026-01-06
295,2026-01-07 17:00:00,2026-01-07 23:00:00,short,49289.8,49633.1,48603.20000000001,48999.9,end_of_session,42.22,0.844,11168.05,49623.1,49355.8,267.3,42.199999999999996,2026-01,2026-01-07
296,2026-01-08 17:05:00,2026-01-08 23:00:00,long,49151.3,48765.3,49923.3,49253.2,end_of_session,13.2,0.264,11181.25,49087.3,48775.3,312.0,13.200000000000001,2026-01,2026-01-08
297,2026-01-09 18:10:00,2026-01-09 23:00:00,long,49464.0,49210.2,49971.600000000006,49502.8,end_of_session,7.64,0.153,11188.89,49451.0,49220.2,230.8,7.6499999999999995,2026-01,2026-01-09
298,2026-01-12 17:40:00,2026-01-12 23:00:00,long,49354.9,48985.3,50094.1,49589.4,end_of_session,31.72,0.634,11220.61,49348.3,48995.3,353.0,31.7,2026-01,2026-01-12
299,2026-01-13 17:05:00,2026-01-13 23:00:00,short,49254.3,49609.3,48544.3,49191.3,end_of_session,8.87,0.177,11229.48,49599.3,49264.3,335.0,8.85,2026-01,2026-01-13
300,2026-01-14 17:00:00,2026-01-14 23:00:00,short,48982.1,49199.1,48548.1,49155.1,end_of_session,-39.86,-0.797,11189.62,49189.1,48989.9,199.2,-39.85,2026-01,2026-01-14
301,2026-01-15 17:05:00,2026-01-15 23:00:00,long,49410.5,49209.0,49813.5,49447.0,end_of_session,9.06,0.181,11198.68,49389.0,49219.0,170.0,9.049999999999999,2026-01,2026-01-15
302,2026-01-16 17:00:00,2026-01-16 23:00:00,short,49314.8,49619.8,48704.8,49358.5,end_of_session,-7.16,-0.143,11191.52,49609.8,49322.8,287.0,-7.1499999999999995,2026-01,2026-01-16
303,2026-01-19 18:05:00,2026-01-20 01:00:00,long,48980.8,48866.8,49208.8,48948.6,end_of_session,-14.12,-0.282,11177.4,48959.3,48876.8,82.5,-14.099999999999998,2026-01,2026-01-20
304,2026-01-20 17:20:00,2026-01-20 20:40:00,long,48827.4,48582.6,49317.00000000001,48580.6,sl,-50.41,-1.008,11126.99,48778.1,48592.6,185.5,-50.4,2026-01,2026-01-20
305,2026-01-21 17:00:00,2026-01-21 23:00:00,long,48832.8,48560.8,49376.8,49094.3,end_of_session,48.07,0.961,11175.06,48814.8,48570.8,244.0,48.05,2026-01,2026-01-21
306,2026-01-22 17:00:00,2026-01-22 19:30:00,short,49284.2,49594.2,48664.2,49596.2,sl,-50.32,-1.006,11124.74,49584.2,49295.2,289.0,-50.3,2026-01,2026-01-22
307,2026-01-23 19:55:00,2026-01-23 23:00:00,short,48969.4,49216.6,48475.00000000001,49095.4,end_of_session,-25.49,-0.51,11099.25,49206.6,48995.4,211.2,-25.5,2026-01,2026-01-23
308,2026-01-26 17:10:00,2026-01-26 23:00:00,long,49335.1,49134.6,49736.1,49402.3,end_of_session,16.76,0.335,11116.01,49325.6,49144.6,181.0,16.75,2026-01,2026-01-26
309,2026-01-27 17:15:00,2026-01-27 18:30:00,short,48928.1,49127.1,48530.1,49129.1,sl,-50.5,-1.01,11065.51,49117.1,48938.1,179.0,-50.5,2026-01,2026-01-27
310,2026-01-28 17:05:00,2026-01-28 23:00:00,short,48927.5,49150.7,48481.100000000006,49019.5,end_of_session,-20.61,-0.412,11044.9,49140.7,48964.7,176.0,-20.599999999999998,2026-01,2026-01-28
311,2026-01-29 17:05:00,2026-01-29 23:00:00,short,48913.8,49306.6,48128.20000000001,49018.9,end_of_session,-13.38,-0.268,11031.52,49296.6,48941.1,355.5,-13.4,2026-01,2026-01-29
312,2026-01-30 17:55:00,2026-01-30 23:00:00,short,48791.5,49049.3,48275.899999999994,48893.0,end_of_session,-19.69,-0.394,11011.83,49039.3,48819.8,219.5,-19.7,2026-01,2026-01-30
313,2026-02-02 17:15:00,2026-02-02 23:00:00,long,49217.0,48682.5,50286.0,49402.5,end_of_session,17.35,0.347,11029.18,49198.0,48692.5,505.5,17.349999999999998,2026-02,2026-02-02
314,2026-02-03 18:50:00,2026-02-03 23:00:00,short,49285.4,49660.6,48535.00000000001,49238.6,end_of_session,6.24,0.125,11035.42,49650.6,49305.1,345.5,6.25,2026-02,2026-02-03
315,2026-02-04 17:00:00,2026-02-04 17:25:00,short,49317.0,49642.0,48667.0,49644.0,sl,-50.31,-1.006,10985.11,49632.0,49326.0,306.0,-50.3,2026-02,2026-02-04
316,2026-02-05 17:05:00,2026-02-05 23:00:00,short,49080.2,49353.7,48533.2,48889.2,end_of_session,34.92,0.698,11020.03,49343.7,49138.7,205.0,34.9,2026-02,2026-02-05
317,2026-02-06 17:05:00,2026-02-06 23:00:00,long,49692.3,49200.0,50676.90000000001,50106.3,end_of_session,42.05,0.841,11062.08,49657.8,49210.0,447.8,42.05,2026-02,2026-02-06
318,2026-02-09 17:20:00,2026-02-09 23:00:00,long,50093.7,49816.2,50648.7,50122.7,end_of_session,5.23,0.105,11067.31,50064.7,49826.2,238.5,5.25,2026-02,2026-02-09
319,2026-02-10 20:25:00,2026-02-10 23:00:00,short,50185.1,50527.1,49501.1,50181.1,end_of_session,0.58,0.012,11067.89,50517.1,50207.9,309.2,0.6,2026-02,2026-02-10
320,2026-02-11 17:00:00,2026-02-11 23:00:00,short,50260.5,50507.0,49767.5,50121.9,end_of_session,28.11,0.562,11096.0,50497.0,50278.0,219.0,28.1,2026-02,2026-02-11
321,2026-02-12 17:30:00,2026-02-12 18:20:00,short,50211.9,50455.4,49724.9,49724.9,tp,100.0,2.0,11196.0,50445.4,50278.6,166.8,100.0,2026-02,2026-02-12
322,2026-02-13 17:05:00,2026-02-13 23:00:00,long,49495.6,49069.1,50348.6,49495.5,end_of_session,-0.01,-0.0,11195.99,49473.6,49079.1,394.5,-0.0,2026-02,2026-02-13
323,2026-02-16 17:00:00,2026-02-16 17:30:00,long,49666.2,49543.7,49911.2,49541.7,sl,-50.82,-1.016,11145.17,49657.7,49553.7,104.0,-50.8,2026-02,2026-02-16
324,2026-02-17 17:05:00,2026-02-17 23:00:00,short,49282.1,49726.4,48393.49999999999,49548.2,end_of_session,-29.95,-0.599,11115.22,49716.4,49316.1,400.3,-29.95,2026-02,2026-02-17
325,2026-02-18 17:05:00,2026-02-18 23:00:00,long,49812.3,49412.6,50611.70000000001,49659.0,end_of_session,-19.18,-0.384,11096.04,49804.8,49422.6,382.2,-19.2,2026-02,2026-02-18
326,2026-02-19 17:30:00,2026-02-19 18:45:00,long,49584.5,49325.5,50102.5,49323.5,sl,-50.39,-1.008,11045.65,49554.5,49335.5,219.0,-50.4,2026-02,2026-02-19
327,2026-02-20 17:00:00,2026-02-20 23:00:00,long,49559.5,49139.0,50400.5,49631.1,end_of_session,8.51,0.17,11054.16,49357.5,49149.0,208.5,8.5,2026-02,2026-02-20
328,2026-02-23 17:00:00,2026-02-23 23:00:00,short,49108.6,49722.3,47881.19999999999,48812.6,end_of_session,24.12,0.482,11078.28,49712.3,49213.6,498.7,24.099999999999998,2026-02,2026-02-23
329,2026-02-24 20:40:00,2026-02-24 23:00:00,long,49280.4,48744.9,50351.4,49182.4,end_of_session,-9.15,-0.183,11069.13,49261.4,48754.9,506.5,-9.15,2026-02,2026-02-24
330,2026-02-25 17:00:00,2026-02-25 18:50:00,short,49264.3,49443.5,48905.90000000001,49445.5,sl,-50.56,-1.011,11018.57,49433.5,49271.3,162.2,-50.55,2026-02,2026-02-25
331,2026-02-26 17:05:00,2026-02-26 23:00:00,short,49550.5,49841.0,48969.5,49500.2,end_of_session,8.66,0.173,11027.23,49831.0,49608.5,222.5,8.649999999999999,2026-02,2026-02-26
332,2026-03-02 17:00:00,2026-03-02 23:00:00,long,48815.2,48367.2,49711.2,48888.7,end_of_session,8.2,0.164,11035.43,48703.7,48377.2,326.5,8.200000000000001,2026-03,2026-03-02
333,2026-03-03 17:05:00,2026-03-03 18:40:00,short,47730.6,48141.6,46908.6,48143.6,sl,-50.24,-1.005,10985.19,48131.6,47749.6,382.0,-50.24999999999999,2026-03,2026-03-03
334,2026-03-04 17:20:00,2026-03-04 23:00:00,long,48814.4,48341.9,49759.4,48722.9,end_of_session,-9.68,-0.194,10975.51,48757.7,48351.9,405.8,-9.700000000000001,2026-03,2026-03-04
335,2026-03-05 17:15:00,2026-03-05 21:30:00,short,48204.8,48514.3,47585.8,47585.8,tp,100.0,2.0,11075.51,48504.3,48252.3,252.0,100.0,2026-03,2026-03-05
336,2026-03-06 17:25:00,2026-03-06 23:00:00,long,47345.3,46987.3,48061.3,47476.8,end_of_session,18.37,0.367,11093.88,47339.3,46997.3,342.0,18.35,2026-03,2026-03-06
337,2026-03-09 17:05:00,2026-03-09 18:15:00,short,46670.2,47099.0,45812.59999999999,47101.0,sl,-50.23,-1.005,11043.65,47089.0,46705.2,383.8,-50.24999999999999,2026-03,2026-03-09
338,2026-03-10 17:30:00,2026-03-10 23:00:00,long,47799.5,47438.8,48520.899999999994,47706.5,end_of_session,-12.89,-0.258,11030.76,47766.8,47448.8,318.0,-12.9,2026-03,2026-03-10
339,2026-03-11 17:20:00,2026-03-11 23:00:00,short,47352.7,47712.9,46632.29999999999,47421.5,end_of_session,-9.55,-0.191,11021.21,47702.9,47365.7,337.2,-9.55,2026-03,2026-03-11
340,2026-03-12 17:10:00,2026-03-12 17:25:00,long,46999.8,46778.3,47442.8,46776.3,sl,-50.45,-1.009,10970.76,46973.8,46788.3,185.5,-50.449999999999996,2026-03,2026-03-12
341,2026-03-13 17:05:00,2026-03-13 23:00:00,short,46879.4,47132.9,46372.4,46559.9,end_of_session,63.02,1.26,11033.78,47122.9,46897.4,225.5,63.0,2026-03,2026-03-13
342,2026-03-16 19:20:00,2026-03-16 23:00:00,short,46846.0,47158.2,46221.600000000006,46937.8,end_of_session,-14.7,-0.294,11019.08,47148.2,46856.7,291.5,-14.7,2026-03,2026-03-16
343,2026-03-17 17:10:00,2026-03-17 23:00:00,short,47188.2,47439.7,46685.2,47004.7,end_of_session,36.48,0.73,11055.56,47429.7,47233.2,196.5,36.5,2026-03,2026-03-17
344,2026-03-18 17:10:00,2026-03-18 23:00:00,short,46600.4,46894.9,46011.4,46212.9,end_of_session,65.79,1.316,11121.35,46884.9,46718.6,166.3,65.8,2026-03,2026-03-18
345,2026-03-19 17:25:00,2026-03-19 22:00:00,short,45754.6,46087.1,45089.6,46089.1,sl,-50.3,-1.006,11071.05,46077.1,45782.6,294.5,-50.3,2026-03,2026-03-19
346,2026-03-20 17:10:00,2026-03-20 23:00:00,short,45733.6,46073.6,45053.6,45604.2,end_of_session,19.03,0.381,11090.08,46063.6,45839.6,224.0,19.05,2026-03,2026-03-20
347,2026-03-23 17:15:00,2026-03-23 19:25:00,long,46573.2,46168.7,47382.2,46166.7,sl,-50.25,-1.005,11039.83,46528.2,46178.7,349.5,-50.24999999999999,2026-03,2026-03-23
348,2026-03-24 17:00:00,2026-03-24 23:00:00,long,46003.2,45748.2,46513.2,46133.2,end_of_session,25.49,0.51,11065.32,45919.2,45758.2,161.0,25.5,2026-03,2026-03-24
349,2026-03-26 17:30:00,2026-03-26 19:15:00,long,46538.2,46137.2,47340.2,46135.2,sl,-50.25,-1.005,11015.07,46521.7,46147.2,374.5,-50.24999999999999,2026-03,2026-03-26
350,2026-03-27 20:20:00,2026-03-27 23:00:00,short,45415.3,45769.1,44707.70000000001,45143.8,end_of_session,38.37,0.767,11053.44,45759.1,45430.1,329.0,38.35,2026-03,2026-03-27
351,2026-03-30 20:30:00,2026-03-30 23:00:00,short,45259.7,45637.7,44503.7,45213.7,end_of_session,6.08,0.122,11059.52,45627.7,45286.2,341.5,6.1,2026-03,2026-03-30
352,2026-03-31 17:50:00,2026-03-31 18:30:00,short,45519.9,45872.9,44813.9,45689.9,end_of_data,-24.08,-0.482,11035.44,45862.9,45529.1,333.8,-24.099999999999998,2026-03,2026-03-31
